report_schema_version,report_mode,internal_item_id,wordpress_public_id,item_name,barcode,internal_status,internal_quantity,website_projection,website_projection_status,square_variation_id,square_expected_count,square_count,square_projection_status,kiosk_projection,kiosk_projection_status,reserved_quantity,pending_failed_status,last_verified_sync_at_utc,mismatch_reason
1,connected,local-inventory-2775e8a7-059e-458b-a491-0f8f738bb48d,d23f627f-008d-c593-72fc-039356ab9ead,Black Lotus,PUG-38CDDEB6,sold,1,,not_recorded,,,,not_recorded,visibility=visible;status=sold;sellable_quantity=0,not_recorded,0,pending:external_sync_state,,website_projection_missing;kiosk_projection_not_recorded
1,connected,local-inventory-b18661db-7184-484e-a1a4-0d7033022cf4,8da010e9-ea8c-816c-5444-3e1193279004,Lion's Eye Diamond,PUG-845E4CDD,sold,0,,not_recorded,,,,not_recorded,visibility=visible;status=sold;sellable_quantity=0,not_recorded,0,synced,,website_projection_missing;kiosk_projection_not_recorded
1,connected,local-inventory-4afbc445-8153-44db-a755-7157b27ea4f4,6c3f9245-6879-a6db-1a5d-7b43038a2684,Charizard,PUG-7627C752,sold,1,,not_recorded,,,,not_recorded,visibility=visible;status=sold;sellable_quantity=0,not_recorded,0,pending:external_sync_state,,website_projection_missing;kiosk_projection_not_recorded
1,connected,local-inventory-c9a3c0a0-1e2d-4ea0-9173-8e3571f45554,3b87722c-c26e-c7cb-2ee7-358ad5a9e54d,Arid Mesa,PUG-B5B049A0,sold,1,,not_recorded,,,,not_recorded,visibility=visible;status=sold;sellable_quantity=0,not_recorded,0,pending:external_sync_state,,website_projection_missing;kiosk_projection_not_recorded
1,connected,local-inventory-a6be3f2d-6505-4a4c-85c2-446c60c1ee02,e3abcc0c-ecde-0a28-bd55-9754fd2b66db,Arid Mesa,PUG-04510A41,sold,0,,not_recorded,I4PVDRCB2JF4PNSBGLLVTUA6,0,0,not_recorded,visibility=visible;status=sold;sellable_quantity=0,not_recorded,0,no_sync_record,,website_projection_missing;kiosk_projection_not_recorded
1,connected,local-inventory-db01248f-93a0-4957-b819-d24fccaec594,16f6e1ee-5310-5c90-a0b2-51437fdc82c7,Blood Crypt,PUG-8C7CE572,available,1,,not_recorded,3YOAIUNKXYBBVDUDBDYSU53U,1,1,not_recorded,visibility=visible;status=available;sellable_quantity=1,not_recorded,0,synced,,website_projection_missing;kiosk_projection_not_recorded
1,connected,local-inventory-b08988ed-2b54-426b-92ff-9345cf6c3aae,ed49954c-dcd7-8988-217b-5f43cffea831,Blood Crypt,PUG-ACA32940-01,available,1,,not_recorded,XZOOAYZNQHJKPDAKBH7FRE3X,1,1,not_recorded,visibility=visible;status=available;sellable_quantity=1,not_recorded,0,synced,,website_projection_missing;kiosk_projection_not_recorded
1,connected,local-inventory-5398368f-2147-40d2-9ea8-83829aceeff4,1af45e70-cd3b-1dd9-e358-984db5a94623,Blood Crypt,PUG-ACA32940-02,available,1,,not_recorded,TE7AHLTHJ6BKSZNWT2UKKJGY,1,1,not_recorded,visibility=visible;status=available;sellable_quantity=1,not_recorded,0,synced,,website_projection_missing;kiosk_projection_not_recorded
1,connected,local-inventory-8b2a1423-eb87-42fb-91a2-22d2c7d34d15,6cce780a-ebb0-1298-888a-f7506b43bfdd,Bloodstained Mire,PUG-1C726C70,available,1,,not_recorded,SQY7RAMMBPORVI5J3WRFEETR,1,0,not_recorded,visibility=visible;status=available;sellable_quantity=1,not_recorded,0,synced,,website_projection_missing;square_count_mismatch;kiosk_projection_not_recorded
1,connected,local-inventory-c48b30f4-ddee-4856-aa65-8b25eff118f7,419cc79c-dfe8-9063-b5a0-f85259ec4a5b,"Boseiju, Who Endures",PUG-ECA752D9-01,available,1,,not_recorded,NQRSCQCC2FIWP6XIQI2HAAU3,1,1,not_recorded,visibility=visible;status=available;sellable_quantity=1,not_recorded,0,synced,,website_projection_missing;kiosk_projection_not_recorded
1,connected,local-inventory-0d4b988a-a1f4-4876-8589-4ba5e281bada,ce7b7438-efd0-91d4-f8e4-472864624478,"Boseiju, Who Endures",PUG-ECA752D9-02,available,1,,not_recorded,QUYVO52GCCGHRKMMZNCTVIPM,1,1,not_recorded,visibility=visible;status=available;sellable_quantity=1,not_recorded,0,synced,,website_projection_missing;kiosk_projection_not_recorded
1,connected,local-inventory-09c7ca25-dcf9-4cfd-af78-8300fb826328,e13f6710-1e52-5583-7bae-207aab6600ca,"Boseiju, Who Endures",PUG-ECA752D9-03,available,1,,not_recorded,MVYPCKJSHZ7E5KPUSSIEDP4T,1,1,not_recorded,visibility=visible;status=available;sellable_quantity=1,not_recorded,0,synced,,website_projection_missing;kiosk_projection_not_recorded
1,connected,local-inventory-d07057b4-7376-4862-9200-d7ac2c06910c,e8018864-f743-510c-1b4e-95d1129816df,Dragonskull Summit,PUG-3053C078,available,1,,not_recorded,6ZQWQRWPVRU5CUWB3AY35DO4,1,0,not_recorded,visibility=visible;status=available;sellable_quantity=1,not_recorded,0,synced,,website_projection_missing;square_count_mismatch;kiosk_projection_not_recorded
1,connected,8fcccdae-da4c-afd6-e9b5-38819842547b,8fcccdae-da4c-afd6-e9b5-38819842547b,Dispatch,PUG-B48331F4,removed,1,,not_recorded,TE67ASVISWHSP63HZVUFADHF,0,0,not_recorded,visibility=hidden;status=removed;sellable_quantity=0,not_recorded,0,synced,,website_projection_missing;kiosk_projection_not_recorded
1,connected,local-inventory-160ce38d-0085-4e78-9719-17d56fd3073b,7a80adfa-7c51-591c-8ac6-1a835ccc0959,Greninja,PUG-C6852C58,available,1,,not_recorded,3CI6DDWW66MXXL5SCOEDJ6M6,1,1,not_recorded,visibility=visible;status=available;sellable_quantity=1,not_recorded,0,synced,,website_projection_missing;kiosk_projection_not_recorded
1,connected,local-inventory-269b8489-7b5e-4fb4-bcbf-196221bdf3cb,29642288-eaba-de06-bf8e-9438208b7c33,Exotic Orchard,PUG-01F6272C,sold,0,,not_recorded,2SYCYMKZDUTACZZCOJTUPXOB,0,0,not_recorded,visibility=visible;status=sold;sellable_quantity=0,not_recorded,0,no_sync_record,,website_projection_missing;kiosk_projection_not_recorded
1,connected,local-inventory-ddfe2c4e-80ae-47c7-ab4e-4a308c3379af,75dc1205-e8ad-8876-fb75-aa1db0cdc670,Fabled Passage,PUG-72750399,sold,1,,not_recorded,,,,not_recorded,visibility=visible;status=sold;sellable_quantity=0,not_recorded,0,synced,,website_projection_missing;kiosk_projection_not_recorded
1,connected,local-inventory-ed6d779a-727e-46be-b23d-e3e16450421a,cc7cb8d9-5cd1-fb67-1c99-d28c6ac783ef,Fabled Passage,PUG-0CA9DCF0,available,1,status=available;quantity=1;online=visible;kiosk=visible,not_recorded,QM3HC2DVO2UUTB6WWTAHH75O,1,1,not_recorded,visibility=visible;status=available;sellable_quantity=1,not_recorded,0,synced,,kiosk_projection_not_recorded
1,connected,local-inventory-e3e9d89d-4894-4444-9bfe-5afbb9ebd8da,19ceb251-ba92-a171-f112-8d11683c35f0,Mega Gengar ex,PUG-BF07FEEA,sold,1,,not_recorded,,,,not_recorded,visibility=visible;status=sold;sellable_quantity=0,not_recorded,0,synced,,website_projection_missing;kiosk_projection_not_recorded
1,connected,local-inventory-340728c8-c394-4f11-b970-06a61c17f180,cbf1fe50-21e0-e674-cf61-21b189c59878,Leafeon V,PUG-BC9A78D5,available,1,,not_recorded,D255D7RJMDVPD3EDGN2DKGJM,1,1,not_recorded,visibility=visible;status=available;sellable_quantity=1,not_recorded,0,synced,,website_projection_missing;kiosk_projection_not_recorded
1,connected,local-inventory-d403727e-4ff1-44ee-adf4-f8642ba88d0c,6083e316-ff18-2797-1d9c-d6d0a2120872,Mega Gengar ex,PUG-9F46406F,available,1,status=available;quantity=1;online=visible;kiosk=visible,not_recorded,HQFHJC4FWDDC6UPJHFGOQ5X7,1,1,not_recorded,visibility=visible;status=available;sellable_quantity=1,not_recorded,0,synced,,kiosk_projection_not_recorded
1,connected,local-inventory-1e75d5b9-b385-412b-bcb4-f16558d973d6,53c154c4-579a-8301-cc34-db455d2aaf8f,Forest // Forest,PUG-1F103BF4,available,1,,not_recorded,TOLDUENDQMOY2HRYLB45AMXZ,1,1,not_recorded,visibility=visible;status=available;sellable_quantity=1,not_recorded,0,synced,,website_projection_missing;kiosk_projection_not_recorded
1,connected,local-inventory-56e8831e-5320-4336-921e-8fb26a29cce5,be4e861b-18a1-79a0-d92a-ce328ad51de8,Leafeon VMAX,PUG-EA657913,available,1,,not_recorded,G2NFRI2LO5TRQTZHMPN7LQLM,1,1,not_recorded,visibility=visible;status=available;sellable_quantity=1,not_recorded,0,synced,,website_projection_missing;kiosk_projection_not_recorded
1,connected,local-inventory-6c77d208-1e07-4836-8118-510e469b0afd,36468976-4e4d-91dc-2c34-b5125f9d9140,Grove of the Burnwillows,PUG-D3A11F57,available,1,,not_recorded,MZVSVHUJPV43BIRVCNKZB2RY,1,1,not_recorded,visibility=visible;status=available;sellable_quantity=1,not_recorded,0,synced,,website_projection_missing;kiosk_projection_not_recorded
1,connected,local-inventory-a33d1714-b2b5-4ffa-8d6b-67e4b1819a94,0e92a73a-893f-8906-ed65-59241fcfe593,N's Zoroark ex,PUG-4406C2E2,available,1,,not_recorded,RDAQMCW3EB4LZI4EV2QHDKL2,1,1,not_recorded,visibility=visible;status=available;sellable_quantity=1,not_recorded,0,synced,,website_projection_missing;kiosk_projection_not_recorded
1,connected,local-inventory-43deedae-0e51-43f6-8ca9-8e33dcb1a21c,60993b4f-1cce-61df-3c61-5948ece6dce7,Zeraora V,PUG-C49C73B9,removed,1,,not_recorded,,,,not_recorded,visibility=hidden;status=removed;sellable_quantity=0,not_recorded,0,synced,,website_projection_missing;kiosk_projection_not_recorded
1,connected,local-inventory-7ccf024c-9f2c-4bc0-be10-64ed46992b36,356d78dd-74c2-66eb-6d01-6d26f99077d0,Eevee,PUG-9AC83DFD,available,1,,not_recorded,LLTN3FRTMBRSNG6B3WT4VSNL,1,1,not_recorded,visibility=visible;status=available;sellable_quantity=1,not_recorded,0,synced,,website_projection_missing;kiosk_projection_not_recorded
1,connected,local-inventory-98e66a02-6f1e-4f5a-8f5f-e3ae7b6f397c,008c21e8-38ba-4f20-e18c-1fe05ec0b283,Aerodactyl V,PUG-96563789,available,1,,not_recorded,4BSTL3L2PURQDDZL3L6PJN5O,1,1,not_recorded,visibility=visible;status=available;sellable_quantity=1,not_recorded,0,synced,,website_projection_missing;kiosk_projection_not_recorded
1,connected,local-inventory-86a95a1f-5166-436d-8b1a-96310f95ec91,bcf23286-92b1-b83e-9b32-539367a39842,Hallowed Fountain,PUG-A65F5D59,sold,0,,not_recorded,XRMT6VQH4G5CM4P6CACOFWD2,0,0,not_recorded,visibility=visible;status=sold;sellable_quantity=0,not_recorded,0,no_sync_record,,website_projection_missing;kiosk_projection_not_recorded
1,connected,local-inventory-dbddf01b-fa9c-481f-9352-40c9341f0fcd,44646cf7-6b8d-a8d0-7c73-c30ad941b538,Hallowed Fountain,PUG-0F2FC587,available,1,,not_recorded,VLRM3FNU42RSG54OGEVTV2QR,1,1,not_recorded,visibility=visible;status=available;sellable_quantity=1,not_recorded,0,synced,,website_projection_missing;kiosk_projection_not_recorded
1,connected,local-inventory-c6f1b7c1-9fc2-4d6e-9bbb-08d6eb052d0a,8e2f5318-7e76-ddab-2718-cf304b05ea34,Hallowed Fountain,PUG-5D71B1B5,sold,1,,not_recorded,,,,not_recorded,visibility=visible;status=sold;sellable_quantity=0,not_recorded,0,synced,,website_projection_missing;kiosk_projection_not_recorded
1,connected,local-inventory-6aafb5e2-9b44-4603-a9ae-8c78863868b3,31cddf16-a829-f78e-a876-24ad7b647153,Hallowed Fountain,PUG-0FFB2FC0,available,1,,not_recorded,AEBDLZFWS7U2HPCLSQ6IFC5E,1,0,not_recorded,visibility=visible;status=available;sellable_quantity=1,not_recorded,0,synced,,website_projection_missing;square_count_mismatch;kiosk_projection_not_recorded
1,connected,local-inventory-952fe308-5d5b-4f57-9b3c-52a3e616266c,ab65f01e-9bd7-d501-b864-b4fd35c316c1,Hallowed Fountain,PUG-7230DF34,available,1,,not_recorded,IOBHFG4KJ727W76THWJDXIKA,1,1,not_recorded,visibility=visible;status=available;sellable_quantity=1,not_recorded,0,synced,,website_projection_missing;kiosk_projection_not_recorded
1,connected,local-inventory-78483bd2-f23a-401b-aedd-676ba5976085,e1f686fe-d0e1-db41-b541-6e4dad59169e,Sabrina's Suggestion,PUG-0C92CAF9,available,1,,not_recorded,UJODE2KO5X2CCKR6HHF22GT2,1,1,not_recorded,visibility=visible;status=available;sellable_quantity=1,not_recorded,0,synced,,website_projection_missing;kiosk_projection_not_recorded
1,connected,local-inventory-2a3ed0d4-69fc-4446-851f-e3627f6c6623,a6caf2ca-efb8-1311-386c-fd98e867d683,Dusclops,PUG-5CD16EAE,removed,1,,not_recorded,,,,not_recorded,visibility=hidden;status=removed;sellable_quantity=0,not_recorded,0,synced,,website_projection_missing;kiosk_projection_not_recorded
1,connected,local-inventory-fa628388-1743-4bcc-9c2d-c89b461e1e49,9cdda499-9b75-de41-f9a8-85358dd8a95a,Hushwood Verge,PUG-CC1A967F,available,1,status=available;quantity=1;online=visible;kiosk=visible,not_recorded,4GPZ73T5IAAXISNJB7GIQJ2P,1,1,not_recorded,visibility=visible;status=available;sellable_quantity=1,not_recorded,0,synced,,kiosk_projection_not_recorded
1,connected,local-inventory-54baa8a0-ab07-46aa-a2d4-d4554c759d50,2562a497-100c-926c-fdd0-2a8824688beb,Shining Steelix,PUG-949576E2,available,1,,not_recorded,UO7HVVMY2S7QNS4AEXQFLOOY,1,1,not_recorded,visibility=visible;status=available;sellable_quantity=1,not_recorded,0,no_sync_record,,website_projection_missing;kiosk_projection_not_recorded
1,connected,local-inventory-b186f4f5-f986-4909-a929-7268e967ffe1,33a441e2-c81a-f9a5-55a7-0c7f83cefbb4,Hushwood Verge,PUG-93E0DBC4-01,available,1,status=available;quantity=1;online=visible;kiosk=visible,not_recorded,O7SF7QDVU6TEP4FO3SKDAEJC,1,1,not_recorded,visibility=visible;status=available;sellable_quantity=1,not_recorded,0,synced,,kiosk_projection_not_recorded
1,connected,local-inventory-6dc27c11-d87f-4970-9753-f171689dba64,22ba2b19-a315-649d-5ffe-66327181699f,Hushwood Verge,PUG-93E0DBC4-02,available,1,,not_recorded,OAFLHBXGJDFAHDGVUTRSIBC7,1,1,not_recorded,visibility=visible;status=available;sellable_quantity=1,not_recorded,0,synced,,website_projection_missing;kiosk_projection_not_recorded
1,connected,local-inventory-148a6c43-777a-47c1-8239-e5ce54896279,3f2db5d9-5224-1357-81ba-541be437d1f0,Hushwood Verge,PUG-30A75E30,available,1,,not_recorded,BH56TLA66NZNZHST4NIELMNO,1,1,not_recorded,visibility=visible;status=available;sellable_quantity=1,not_recorded,0,synced,,website_projection_missing;kiosk_projection_not_recorded
1,connected,local-inventory-65a98a7c-0f2e-4356-9f67-51f1c38295bf,4247c29d-7ca1-952f-85b5-1c4770a82cae,Mishra's Factory,PUG-03D61BB1,available,1,,not_recorded,HUMZBYGOKWKG5UYKJTT5YHXG,1,1,not_recorded,visibility=visible;status=available;sellable_quantity=1,not_recorded,0,synced,,website_projection_missing;kiosk_projection_not_recorded
1,connected,local-inventory-8d81ab66-0ec9-42fd-9bda-31c8bf9d2638,155ec748-2379-0786-f39a-98855485fbca,Treecko δ,PUG-17E159F2,available,1,,not_recorded,O6G6DOBY5CNF65Y533DWOY7S,1,1,not_recorded,visibility=visible;status=available;sellable_quantity=1,not_recorded,0,synced,,website_projection_missing;kiosk_projection_not_recorded
1,connected,local-inventory-e61c8ff2-ec44-464d-942f-6b382861a430,739a635d-e82a-551f-b1b5-492d84d0978e,Nurturing Peatland,PUG-684A029E,available,1,,not_recorded,2MCPSH4ASE5IGD3FJASG7NVU,1,1,not_recorded,visibility=visible;status=available;sellable_quantity=1,not_recorded,0,synced,,website_projection_missing;kiosk_projection_not_recorded
1,connected,local-inventory-0ec4c52b-b31a-4855-9e37-2515c71b5070,92dea7b7-1d5f-d0ee-f018-be6c54300324,Overgrown Tomb,PUG-968D8948,sold,1,,not_recorded,,,,not_recorded,visibility=visible;status=sold;sellable_quantity=0,not_recorded,0,synced,,website_projection_missing;kiosk_projection_not_recorded
1,connected,local-inventory-c06acc3a-f8b2-4afc-a31d-b2791733fb50,b779f273-ed6b-bb04-cc89-a6cbd2608adf,Electrike,PUG-4389E217,available,1,,not_recorded,DTQVDMXRD6M3GJU7SMMNJSDJ,1,1,not_recorded,visibility=visible;status=available;sellable_quantity=1,not_recorded,0,synced,,website_projection_missing;kiosk_projection_not_recorded
1,connected,local-inventory-1b31c7d9-4331-44f5-a2fb-13ff55202074,7c139042-0315-fbbd-a45f-d916b2dcdf66,Overgrown Tomb,PUG-D4C6AE84,sold,0,,not_recorded,N5KT2PL5FZH2TNA3645LT2LN,0,0,not_recorded,visibility=visible;status=sold;sellable_quantity=0,not_recorded,0,no_sync_record,,website_projection_missing;kiosk_projection_not_recorded
1,connected,local-inventory-3904cda8-7680-4a16-bc1e-f7ed78f3d9d3,8ed086de-ce77-6f74-522b-eb29fa8721e8,Raucous Theater,PUG-17271F37,available,1,,not_recorded,GI5QDUGVTURIDIAYOMXCXGEP,1,1,not_recorded,visibility=visible;status=available;sellable_quantity=1,not_recorded,0,synced,,website_projection_missing;kiosk_projection_not_recorded
1,connected,local-inventory-f0bf589f-1ccf-4bc8-83ec-dd09c6d45dc1,9fe3b6e3-5bed-3719-177e-73a9b9052218,Raucous Theater,PUG-A9A05213,available,1,,not_recorded,WQIA4ET6FUWYUGJM5DCSODYJ,1,1,not_recorded,visibility=visible;status=available;sellable_quantity=1,not_recorded,0,synced,,website_projection_missing;kiosk_projection_not_recorded
1,connected,local-inventory-8d005387-9815-4ed4-90a4-713403543495,9545d8ad-f992-d02c-5728-d274b1e9d3e6,Blastoise,PUG-5B7AFF73,available,1,,not_recorded,AT4NPI7YPOFKECWMG6CGGO53,1,1,not_recorded,visibility=visible;status=available;sellable_quantity=1,not_recorded,0,synced,,website_projection_missing;kiosk_projection_not_recorded
1,connected,local-inventory-46c75cc4-d623-4d55-941f-ac671b8605fa,21ac5258-be97-ebe3-2751-6d1b78c5d59c,Riverglide Pathway // Lavaglide Pathway,PUG-625A0F57-01,available,1,,not_recorded,ZIBQH3XJTLDOQW5XSS7TZJ5G,1,1,not_recorded,visibility=visible;status=available;sellable_quantity=1,not_recorded,0,synced,,website_projection_missing;kiosk_projection_not_recorded
1,connected,local-inventory-bd6ed28f-fdc8-4dd7-9b88-75269fa0f59d,9b4f7c1a-c055-6bd1-0ca5-b618360f3617,Riverglide Pathway // Lavaglide Pathway,PUG-625A0F57-02,available,1,,not_recorded,BU257ABBVPZPHYE2SHABQMC2,1,1,not_recorded,visibility=visible;status=available;sellable_quantity=1,not_recorded,0,synced,,website_projection_missing;kiosk_projection_not_recorded
1,connected,local-inventory-4a18a5c2-5aaa-4c2b-a687-a8add2d07b10,016b8cb4-558e-8850-c02b-47b4eec3770d,Riverglide Pathway // Lavaglide Pathway,PUG-625A0F57-03,available,1,,not_recorded,7XZ2C5AXKGMCURLCJKVK4CLK,1,1,not_recorded,visibility=visible;status=available;sellable_quantity=1,not_recorded,0,synced,,website_projection_missing;kiosk_projection_not_recorded
1,connected,local-inventory-201591c8-ae9d-47a9-a93c-32a173b39554,828a8c88-043c-5044-c188-e5f9cb76a734,Riverglide Pathway // Lavaglide Pathway,PUG-625A0F57-04,available,1,,not_recorded,G4HPX2OYRIHGYGZNBOIKSY4Y,1,1,not_recorded,visibility=visible;status=available;sellable_quantity=1,not_recorded,0,synced,,website_projection_missing;kiosk_projection_not_recorded
1,connected,local-inventory-14c5f3dc-3e28-4e3f-bb95-f36daddba86f,2b95ef1e-421e-b259-b8bf-557583cf37c5,Riverglide Pathway // Lavaglide Pathway,PUG-625A0F57-05,available,1,,not_recorded,IUQZG5UKVA3KV3KK6C2BGRQ2,1,1,not_recorded,visibility=visible;status=available;sellable_quantity=1,not_recorded,0,synced,,website_projection_missing;kiosk_projection_not_recorded
1,connected,local-inventory-e174c23b-7e00-4554-97af-caf6d30965db,56dba082-403e-4b60-e348-9ea69524a1bc,Aerodactyl ex,PUG-DFB5CA67,available,1,,not_recorded,WSWB6DMPOKKJN3VH52BOQIJ5,1,1,not_recorded,visibility=visible;status=available;sellable_quantity=1,not_recorded,0,synced,,website_projection_missing;kiosk_projection_not_recorded
1,connected,local-inventory-4b770bff-3e59-4cab-b86f-ff2beaf8add3,85a969a1-38fe-db9c-eef9-bd78c79a037d,Hop,PUG-A5F1E9F1,available,1,,not_recorded,MJ4KINHJV24TQV23PBZAKO3H,1,0,not_recorded,visibility=visible;status=available;sellable_quantity=1,not_recorded,0,synced,,website_projection_missing;square_count_mismatch;kiosk_projection_not_recorded
1,connected,local-inventory-ff0bcb60-079d-4622-acc9-dc62f8405305,69e2ab76-cb5d-e956-bc4e-155bf57db687,Sacred Foundry,PUG-7404938B,sold,0,,not_recorded,GHTX2CMUB5JEUXQIXT2LXT2A,0,0,not_recorded,visibility=visible;status=sold;sellable_quantity=0,not_recorded,0,no_sync_record,,website_projection_missing;kiosk_projection_not_recorded
1,connected,local-inventory-daf72a77-b216-4683-8bac-73a4d96e8f82,6b420579-ae0f-b0f9-a9b5-a85f66e8b95c,Sacred Foundry,PUG-63A54955,available,1,,not_recorded,RX7BTVD3SDRGRNI5OXOVJJ2P,1,1,not_recorded,visibility=visible;status=available;sellable_quantity=1,not_recorded,0,synced,,website_projection_missing;kiosk_projection_not_recorded
1,connected,local-inventory-5a007b2f-68cd-47d6-8d18-d254c261e7fe,10710e58-7990-0e6a-7216-613331051a50,Charizard ex,PUG-5822E332,removed,1,,not_recorded,,,,not_recorded,visibility=hidden;status=removed;sellable_quantity=0,not_recorded,0,synced,,website_projection_missing;kiosk_projection_not_recorded
1,connected,local-inventory-2adaf3ae-3d25-46f9-a3b1-2f41aaea1f55,cb1787b0-6856-eee4-b598-59dafb50e39e,Lileep,PUG-977B6213,sold,0,,not_recorded,OAUZ5DBK6P5Z4MHF6AEVJJBQ,0,0,not_recorded,visibility=visible;status=sold;sellable_quantity=0,not_recorded,0,no_sync_record,,website_projection_missing;kiosk_projection_not_recorded
1,connected,local-inventory-ac4670a3-7c8e-4dc1-a0f6-1c976b4b42d2,720a1552-0ac0-cbf9-9664-5e2963b51076,Umbreon,PUG-FFE45DFF,available,1,,not_recorded,E5CAQMXNWU2KVUJJI6UNFBHE,1,1,not_recorded,visibility=visible;status=available;sellable_quantity=1,not_recorded,0,synced,,website_projection_missing;kiosk_projection_not_recorded
1,connected,local-inventory-265435a8-a041-45e7-85c0-1be04b0a8c23,68e4901a-3fb8-1c88-3ee8-f450be88131f,Spara's Headquarters,PUG-6A8378B0,sold,0,,not_recorded,ZZIVJP6HGOCZS7UB25AKTNRJ,0,0,not_recorded,visibility=visible;status=sold;sellable_quantity=0,not_recorded,0,no_sync_record,,website_projection_missing;kiosk_projection_not_recorded
1,connected,local-inventory-bb936667-4e1f-4a02-a1c4-c38a34cd6d78,d847d2c6-7fd2-e07c-8d1d-45f01089e610,Rocket's Sneak Attack,PUG-5DF00CEF,available,1,,not_recorded,VQ4A43AM65Z2BFJJGW7BR66A,1,1,not_recorded,visibility=visible;status=available;sellable_quantity=1,not_recorded,0,synced,,website_projection_missing;kiosk_projection_not_recorded
1,connected,local-inventory-9eb2e56e-3256-4107-9903-dc38f0d35f75,e563a616-40cb-344a-1660-37c3a199440f,Spectator Seating,PUG-DE0011FD,available,1,,not_recorded,QABBJQXICR5L3L5BEOQTUJW2,1,1,not_recorded,visibility=visible;status=available;sellable_quantity=1,not_recorded,0,synced,,website_projection_missing;kiosk_projection_not_recorded
1,connected,local-inventory-f1d73cff-e16a-4a27-9eda-57fa28ed1b0b,f44edca3-96f9-4c7c-b348-17c6b06dd833,Orbeetle V,PUG-3918EEB0,available,1,,not_recorded,BHZMZ74QFUIGDJPGK4TBDAYI,1,1,not_recorded,visibility=visible;status=available;sellable_quantity=1,not_recorded,0,synced,,website_projection_missing;kiosk_projection_not_recorded
1,connected,local-inventory-101351a2-2b3f-4ec7-9320-5a0061be75a5,4f0cb6b6-23e7-fa6f-2b94-d4df11b904c6,Spectator Seating,PUG-83977EE0-01,available,1,,not_recorded,CUYKTYNRXH7DWLCBWHFFTXUL,1,0,not_recorded,visibility=visible;status=available;sellable_quantity=1,not_recorded,0,synced,,website_projection_missing;square_count_mismatch;kiosk_projection_not_recorded
1,connected,local-inventory-7cfd4ade-79c0-4c06-a8d6-b6e8dcbcfda9,074406a8-00a6-06b4-d296-47ffee32b2ba,Spectator Seating,PUG-83977EE0-02,available,1,,not_recorded,IEYCC2ZLOZH5RMLLLJUPXJQF,1,1,not_recorded,visibility=visible;status=available;sellable_quantity=1,not_recorded,0,synced,,website_projection_missing;kiosk_projection_not_recorded
1,connected,local-inventory-51dacc9f-6e8a-49d5-a841-2377915aac57,fb425d6e-2977-d258-b6c8-773475c7e459,Lugia ex,PUG-CF3E099C,available,1,,not_recorded,3PFLO6OVXBRUIDXMSR2KMXZX,1,1,not_recorded,visibility=visible;status=available;sellable_quantity=1,not_recorded,0,synced,,website_projection_missing;kiosk_projection_not_recorded
1,connected,local-inventory-68958da8-7a2f-4bef-ba98-0c2f17e2be55,1822d806-e691-8733-312a-f1690306fdbf,Alolan Exeggutor V,PUG-CFC57DA9,available,8,,not_recorded,BAOZA7FXWH533JQ4HT7FSKGT,8,8,not_recorded,visibility=visible;status=available;sellable_quantity=8,not_recorded,0,synced,,website_projection_missing;kiosk_projection_not_recorded
1,connected,local-inventory-aaa1913e-c84c-4c8d-b404-a32209b96bec,23023bed-c8db-db96-71f9-902bc454e569,Squirtle,PUG-0701B7A4,available,1,,not_recorded,Q5NWHVAE4OWXH3OOP46F2TVX,1,1,not_recorded,visibility=visible;status=available;sellable_quantity=1,not_recorded,0,synced,,website_projection_missing;kiosk_projection_not_recorded
1,connected,local-inventory-212511c0-c1ca-470b-b2f3-7b6fc30ba0ab,fa3bc380-9bb8-b19f-e063-5501bfbdb560,Tepig,PUG-AD26FC23-01,available,3,,not_recorded,KU7XSNC46HDPR2AMGJ77L4PX,3,3,not_recorded,visibility=visible;status=available;sellable_quantity=3,not_recorded,0,synced,,website_projection_missing;kiosk_projection_not_recorded
1,connected,local-inventory-49482127-55b8-4b3c-9f77-8e3b2e1705ed,f37bfd9d-6919-cf82-6ce3-d8e9f51e265d,Tepig,PUG-AD26FC23-02,removed,0,,not_recorded,5XHAAVUTQQ6Q52ZZJ6FKVD2F,0,0,not_recorded,visibility=hidden;status=removed;sellable_quantity=0,not_recorded,0,synced,,website_projection_missing;kiosk_projection_not_recorded
1,connected,local-inventory-119b0813-5d6e-49c0-bec4-15d5c6062152,10a51874-18c8-8363-1864-98ba09180daf,ピカチュウ,PUG-22E140F2,available,1,,not_recorded,H6P3IPO7PZS653QMTXUXQQK7,1,0,not_recorded,visibility=visible;status=available;sellable_quantity=1,not_recorded,0,synced,,website_projection_missing;square_count_mismatch;kiosk_projection_not_recorded
1,connected,local-inventory-345a44cf-8017-4666-962d-0e99283603df,11b2f264-df87-6271-300f-cbcf26f22f5d,Morpeko V-UNION,PUG-B5EE5EB9,removed,1,,not_recorded,LFSRKDAQ4SOGC6GAPHION44G,0,0,not_recorded,visibility=hidden;status=removed;sellable_quantity=0,not_recorded,0,synced,,website_projection_missing;kiosk_projection_not_recorded
1,connected,local-inventory-3df20d8d-ebac-40ec-9e58-c3c0cd11b4e1,533f6024-54c2-15c1-f4ec-2ee252412234,Zapdos ex,PUG-227313BA-01,available,22,,not_recorded,PCIRGS7JV4CEXH6HQRZT4HCL,22,22,not_recorded,visibility=visible;status=available;sellable_quantity=22,not_recorded,0,synced,,website_projection_missing;kiosk_projection_not_recorded
1,connected,local-inventory-f37d2b6c-824f-4283-893d-31f0e533b704,81226626-f6a1-0d12-3851-f5f57d5bfc76,Zapdos ex,PUG-227313BA-02,removed,0,,not_recorded,7LP2P5RAIXLXBPDQHL7JJAVJ,0,0,not_recorded,visibility=hidden;status=removed;sellable_quantity=0,not_recorded,0,synced,,website_projection_missing;kiosk_projection_not_recorded
1,connected,local-inventory-e8dd748b-c91c-462f-8f7b-06b51acba945,ae989e8d-486d-5205-22e1-e1f2406112a3,Zapdos ex,PUG-227313BA-03,removed,0,,not_recorded,J453ZDTGVCPPJGNN44IYQDJM,0,0,not_recorded,visibility=hidden;status=removed;sellable_quantity=0,not_recorded,0,synced,,website_projection_missing;kiosk_projection_not_recorded
1,connected,local-inventory-930d53a3-99ad-400b-88e9-36190409800c,cc4c3b10-7e42-3482-0529-a38d046c8b7f,Cufant,PUG-899CB51C-01,removed,1,,not_recorded,,,,not_recorded,visibility=hidden;status=removed;sellable_quantity=0,not_recorded,0,synced,,website_projection_missing;kiosk_projection_not_recorded
1,connected,local-inventory-248025a2-abdd-4f30-8b04-4e5ee4a02c4d,4d262f96-2e14-9362-e3a1-7eb021d1fff4,Cufant,PUG-899CB51C-02,removed,1,,not_recorded,,,,not_recorded,visibility=hidden;status=removed;sellable_quantity=0,not_recorded,0,synced,,website_projection_missing;kiosk_projection_not_recorded
1,connected,local-inventory-41f1f97a-d218-4674-a30a-191b2c83c016,5a2eab2e-76bb-6140-bd6b-f34bf6aea145,Cufant,PUG-0B7F8A19-01,removed,1,,not_recorded,,,,not_recorded,visibility=hidden;status=removed;sellable_quantity=0,not_recorded,0,synced,,website_projection_missing;kiosk_projection_not_recorded
1,connected,local-inventory-16011510-92e2-49d4-9365-3d9bc562f63e,946f95bc-ddd1-f3f8-f4ad-cbe4776befd2,Cufant,PUG-0B7F8A19-02,removed,1,,not_recorded,,,,not_recorded,visibility=hidden;status=removed;sellable_quantity=0,not_recorded,0,synced,,website_projection_missing;kiosk_projection_not_recorded
1,connected,local-inventory-b069e2d1-b0c5-46be-ba51-9591f3777e71,d64a32e9-647e-7c95-d524-f965a9b2f990,Cufant,PUG-0B7F8A19-03,removed,1,,not_recorded,,,,not_recorded,visibility=hidden;status=removed;sellable_quantity=0,not_recorded,0,synced,,website_projection_missing;kiosk_projection_not_recorded
1,connected,local-inventory-71cfce1a-64c1-40e3-84a7-ac1742e2c520,d0bbb2f7-0c14-d57e-f320-5ba50cbb474c,Cufant,PUG-0B7F8A19-04,removed,1,,not_recorded,,,,not_recorded,visibility=hidden;status=removed;sellable_quantity=0,not_recorded,0,synced,,website_projection_missing;kiosk_projection_not_recorded
1,connected,local-inventory-1d198553-60aa-4442-958e-c8c980f53967,ad596944-a200-80c8-288f-778de1d5ed7d,Cufant,PUG-0B7F8A19-05,removed,1,,not_recorded,,,,not_recorded,visibility=hidden;status=removed;sellable_quantity=0,not_recorded,0,synced,,website_projection_missing;kiosk_projection_not_recorded
1,connected,local-inventory-0de7f30f-52d7-4da7-b518-390a3305e861,82d2d5d2-546c-be22-3966-a13016dc2206,Cufant,PUG-0B7F8A19-06,removed,1,,not_recorded,,,,not_recorded,visibility=hidden;status=removed;sellable_quantity=0,not_recorded,0,synced,,website_projection_missing;kiosk_projection_not_recorded
1,connected,local-inventory-a5a85401-4597-4321-b468-284021d3d2fc,9b76cbe9-e610-c3c1-dd4d-794936136f43,Lairon,PUG-9CAB5028,removed,1,,not_recorded,,,,not_recorded,visibility=hidden;status=removed;sellable_quantity=0,not_recorded,0,synced,,website_projection_missing;kiosk_projection_not_recorded
1,connected,local-inventory-79bb32a2-1687-44b1-887e-bf41351c1756,91a96ede-b5ce-e73b-bbb6-8ad5bbbe744a,Spectator Seating,PUG-7AD76071,sold,0,,not_recorded,T2OYEAZUXAW2RS4ZL2OEYBMF,0,0,not_recorded,visibility=visible;status=sold;sellable_quantity=0,not_recorded,0,no_sync_record,,website_projection_missing;kiosk_projection_not_recorded
1,connected,local-inventory-db400726-ed38-4537-9936-885856fa5de9,e4e8a7b0-a409-daa7-bb80-733595f10e86,Crobat,PUG-5AB2DCD5,available,1,,not_recorded,IURFROG4C5XYRXJT7TTFKZOS,1,1,not_recorded,visibility=visible;status=available;sellable_quantity=1,not_recorded,0,synced,,website_projection_missing;kiosk_projection_not_recorded
1,connected,local-inventory-97e817b3-4daf-486f-ac13-fc6b39bda6ea,f27bb5d3-f66f-d2d8-fffd-db5afbb1bfdc,Steam Vents,PUG-7D757EC3,available,1,,not_recorded,ZJC72ORK3JAYQ5Y4Y4FEMFUF,1,1,not_recorded,visibility=visible;status=available;sellable_quantity=1,not_recorded,0,synced,,website_projection_missing;kiosk_projection_not_recorded
1,connected,local-inventory-981a8bae-95a7-4977-be73-2166c4717bb4,8d57c116-787c-deee-e8d2-7edcec50c5d7,Stomping Ground,PUG-BAC70443,available,1,,not_recorded,P4TWLFPRUNEIET5QDGQBCJMY,1,1,not_recorded,visibility=visible;status=available;sellable_quantity=1,not_recorded,0,synced,,website_projection_missing;kiosk_projection_not_recorded
1,connected,local-inventory-4370f9b5-44c9-4d7f-8be9-bc3db9621214,576aa55c-256c-c84d-e36f-4cde74df2089,Stomping Ground,PUG-E5ADF5A2,available,1,,not_recorded,AOM62IPDGIFKQXAP4PQDMAHY,1,1,not_recorded,visibility=visible;status=available;sellable_quantity=1,not_recorded,0,synced,,website_projection_missing;kiosk_projection_not_recorded
1,connected,local-inventory-63e79dd6-69dc-4670-8cc8-554e328cca1d,5068e84a-c4c3-0820-9295-a8edc50a5ded,Stomping Ground,PUG-9DAC1867,available,1,,not_recorded,YF4MAEUMR3UNK4ORGWXA6RBL,1,1,not_recorded,visibility=visible;status=available;sellable_quantity=1,not_recorded,0,synced,,website_projection_missing;kiosk_projection_not_recorded
1,connected,local-inventory-29927488-966e-4613-97c7-09af1b38e741,800d08f6-2470-2aab-bfd1-f5dd0b368261,Stomping Ground,PUG-BB777AA6-01,available,1,,not_recorded,L2BCM4NIRFLPRXE3IOBTDMHI,1,1,not_recorded,visibility=visible;status=available;sellable_quantity=1,not_recorded,0,synced,,website_projection_missing;kiosk_projection_not_recorded
1,connected,local-inventory-9c8d0aa6-d16b-45e6-b34b-da86cd3ebe67,88c46abe-8938-faf8-f76e-a8c731bcf194,Stomping Ground,PUG-BB777AA6-02,available,1,,not_recorded,6DKBE2BQS5G6SV66OAKZNHFF,1,1,not_recorded,visibility=visible;status=available;sellable_quantity=1,not_recorded,0,synced,,website_projection_missing;kiosk_projection_not_recorded
1,connected,local-inventory-6515d714-7637-4f25-b5fc-e70c02e68484,6b544c0f-a9f8-6943-8bdc-7bb2f22d2d42,Stomping Ground,PUG-45EF64F6,sold,0,,not_recorded,5UW24HHEZN6UNBO5ADAWCKCO,0,0,not_recorded,visibility=visible;status=sold;sellable_quantity=0,not_recorded,0,no_sync_record,,website_projection_missing;kiosk_projection_not_recorded
1,connected,local-inventory-b7edfc35-8f74-4d9c-813c-f0c1819a92cb,af87c40b-5428-f715-7e11-b92dbe2d5b97,Crabominable V,PUG-602B7138,removed,0,,not_recorded,5TOFYYYDRQCRPXEY6NR5WKLW,0,0,not_recorded,visibility=hidden;status=removed;sellable_quantity=0,not_recorded,0,synced,,website_projection_missing;kiosk_projection_not_recorded
1,connected,local-inventory-88a0dcc1-bd28-4d37-8b11-b0aaa1eff91d,e62b5956-6a99-f295-1ed9-15e022ae299d,Crabominable V,PUG-362A8210-01,removed,0,,not_recorded,UI6TC4CV4EON76MRW7QYL6GX,0,0,not_recorded,visibility=hidden;status=removed;sellable_quantity=0,not_recorded,0,synced,,website_projection_missing;kiosk_projection_not_recorded
1,connected,local-inventory-8681123b-8253-473f-97bb-0c498ebcdc3d,d9265390-635d-066e-4dfa-ade903219fde,Crabominable V,PUG-362A8210-02,available,3,,not_recorded,G7A2XVYSVPMNUAEDKXQTTURZ,3,3,not_recorded,visibility=visible;status=available;sellable_quantity=3,not_recorded,0,synced,,website_projection_missing;kiosk_projection_not_recorded
1,connected,local-inventory-50b0c172-47e9-4e31-af29-5c33ecf0e3cc,cd01f3c9-fc27-7b7a-107b-d3bba9492d9a,Cramorant V,PUG-C8EDAD82-01,removed,0,,not_recorded,K5LZA2EF2VVLHRBGOA4RW6ZH,0,0,not_recorded,visibility=hidden;status=removed;sellable_quantity=0,not_recorded,0,synced,,website_projection_missing;kiosk_projection_not_recorded
1,connected,local-inventory-db6daad7-3538-4e82-9427-0cef69effbda,2b2b4978-3aaa-e5ff-8f30-bc7599fcc7de,Cramorant V,PUG-C8EDAD82-02,removed,0,,not_recorded,FVTD2F3F5MXXBJI3KUF4FFYI,0,0,not_recorded,visibility=hidden;status=removed;sellable_quantity=0,not_recorded,0,synced,,website_projection_missing;kiosk_projection_not_recorded
1,connected,local-inventory-3a23b4d0-4f45-4a5d-a080-0db86735ca5f,878234b4-cdad-bc05-ddc4-6b4e6243f45f,Cramorant V,PUG-C8EDAD82-03,available,6,,not_recorded,KRN6NNH3HN5YJON2CZSFKMXG,6,5,not_recorded,visibility=visible;status=available;sellable_quantity=6,not_recorded,0,synced,,website_projection_missing;square_count_mismatch;kiosk_projection_not_recorded
1,connected,local-inventory-79023075-aeb5-4420-9675-5aae4193fe5f,f5df09a1-50dd-3635-ebb3-d0476d04916d,Cramorant V,PUG-C8EDAD82-04,removed,0,,not_recorded,RQRBDQD4WCDYZ67EPFLUGISO,0,0,not_recorded,visibility=hidden;status=removed;sellable_quantity=0,not_recorded,0,synced,,website_projection_missing;kiosk_projection_not_recorded
1,connected,local-inventory-10864b46-fda6-40d4-9c7a-f8d21d28713d,824f24a5-dac6-1c3a-033d-ce7a0ac11dde,Drapion V,PUG-3FAB6A93-01,available,9,,not_recorded,HYTIP26ZMXU5FF4NFHQHZPXT,9,9,not_recorded,visibility=visible;status=available;sellable_quantity=9,not_recorded,0,synced,,website_projection_missing;kiosk_projection_not_recorded
1,connected,local-inventory-e372f543-5be7-4beb-a7c9-eea6856279ed,11ba64b4-3ad5-214e-2e7e-32d217638092,Drapion V,PUG-3FAB6A93-02,removed,0,,not_recorded,XWE7PJXRI6R4XFBKSCZ5SBMP,0,0,not_recorded,visibility=hidden;status=removed;sellable_quantity=0,not_recorded,0,synced,,website_projection_missing;kiosk_projection_not_recorded
1,connected,local-inventory-cc44cd1c-d947-4b2b-adab-af85fde1f60e,e1c01d79-2286-2900-497e-8714d5138a18,Drapion V,PUG-3FAB6A93-03,removed,0,,not_recorded,LEFYY3DFJCHOF72U443VAEKW,0,0,not_recorded,visibility=hidden;status=removed;sellable_quantity=0,not_recorded,0,synced,,website_projection_missing;kiosk_projection_not_recorded
1,connected,local-inventory-6ddf9330-ae49-48a6-a711-aab9b942afa4,e5ca677c-1a2c-dfe3-a95b-b00450ca7db4,Drapion V,PUG-3FAB6A93-04,removed,0,,not_recorded,GRDVORH5YLFIB7D4G2XP5UGX,0,0,not_recorded,visibility=hidden;status=removed;sellable_quantity=0,not_recorded,0,synced,,website_projection_missing;kiosk_projection_not_recorded
1,connected,local-inventory-4d63bc00-553b-4141-9b9a-ae19194b3132,d1f87704-f958-90f3-b07e-6c193d933ee9,Drapion V,PUG-3FAB6A93-05,removed,0,,not_recorded,RKX44E5W7K6SNFLOOMZJ4KUW,0,0,not_recorded,visibility=hidden;status=removed;sellable_quantity=0,not_recorded,0,synced,,website_projection_missing;kiosk_projection_not_recorded
1,connected,local-inventory-983b3d02-cb6f-4994-98c6-8881a3a6ae49,bfb051d1-3fdf-d36c-fdb4-9948d1afdbc3,Eldegoss V,PUG-692017C2,available,1,,not_recorded,WXN5QTGWGX36IV553RRQCMT4,1,1,not_recorded,visibility=visible;status=available;sellable_quantity=1,not_recorded,0,synced,,website_projection_missing;kiosk_projection_not_recorded
1,connected,local-inventory-f76dab8a-f1c8-400e-9cde-74976373612b,77a37923-e9c2-ce05-3a23-8caa2af41187,Squirtle,PUG-5EFF58BC,available,1,,not_recorded,27PPXA56V7EQRQLAD64LYJTU,1,1,not_recorded,visibility=visible;status=available;sellable_quantity=1,not_recorded,0,synced,,website_projection_missing;kiosk_projection_not_recorded
1,connected,local-inventory-4f3c5118-eae5-46a2-a51f-2a115fa65f21,f14ddb40-f3de-1c2a-725d-870904f2cf6a,Honchkrow V,PUG-6A715A26-01,available,3,,not_recorded,MDMQCAJU2ESTUK2WIIENUKBE,3,2,not_recorded,visibility=visible;status=available;sellable_quantity=3,not_recorded,0,synced,,website_projection_missing;square_count_mismatch;kiosk_projection_not_recorded
1,connected,local-inventory-5b7d8eae-4069-4606-8c99-32c037d4e7d2,2ded8607-b129-210b-212a-d2cae7ca708e,Honchkrow V,PUG-6A715A26-02,removed,0,,not_recorded,M7LU735CCBHNXSY6AZAJQFEJ,0,0,not_recorded,visibility=hidden;status=removed;sellable_quantity=0,not_recorded,0,synced,,website_projection_missing;kiosk_projection_not_recorded
1,connected,local-inventory-73dfc9af-57ea-407c-a795-6a7eb3ed90c0,fd0c0c07-0890-0650-140e-1c966a442e5e,Honchkrow V,PUG-6A715A26-03,removed,0,,not_recorded,ZRY2C3KAGSS5L5RO6HMRAKVC,0,0,not_recorded,visibility=hidden;status=removed;sellable_quantity=0,not_recorded,0,synced,,website_projection_missing;kiosk_projection_not_recorded
1,connected,local-inventory-63efcae5-ce70-4e9b-bb46-240f5eb8ea0f,2fd87959-a6d4-087c-a126-2298e1dc3dd5,Inteleon V,PUG-BB49F869,removed,1,,not_recorded,,,,not_recorded,visibility=hidden;status=removed;sellable_quantity=0,not_recorded,0,synced,,website_projection_missing;kiosk_projection_not_recorded
1,connected,local-inventory-79617c44-470a-4505-8b64-fa43fe3de961,f4658721-a0b8-8444-be89-0b2fde479997,Sabo,PUG-89273668,available,1,,not_recorded,AGBQHGVQKUCLA3OB7JWIBDXW,1,1,not_recorded,visibility=visible;status=available;sellable_quantity=1,not_recorded,0,synced,,website_projection_missing;kiosk_projection_not_recorded
1,connected,local-inventory-ac2ed645-f0ba-4d67-b548-3f3560bc26f1,6c3873d8-67a9-9c4e-b0df-192e5d9b0e49,Kleavor V,PUG-584863CD-01,removed,0,,not_recorded,JVZNAGJYH2NAH3RDQNCWLAZT,0,0,not_recorded,visibility=hidden;status=removed;sellable_quantity=0,not_recorded,0,synced,,website_projection_missing;kiosk_projection_not_recorded
1,connected,local-inventory-7cc63491-ebf1-43dc-81b2-6490b7e93383,90628265-5fd9-dd25-5aa1-f6d161a22166,Kleavor V,PUG-584863CD-02,available,1,,not_recorded,7XFDMUDD3XVHPYFCSK6EJKFS,1,1,not_recorded,visibility=visible;status=available;sellable_quantity=1,not_recorded,0,synced,,website_projection_missing;kiosk_projection_not_recorded
1,connected,local-inventory-a8e8abc2-e97e-4917-98dc-71738521f62c,8b28f5f2-1773-2486-79bf-d59fe66867be,Kyogre V,PUG-DE3D4AEB-01,removed,0,,not_recorded,,,,not_recorded,visibility=hidden;status=removed;sellable_quantity=0,not_recorded,0,synced,,website_projection_missing;kiosk_projection_not_recorded
1,connected,local-inventory-2f25f973-71b8-4dbd-86eb-5eb77e71de02,5ef67983-e139-854f-5ccb-6b824c6baa69,Kyogre V,PUG-DE3D4AEB-02,removed,5,,not_recorded,,,,not_recorded,visibility=hidden;status=removed;sellable_quantity=0,not_recorded,0,synced,,website_projection_missing;kiosk_projection_not_recorded
1,connected,local-inventory-6f06eb1c-53b9-4dc2-afab-6b8ec0f79f4e,d5aa5d4e-e7c2-7aba-3a68-9f4250544042,Kyogre V,PUG-DE3D4AEB-03,removed,0,,not_recorded,,,,not_recorded,visibility=hidden;status=removed;sellable_quantity=0,not_recorded,0,synced,,website_projection_missing;kiosk_projection_not_recorded
1,connected,local-inventory-df845fb7-8671-479e-8f65-01cb217a5153,72fcf305-4cb4-924b-c51e-8f2e2b0a3820,Kyogre V,PUG-DE3D4AEB-04,removed,0,,not_recorded,,,,not_recorded,visibility=hidden;status=removed;sellable_quantity=0,not_recorded,0,synced,,website_projection_missing;kiosk_projection_not_recorded
1,connected,local-inventory-71941c5b-9229-4413-9818-c23a445cf020,46d68c9e-aa10-8530-02e6-a0d12db2056d,Kyogre V,PUG-DE3D4AEB-05,removed,0,,not_recorded,,,,not_recorded,visibility=hidden;status=removed;sellable_quantity=0,not_recorded,0,synced,,website_projection_missing;kiosk_projection_not_recorded
1,connected,local-inventory-6eac27c0-ae11-4c43-8303-8279090f107f,0d3d3aa8-6ace-ea23-6ceb-43d5ff5a598f,Kyogre V,PUG-DE3D4AEB-06,removed,0,,not_recorded,,,,not_recorded,visibility=hidden;status=removed;sellable_quantity=0,not_recorded,0,synced,,website_projection_missing;kiosk_projection_not_recorded
1,connected,local-inventory-911d40c0-9379-4e24-99d2-a219176858ad,bab9bab7-d9d7-f3e2-f285-6ec9791e739f,Galarian Darmanitan V,PUG-AD647BBE-01,removed,0,,not_recorded,LBVWDPGWGDQWNXP4ZUXIIKKE,0,0,not_recorded,visibility=hidden;status=removed;sellable_quantity=0,not_recorded,0,synced,,website_projection_missing;kiosk_projection_not_recorded
1,connected,local-inventory-e1320f55-9d9f-4843-baba-b1da65a707cd,46016062-b7c2-9bf9-6934-ba51b2c8a08b,Galarian Darmanitan V,PUG-AD647BBE-02,removed,0,,not_recorded,YNUG2ZAZPYMTSDD6PJ2H66B7,0,0,not_recorded,visibility=hidden;status=removed;sellable_quantity=0,not_recorded,0,synced,,website_projection_missing;kiosk_projection_not_recorded
1,connected,local-inventory-a1fc6741-3575-4ff8-8211-ec593a018474,77f5339f-fa5d-b42b-f15f-6b37d2fc07b7,Galarian Darmanitan V,PUG-AD647BBE-03,removed,0,,not_recorded,OEAM7P3DDMLGQBL3KV7UYOBQ,0,0,not_recorded,visibility=hidden;status=removed;sellable_quantity=0,not_recorded,0,synced,,website_projection_missing;kiosk_projection_not_recorded
1,connected,local-inventory-111979ca-c888-4108-9c27-f5e1311b5b3f,c2e58920-a4a2-d6ee-7e1d-fbd0378ae3b6,Galarian Darmanitan V,PUG-AD647BBE-04,available,4,,not_recorded,SDEWUAZFGXZPCFXG2ZIHFB47,4,4,not_recorded,visibility=visible;status=available;sellable_quantity=4,not_recorded,0,synced,,website_projection_missing;kiosk_projection_not_recorded
1,connected,local-inventory-b5dfb958-a285-468d-9479-7e5b994997f9,65a154a9-02a9-6588-1e6a-160c7bb637ab,Dhelmise V,PUG-3DAA9544-01,removed,0,,not_recorded,JF5A2HII6TBLPD7R5P5PEQE2,0,0,not_recorded,visibility=hidden;status=removed;sellable_quantity=0,not_recorded,0,synced,,website_projection_missing;kiosk_projection_not_recorded
1,connected,local-inventory-8b972c88-5997-4c3a-a75f-83a40dbf8c40,0033ddc4-2b03-6567-e202-00bcf0bce339,Dhelmise V,PUG-3DAA9544-02,removed,0,,not_recorded,FQ3O335VJ5UFIVNYFLK3N3NR,0,0,not_recorded,visibility=hidden;status=removed;sellable_quantity=0,not_recorded,0,synced,,website_projection_missing;kiosk_projection_not_recorded
1,connected,local-inventory-6709bc4f-a24b-4a06-91cc-1c3647e8a500,432f0550-3b55-c7ac-c122-629646b8e105,Dhelmise V,PUG-3DAA9544-03,sold,0,,not_recorded,4E3NCOMOPDCLKZTTNBRLXSJM,0,10,not_recorded,visibility=visible;status=sold;sellable_quantity=0,not_recorded,0,pending:external_sync_state,,website_projection_missing;square_count_mismatch;kiosk_projection_not_recorded
1,connected,local-inventory-875f9d0e-8d18-4112-8428-b28315740c77,8a815695-8d2f-d6b7-9584-8335f7717d9e,Dhelmise V,PUG-3DAA9544-04,removed,0,,not_recorded,XT5LISRTK7B75NA2D3SCNBXS,0,0,not_recorded,visibility=hidden;status=removed;sellable_quantity=0,not_recorded,0,synced,,website_projection_missing;kiosk_projection_not_recorded
1,connected,local-inventory-c725ece2-9ff2-402c-b458-a7007e26850f,adb24939-7374-d5c6-c4ae-ce0e2cc77275,Monkey.D.Luffy,PUG-7F8EFF72-01,removed,1,,not_recorded,,,,not_recorded,visibility=hidden;status=removed;sellable_quantity=0,not_recorded,0,synced,,website_projection_missing;kiosk_projection_not_recorded
1,connected,local-inventory-b5731b43-7861-487f-92bf-37055cf5fa56,d7fab1c4-ae5f-7021-5ec1-79104fc149be,Monkey.D.Luffy,PUG-7F8EFF72-02,removed,1,,not_recorded,,,,not_recorded,visibility=hidden;status=removed;sellable_quantity=0,not_recorded,0,synced,,website_projection_missing;kiosk_projection_not_recorded
1,connected,local-inventory-5de1dee6-c630-4399-9f5f-2c595ba75d5d,5cb5ee8b-fe41-3c3d-edfd-ca2c50e68635,Brook,PUG-7DFEB6DF,sold,0,,not_recorded,TCSYSBBY2BHB5Z2YB6X43M57,0,1,not_recorded,visibility=visible;status=sold;sellable_quantity=0,not_recorded,0,pending:external_sync_state,,website_projection_missing;square_count_mismatch;kiosk_projection_not_recorded
1,connected,local-inventory-e06612d0-71fe-4897-9b19-d52ac978b2eb,66ebef59-c13f-1a11-0e7a-9d092d206c58,Sundown Pass,PUG-563FD781,available,1,,not_recorded,7Q7PEY5E6N2QELLFAARJIMGA,1,1,not_recorded,visibility=visible;status=available;sellable_quantity=1,not_recorded,0,synced,,website_projection_missing;kiosk_projection_not_recorded
1,connected,local-inventory-cd9cbd2e-98a3-4ae2-a3b6-3ffa7518c2e2,af2992a8-b781-e55a-710b-1a4c731e6a3a,Monkey.D.Luffy,PUG-217321C7,removed,1,,not_recorded,,,,not_recorded,visibility=hidden;status=removed;sellable_quantity=0,not_recorded,0,synced,,website_projection_missing;kiosk_projection_not_recorded
1,connected,local-inventory-0e4511fb-8906-4038-8755-f10344ce08ea,e87459fd-d87b-404f-ba38-83f9c1c355ee,"Takenuma, Abandoned Mire",PUG-59510F1D-01,available,1,,not_recorded,VNKDJE5PHUKF3R4V4SUQ75O7,1,0,not_recorded,visibility=visible;status=available;sellable_quantity=1,not_recorded,0,synced,,website_projection_missing;square_count_mismatch;kiosk_projection_not_recorded
1,connected,local-inventory-a6bbee9b-1c2f-4654-9c46-8478cd3e7a4f,d69a00ca-9e7d-94cc-235d-f0339578ca58,"Takenuma, Abandoned Mire",PUG-59510F1D-02,available,1,,not_recorded,2NTN3F52AB7Z3KE65OK56BSB,1,1,not_recorded,visibility=visible;status=available;sellable_quantity=1,not_recorded,0,synced,,website_projection_missing;kiosk_projection_not_recorded
1,connected,local-inventory-209c13f3-e6cc-4087-ad16-48f968a158d8,dd3b31e5-daa4-f323-ec23-bdabb4323c6a,Monkey.D.Luffy,PUG-FE2993FD,removed,1,,not_recorded,,,,not_recorded,visibility=hidden;status=removed;sellable_quantity=0,not_recorded,0,synced,,website_projection_missing;kiosk_projection_not_recorded
1,connected,local-inventory-1e394dff-70f4-401c-ae18-1c2f7e18cef5,bb38b48d-224e-8358-9cf4-168aa9682417,Temple Garden,PUG-528F2F82,sold,0,,not_recorded,KXQ3CKRAD2EKK5IFGF6WI2K5,0,0,not_recorded,visibility=visible;status=sold;sellable_quantity=0,not_recorded,0,no_sync_record,,website_projection_missing;kiosk_projection_not_recorded
1,connected,local-inventory-a15c10af-fc83-4679-a858-2fa800571447,dd117cc7-950e-eecc-b932-615b47f322a8,Magnezone V,PUG-642F574E-01,removed,0,,not_recorded,MUBXFXO6LG2QOKJAFPWWHV54,0,0,not_recorded,visibility=hidden;status=removed;sellable_quantity=0,not_recorded,0,synced,,website_projection_missing;kiosk_projection_not_recorded
1,connected,local-inventory-47da64dc-41f5-4b5c-8a5a-7194eb940d5f,bac19347-1ae4-65bf-4b09-627aa2d00410,Magnezone V,PUG-642F574E-02,removed,0,,not_recorded,IPMIUBVX3B3WUP25JMDHREQD,0,0,not_recorded,visibility=hidden;status=removed;sellable_quantity=0,not_recorded,0,synced,,website_projection_missing;kiosk_projection_not_recorded
1,connected,local-inventory-92cd975c-9e5d-4d7d-818c-4a7c8354f845,45f12960-a734-a999-e1c5-f58df1846499,Magnezone V,PUG-642F574E-03,removed,0,,not_recorded,MYQO57PDLJB7UWLVTMHF4OTQ,0,0,not_recorded,visibility=hidden;status=removed;sellable_quantity=0,not_recorded,0,synced,,website_projection_missing;kiosk_projection_not_recorded
1,connected,local-inventory-b93ac453-832c-4d0a-9b1f-2c101eaa9e58,9a9a0ae5-f13d-4f54-a6ea-c5200e2d60a4,Magnezone V,PUG-642F574E-04,removed,0,,not_recorded,QAGETLETP3TVL35DU3XF3TYD,0,0,not_recorded,visibility=hidden;status=removed;sellable_quantity=0,not_recorded,0,synced,,website_projection_missing;kiosk_projection_not_recorded
1,connected,local-inventory-f437ce93-d0b3-4a0f-8ae2-072ca9374e73,5319e4b4-3753-1081-a901-cf864e06126b,Magnezone V,PUG-642F574E-05,removed,0,,not_recorded,HX4E3RQZM6LSVQOQ5GLW4JEI,0,0,not_recorded,visibility=hidden;status=removed;sellable_quantity=0,not_recorded,0,synced,,website_projection_missing;kiosk_projection_not_recorded
1,connected,local-inventory-042af733-bedb-4d6d-8bbf-6c747384fdf5,b7f27823-7081-52a8-d1e7-ee20f5f84935,Magnezone V,PUG-642F574E-06,available,21,,not_recorded,6QP7PBY7VB7Q6X2SCCKJR3PW,21,20,not_recorded,visibility=visible;status=available;sellable_quantity=21,not_recorded,0,synced,,website_projection_missing;square_count_mismatch;kiosk_projection_not_recorded
1,connected,local-inventory-25c220b3-3e5b-4742-aa66-d5beb1cedf7d,0190cc90-2ced-1b8a-88fd-d074d0316c8f,"Urborg, Tomb of Yawgmoth",PUG-BAFDD0DD,removed,1,,not_recorded,KEGLZRXHS3G2N2FXYAAVXO43,0,0,not_recorded,visibility=hidden;status=removed;sellable_quantity=0,not_recorded,0,synced,,website_projection_missing;kiosk_projection_not_recorded
1,connected,local-inventory-7b127dcd-a417-4bbc-ba2e-a983ab0a298c,b69b3679-7742-52f7-30d2-6a5b9590bce6,Edward.Newgate,PUG-A6C107E2,available,1,,not_recorded,E7ELSJJNCYLVYSFTKZJ3VGPG,1,1,not_recorded,visibility=visible;status=available;sellable_quantity=1,not_recorded,0,synced,,website_projection_missing;kiosk_projection_not_recorded
1,connected,local-inventory-e043c4ff-d98f-4e64-8356-29385c1ca8bf,085cd8aa-1147-f11a-1fb0-7c37c0202fe7,Medicham V,PUG-9E78ECAF-01,removed,0,,not_recorded,JU3ZG5DD6SEW7ZB4SBUR5X6D,0,0,not_recorded,visibility=hidden;status=removed;sellable_quantity=0,not_recorded,0,synced,,website_projection_missing;kiosk_projection_not_recorded
1,connected,local-inventory-63b2a7ba-d909-46ba-8fa3-17885cfe9efa,c5da8281-ff80-b5b8-e4d2-6077698df04a,Medicham V,PUG-9E78ECAF-02,available,4,,not_recorded,IS5WXWWC6S4JGNKRYKHAAFPI,4,3,not_recorded,visibility=visible;status=available;sellable_quantity=4,not_recorded,0,synced,,website_projection_missing;square_count_mismatch;kiosk_projection_not_recorded
1,connected,local-inventory-c7ab8ba1-9be3-4945-91b7-f9b26a34c746,9173ab8f-f624-d8e1-b05f-df3dca9249b0,Medicham V,PUG-9E78ECAF-03,removed,0,,not_recorded,OGAMS75N4H5NZLFE3CJSAVNV,0,0,not_recorded,visibility=hidden;status=removed;sellable_quantity=0,not_recorded,0,synced,,website_projection_missing;kiosk_projection_not_recorded
1,connected,local-inventory-be6b8182-95e5-4723-bdea-a7162f0b1014,55333de2-8f25-4330-92a4-ca76f0fb16c1,Medicham V,PUG-9E78ECAF-04,removed,0,,not_recorded,HN66OW6RH5SLBPCOYN426V5W,0,0,not_recorded,visibility=hidden;status=removed;sellable_quantity=0,not_recorded,0,synced,,website_projection_missing;kiosk_projection_not_recorded
1,connected,local-inventory-909b579b-0cf9-48b1-bcb7-4457b17f6ce8,436a1296-c94a-f757-105d-ca6b7fb1d6fe,Melmetal V,PUG-B5D20FAB-01,available,2,,not_recorded,TYE4GWSNV7MKYB7HQUJDADIZ,2,2,not_recorded,visibility=visible;status=available;sellable_quantity=2,not_recorded,0,synced,,website_projection_missing;kiosk_projection_not_recorded
1,connected,local-inventory-ccac32f5-0094-46c6-98ac-b6bbc5b09d00,2944d236-002e-5e59-d3b6-0c59bcd27a6c,Melmetal V,PUG-B5D20FAB-02,removed,0,,not_recorded,JDV3QGILGN24AMFOB2E4YGIN,0,0,not_recorded,visibility=hidden;status=removed;sellable_quantity=0,not_recorded,0,synced,,website_projection_missing;kiosk_projection_not_recorded
1,connected,local-inventory-a35305ab-e98e-4716-bc2d-63a7f7662035,676ccadb-2d2e-1c67-4b7b-b84690ffd5ed,Monkey.D.Luffy,PUG-6675E04C,available,1,,not_recorded,IWXWECV2BG27EIQYXGWYJ6CH,1,1,not_recorded,visibility=visible;status=available;sellable_quantity=1,not_recorded,0,synced,,website_projection_missing;kiosk_projection_not_recorded
1,connected,local-inventory-cdb39104-cbab-4ae9-aa1e-2f91282a7d1d,9165d81e-efb5-3a84-93d3-9a1407308e45,Oranguru V,PUG-CCF8301C,available,1,,not_recorded,XZFH7JTYP2LLVMA7YGC5Z4P2,1,1,not_recorded,visibility=visible;status=available;sellable_quantity=1,not_recorded,0,synced,,website_projection_missing;kiosk_projection_not_recorded
1,connected,local-inventory-2f8b3839-3665-4221-86f9-ef0c26b112a4,8485442c-144e-65b0-9298-043498f88685,Orbeetle V,PUG-AEA5A53C-01,available,7,,not_recorded,QMIMFHZX6DIVDXK64MQ5ZHCL,7,7,not_recorded,visibility=visible;status=available;sellable_quantity=7,not_recorded,0,synced,,website_projection_missing;kiosk_projection_not_recorded
1,connected,local-inventory-f4388100-2462-4b2e-a88d-184d1530d8b9,a7159a52-28c3-bbbc-26ea-eb1adf6ea789,Orbeetle V,PUG-AEA5A53C-02,removed,0,,not_recorded,QCITPH4K5GFGKT55N2BHU7OX,0,0,not_recorded,visibility=hidden;status=removed;sellable_quantity=0,not_recorded,0,synced,,website_projection_missing;kiosk_projection_not_recorded
1,connected,local-inventory-a5935dc7-a6c3-4f42-98a1-d26ce19d0b7b,d0c4205a-47ae-1dfd-ceb2-e73cbd325506,Orbeetle V,PUG-AEA5A53C-03,removed,0,,not_recorded,WS3QBD7Q2GBBO3JLG4JL4L2Q,0,0,not_recorded,visibility=hidden;status=removed;sellable_quantity=0,not_recorded,0,synced,,website_projection_missing;kiosk_projection_not_recorded
1,connected,local-inventory-8ee1ab6a-afbf-49a3-8d4e-ab9cb898530c,79a6ab30-cc2a-a1cd-8bbe-ad297253b1e3,Orbeetle V,PUG-AEA5A53C-04,removed,0,,not_recorded,QZV3MIOGVNIOK7AJO6PMY2E4,0,0,not_recorded,visibility=hidden;status=removed;sellable_quantity=0,not_recorded,0,synced,,website_projection_missing;kiosk_projection_not_recorded
1,connected,local-inventory-45ecd6fb-adb1-4b54-8e19-fc43730cf26d,16272fcf-f2fd-3c37-ff5c-3a163b002f18,Orbeetle V,PUG-AEA5A53C-05,removed,0,,not_recorded,X7F4QWVVTHPJX5QTPFWBWT75,0,0,not_recorded,visibility=hidden;status=removed;sellable_quantity=0,not_recorded,0,synced,,website_projection_missing;kiosk_projection_not_recorded
1,connected,local-inventory-5b45e42e-f810-4441-a56d-a65d6a9946d2,023ec319-f6f9-54c7-fd64-f9112e9e25dd,Orbeetle V,PUG-AEA5A53C-06,removed,0,,not_recorded,IFVEW6GTSXOUBWZZT6BN5AKU,0,0,not_recorded,visibility=hidden;status=removed;sellable_quantity=0,not_recorded,0,synced,,website_projection_missing;kiosk_projection_not_recorded
1,connected,local-inventory-33923aee-0619-46c3-be67-78ad2595141e,f617fe07-3468-52cd-c894-a75c123f50ea,Orbeetle V,PUG-AEA5A53C-07,removed,0,,not_recorded,6OWN5T7GK2XGB7NBFZQPTIRW,0,0,not_recorded,visibility=hidden;status=removed;sellable_quantity=0,not_recorded,0,synced,,website_projection_missing;kiosk_projection_not_recorded
1,connected,local-inventory-88e32b1f-d201-43fb-aaec-553756d751ce,91f753d6-b7f2-aaf6-d3c8-1e97e524ed1b,Watery Grave,PUG-3DE9CE36,sold,0,,not_recorded,VFWEF7VHLWV3Z6ILF4NVJ7JD,0,0,not_recorded,visibility=visible;status=sold;sellable_quantity=0,not_recorded,0,no_sync_record,,website_projection_missing;kiosk_projection_not_recorded
1,connected,local-inventory-ebf1014a-02dc-4746-ba0f-d843cb91aba1,ad7741b2-478e-ffc6-c68b-c7ed267b3a3e,Orbeetle V,PUG-55F46A58,available,1,,not_recorded,Z75GCDAFN4PI27GINTXTCW67,1,1,not_recorded,visibility=visible;status=available;sellable_quantity=1,not_recorded,0,synced,,website_projection_missing;kiosk_projection_not_recorded
1,connected,local-inventory-523dfcdc-9230-4882-9b91-3cf403714316,219b13c0-85fc-c249-9331-e187b5147cea,Watery Grave,PUG-79B0C2D4,available,1,,not_recorded,W2QVEDPPM36KEUTKBJ34BYD6,1,1,not_recorded,visibility=visible;status=available;sellable_quantity=1,not_recorded,0,synced,,website_projection_missing;kiosk_projection_not_recorded
1,connected,local-inventory-6cb0466e-417f-4644-85ae-f3864fcc06e9,4f26a31b-9a2a-4118-7e2f-4ebf61573513,Galarian Perrserker V,PUG-816F055B-01,removed,0,,not_recorded,OSSJQ64JDNYLRWRG6UAYAN5L,0,0,not_recorded,visibility=hidden;status=removed;sellable_quantity=0,not_recorded,0,synced,,website_projection_missing;kiosk_projection_not_recorded
1,connected,local-inventory-13e0ae3c-b9ea-458e-872b-b992c1be645e,29ed90a3-0bc1-d30e-3e58-385bf767c42f,Galarian Perrserker V,PUG-816F055B-02,available,15,,not_recorded,YN4PQTIYBNDZDJTLIZXXTZ22,15,14,not_recorded,visibility=visible;status=available;sellable_quantity=15,not_recorded,0,synced,,website_projection_missing;square_count_mismatch;kiosk_projection_not_recorded
1,connected,local-inventory-98ffda5c-633c-45cc-ac37-57f3ba841ef9,5d3105b9-b500-bc16-ed97-b1bb93319b00,Regidrago V,PUG-D85FC502-01,available,1,,not_recorded,V65KSUJRDGU4BOS6B6BDPOT2,1,1,not_recorded,visibility=visible;status=available;sellable_quantity=1,not_recorded,0,no_sync_record,,website_projection_missing;kiosk_projection_not_recorded
1,connected,local-inventory-ab0e96ba-e0f6-4edc-bb62-e1773d71c2bd,3c067074-c768-862c-1006-d09db30e1f2a,Regidrago V,PUG-D85FC502-02,available,1,,not_recorded,JTLI27VLYQELP7C6U5JBPO6J,1,1,not_recorded,visibility=visible;status=available;sellable_quantity=1,not_recorded,0,no_sync_record,,website_projection_missing;kiosk_projection_not_recorded
1,connected,local-inventory-8f35ce1e-b52d-4807-bf55-4e862a933afe,9cef5643-092a-e7d3-f152-96601a1ad602,Sabo,PUG-93B99653,available,1,,not_recorded,HQRJFWJTCAQY3PKGNJMYVVTK,1,1,not_recorded,visibility=visible;status=available;sellable_quantity=1,not_recorded,0,synced,,website_projection_missing;kiosk_projection_not_recorded
1,connected,local-inventory-16cf0b59-ecd4-440d-8245-ad4d525d9af3,9c83b6d2-4542-7179-799e-5b2a12e2eecc,Monkey.D.Garp,PUG-F28E89AA,available,1,,not_recorded,WPLWMA7FQEFTV2V63I6OQ3VO,1,1,not_recorded,visibility=visible;status=available;sellable_quantity=1,not_recorded,0,synced,,website_projection_missing;kiosk_projection_not_recorded
1,connected,local-inventory-055184c3-1b95-4cb1-bd82-763d049636a6,b8cb7d8d-8c64-0608-aaa6-d81aa2fc9057,Regieleki V,PUG-772AE31E,available,1,,not_recorded,4CVOOL7WIEI4NSH4FI2NPTV7,1,1,not_recorded,visibility=visible;status=available;sellable_quantity=1,not_recorded,0,no_sync_record,,website_projection_missing;kiosk_projection_not_recorded
1,connected,local-inventory-c24a591f-61b9-41f8-8748-663a0b4b43ff,82485afc-c4f5-f67c-401a-aab641471af3,Roronoa Zoro,PUG-634C0111,available,1,,not_recorded,YXZA4ASVWIYPJP3IP2I3QQ4G,1,1,not_recorded,visibility=visible;status=available;sellable_quantity=1,not_recorded,0,synced,,website_projection_missing;kiosk_projection_not_recorded
1,connected,local-inventory-f90a19c0-5a68-4309-bfd3-c41ad305e3c2,ad952d8e-d33c-a1a3-ec05-f6c1f4f1f7a5,Sandaconda V,PUG-6C79A7B2,available,1,,not_recorded,QDNIFUGJ5LEFPRZWRWCHSWPF,1,1,not_recorded,visibility=visible;status=available;sellable_quantity=1,not_recorded,0,synced,,website_projection_missing;kiosk_projection_not_recorded
1,connected,local-inventory-7f65ecf6-3921-470f-9548-4f42b31ab77d,a7704319-4924-fdfc-fb1a-b5b6dccdc02d,Roronoa Zoro,PUG-93527D1B,available,1,,not_recorded,737QOWREEWKOOT66UEQTHXFS,1,1,not_recorded,visibility=visible;status=available;sellable_quantity=1,not_recorded,0,synced,,website_projection_missing;kiosk_projection_not_recorded
1,connected,local-inventory-c5448077-37e7-4053-9388-e576ac25d5c6,f6ba0908-7898-dd09-8807-187f2a362246,Simisear V,PUG-0A1F1011-01,removed,0,,not_recorded,P7HPSBWIOYOIFLCL3VYLHH62,0,0,not_recorded,visibility=hidden;status=removed;sellable_quantity=0,not_recorded,0,synced,,website_projection_missing;kiosk_projection_not_recorded
1,connected,local-inventory-ac844acb-d106-46fb-8fb9-81270616dc07,219b098f-d953-dd43-a51f-ba6484a0cf5a,Simisear V,PUG-0A1F1011-02,removed,0,,not_recorded,ISX3N4ZDJETWC4HXM5KDLT3F,0,0,not_recorded,visibility=hidden;status=removed;sellable_quantity=0,not_recorded,0,synced,,website_projection_missing;kiosk_projection_not_recorded
1,connected,local-inventory-24ff62ae-7ad8-4114-a62a-f5ba30409ddf,4482372c-26c2-1af0-0bb4-80df795f8ef8,Simisear V,PUG-0A1F1011-03,removed,0,,not_recorded,V63GWPXMU7BX5CEUZ5OJU3EF,0,0,not_recorded,visibility=hidden;status=removed;sellable_quantity=0,not_recorded,0,synced,,website_projection_missing;kiosk_projection_not_recorded
1,connected,local-inventory-5623b2a0-d2ea-48a4-994c-0a5398923ced,08756436-6e62-60b8-0fe4-8e85c119c7c5,Simisear V,PUG-0A1F1011-04,removed,0,,not_recorded,SFOHMDIJYJ4ABB4BBXRJOHNO,0,0,not_recorded,visibility=hidden;status=removed;sellable_quantity=0,not_recorded,0,synced,,website_projection_missing;kiosk_projection_not_recorded
1,connected,local-inventory-e8fb5db9-4201-4564-97c6-32158b23b03c,2c5df4f4-1350-2886-d5cc-a36a10ed357d,Simisear V,PUG-0A1F1011-05,removed,0,,not_recorded,QO62QRXBBJC6WO53BNRGA45I,0,0,not_recorded,visibility=hidden;status=removed;sellable_quantity=0,not_recorded,0,synced,,website_projection_missing;kiosk_projection_not_recorded
1,connected,local-inventory-15aece2b-f72a-424a-83cc-84d32655e816,f96995f3-e852-41f6-9fbb-c2f402f1644c,Simisear V,PUG-0A1F1011-06,available,13,,not_recorded,CA2S6EP7EDIC4J4LETSREBFY,13,13,not_recorded,visibility=visible;status=available;sellable_quantity=13,not_recorded,0,synced,,website_projection_missing;kiosk_projection_not_recorded
1,connected,local-inventory-0956b444-45d8-4eab-831f-2af880b33a55,1eac6252-4031-3674-fdf8-03aecabc30d4,Skuntank V,PUG-832840A5,available,5,,not_recorded,GN6UPAMMOXGDFZH6ADQSY2CQ,5,5,not_recorded,visibility=visible;status=available;sellable_quantity=5,not_recorded,0,synced,,website_projection_missing;kiosk_projection_not_recorded
1,connected,local-inventory-297f83ef-2f39-461a-a26c-42236784647b,51781f9b-017e-3fd8-d8be-27a704ef9bec,Stonjourner V,PUG-24442785,available,1,,not_recorded,XK7R5BUBB2234MRPXX3ZEOSK,1,1,not_recorded,visibility=visible;status=available;sellable_quantity=1,not_recorded,0,no_sync_record,,website_projection_missing;kiosk_projection_not_recorded
1,connected,local-inventory-b96c81ec-0110-4b1a-8e7c-286ecc0803fe,78e13686-713e-6185-4d2c-a3459487f058,Stoutland V,PUG-D7FED1C3-01,available,3,,not_recorded,UF4BBSE244QO3VFSC4BO4QM3,3,3,not_recorded,visibility=visible;status=available;sellable_quantity=3,not_recorded,0,synced,,website_projection_missing;kiosk_projection_not_recorded
1,connected,local-inventory-bec9e852-670a-4cc7-bd87-cca00e2f0756,28bea7d0-3c7e-b4dc-c440-7cf69b60761a,Stoutland V,PUG-D7FED1C3-02,removed,0,,not_recorded,ZRPHLTKCRLPBGGBE257Q3MOL,0,0,not_recorded,visibility=hidden;status=removed;sellable_quantity=0,not_recorded,0,synced,,website_projection_missing;kiosk_projection_not_recorded
1,connected,local-inventory-bbb1ea8d-090c-4073-983a-1bad391896bc,f107c6c4-15be-f6f4-d2ab-d0fa30ce23d0,Galarian Stunfisk V,PUG-FC3C946D-01,removed,0,,not_recorded,2NMFCK5NVECIAF6HSRBQ2TI7,0,0,not_recorded,visibility=hidden;status=removed;sellable_quantity=0,not_recorded,0,synced,,website_projection_missing;kiosk_projection_not_recorded
1,connected,local-inventory-1381832c-af64-448c-912e-5a5da1bf3fd3,06b04efe-1831-a78d-effc-bbf77f1731c9,Galarian Stunfisk V,PUG-FC3C946D-02,available,7,,not_recorded,HRILEMXFZSOGASROMSXUBFKQ,7,7,not_recorded,visibility=visible;status=available;sellable_quantity=7,not_recorded,0,synced,,website_projection_missing;kiosk_projection_not_recorded
1,connected,local-inventory-19e4fa99-5ed6-42a4-b9d5-f1f14320aad3,2de03db0-178b-62d9-8ac8-519d26fa3c56,Galarian Stunfisk V,PUG-FC3C946D-03,removed,0,,not_recorded,5F5Z5F6NEOIPL7OGIMNTV5YS,0,0,not_recorded,visibility=hidden;status=removed;sellable_quantity=0,not_recorded,0,synced,,website_projection_missing;kiosk_projection_not_recorded
1,connected,local-inventory-4a9a1c48-3fed-456a-932d-285ecab7aaab,a09bbadd-362a-feb5-63ca-61978eb5707a,Galarian Stunfisk V,PUG-FC3C946D-04,removed,0,,not_recorded,GJQSKEUA3GVHYFHM5TYAIYMH,0,0,not_recorded,visibility=hidden;status=removed;sellable_quantity=0,not_recorded,0,synced,,website_projection_missing;kiosk_projection_not_recorded
1,connected,local-inventory-f080debc-25dc-4f0c-97ae-bb4626ece9b2,6a529241-4c48-23e3-91f9-187457432904,Tsareena V,PUG-ECB13234,available,4,,not_recorded,OSUZDYEQFNYAAXQPH3HWF63M,4,3,not_recorded,visibility=visible;status=available;sellable_quantity=4,not_recorded,0,synced,,website_projection_missing;square_count_mismatch;kiosk_projection_not_recorded
1,connected,local-inventory-30578858-ec8a-4c09-ae56-5f786f9ff03b,d23fd5d4-a32e-da40-0fe1-e704eb251e6a,Roronoa Zoro,PUG-FBD9AF60,available,0,,not_recorded,NWYY3RZFZ6NUO5ZBQP6RAONY,0,0,not_recorded,visibility=visible;status=available;sellable_quantity=0,not_recorded,0,synced,,website_projection_missing;kiosk_projection_not_recorded
1,connected,local-inventory-bafd95f2-89b0-4092-b7a1-982693187025,06247f56-2ce1-594e-ed19-df912614eaa0,Chromatic Lantern,PUG-9217C884,sold,0,,not_recorded,3NRZBLIAWN2XHLSU7LFOZUIM,0,0,not_recorded,visibility=visible;status=sold;sellable_quantity=0,not_recorded,0,no_sync_record,,website_projection_missing;kiosk_projection_not_recorded
1,connected,local-inventory-55b4ee8b-54ff-430d-b31d-f0c07f9a35db,aedc97e8-4123-a2bb-7e7c-520cbd41ec64,Umbreon VMAX,PUG-64D2E389,sold,1,,not_recorded,DOJCYIDE7ICZO6BHPQNMI56U,0,1,not_recorded,visibility=visible;status=sold;sellable_quantity=0,not_recorded,0,synced,,website_projection_missing;square_count_mismatch;kiosk_projection_not_recorded
1,connected,local-inventory-d6c67a6e-74b1-4be9-b69a-5a01ef8be987,5828cdc5-a7b5-a9a9-c5e4-25fa2bf4b5b0,Defense Grid,PUG-E34EFB5D,sold,0,,not_recorded,RZ2LGYNBMCLQIJDHPYYGTYX4,0,0,not_recorded,visibility=visible;status=sold;sellable_quantity=0,not_recorded,0,no_sync_record,,website_projection_missing;kiosk_projection_not_recorded
1,connected,local-inventory-2acebb59-6e44-4dd5-a0e3-b881ead8fe6c,fcc3ed8e-492c-393e-c6e9-c6be760ac4c4,"Emrakul, the Aeons Torn",PUG-FD9AB48C-01,available,1,,not_recorded,YJGVBAWKR3ZBYJNL42UG65XP,1,1,not_recorded,visibility=visible;status=available;sellable_quantity=1,not_recorded,0,synced,,website_projection_missing;kiosk_projection_not_recorded
1,connected,local-inventory-396c24fe-8b16-44f8-bed4-ad0b8307c493,b3afde76-a91f-2bc0-cae9-9c905dd867ed,"Emrakul, the Aeons Torn",PUG-FD9AB48C-02,available,1,,not_recorded,BUCQ5J4Z26XJAHKXDCX4TBV5,1,1,not_recorded,visibility=visible;status=available;sellable_quantity=1,not_recorded,0,synced,,website_projection_missing;kiosk_projection_not_recorded
1,connected,local-inventory-7d1c738a-7566-4fc1-b93b-5649f56d79b8,c1d29c46-c2d4-17d7-2462-8ea829c587d5,"Emrakul, the Aeons Torn",PUG-7A58DD12,available,1,,not_recorded,BAWUNBZD4IDWWGFXHNO52ERL,1,0,not_recorded,visibility=visible;status=available;sellable_quantity=1,not_recorded,0,synced,,website_projection_missing;square_count_mismatch;kiosk_projection_not_recorded
1,connected,local-inventory-a5034935-98fe-40b4-96a8-b1c624e6b7d6,172870a7-ab0f-d736-a048-6643c07b340f,"Emrakul, the Aeons Torn",PUG-27E3A612-01,available,1,,not_recorded,OJE6ITEUD6JS3HK2KCDQE3PX,1,0,not_recorded,visibility=visible;status=available;sellable_quantity=1,not_recorded,0,synced,,website_projection_missing;square_count_mismatch;kiosk_projection_not_recorded
1,connected,local-inventory-607bf812-1e6b-4263-9428-c2ed63fe36c6,c5bc7359-db8a-86c3-e617-869f043f1e03,"Emrakul, the Aeons Torn",PUG-27E3A612-02,sold,0,,not_recorded,W762AGO55PG5GC2LNGSC67BX,0,0,not_recorded,visibility=visible;status=sold;sellable_quantity=0,not_recorded,0,no_sync_record,,website_projection_missing;kiosk_projection_not_recorded
1,connected,local-inventory-a48cb521-b828-4161-9c5d-d61ce80dde5a,39c1d6fd-016d-5e63-aa10-e2a830460a9f,"Emrakul, the Aeons Torn",PUG-27E3A612-03,available,1,,not_recorded,NMVBYRO4JJ4F2UFOCK6EH5FV,1,1,not_recorded,visibility=visible;status=available;sellable_quantity=1,not_recorded,0,synced,,website_projection_missing;kiosk_projection_not_recorded
1,connected,local-inventory-0f28fe05-5df0-46be-944d-878bc0d29d55,cbb8905a-75e4-49b8-889e-989c9c41a6bd,"Emrakul, the Aeons Torn",PUG-FD49D44D-01,available,1,,not_recorded,DVUOAYQ6IDUK4TPJ4YNDDSHX,1,1,not_recorded,visibility=visible;status=available;sellable_quantity=1,not_recorded,0,synced,,website_projection_missing;kiosk_projection_not_recorded
1,connected,local-inventory-17503de2-b2eb-4a9e-9421-a27a58246aec,e7e66ad1-263d-75f3-67c9-3cdb289bebb6,"Emrakul, the Aeons Torn",PUG-FD49D44D-02,available,1,,not_recorded,S7RNMZKSBJKC6HAE7WRI2HJN,1,1,not_recorded,visibility=visible;status=available;sellable_quantity=1,not_recorded,0,synced,,website_projection_missing;kiosk_projection_not_recorded
1,connected,local-inventory-12edb61e-1c0e-4c43-9984-cf5d326437d1,8b874844-9e32-7c79-595e-aa54589a499d,"Emrakul, the Aeons Torn",PUG-FD49D44D-03,available,1,,not_recorded,RDZCVQKULDKY6NDRXZX5WMVL,1,1,not_recorded,visibility=visible;status=available;sellable_quantity=1,not_recorded,0,synced,,website_projection_missing;kiosk_projection_not_recorded
1,connected,local-inventory-6275abd2-e455-4656-9d22-b3a0d9dee1f3,b13a3b77-609a-e728-0bb4-48bf523a371d,"Emrakul, the Aeons Torn",PUG-41D6AB29,available,1,,not_recorded,IUBTGJ7BXWA37C6M7OMX6HWO,1,1,not_recorded,visibility=visible;status=available;sellable_quantity=1,not_recorded,0,synced,,website_projection_missing;kiosk_projection_not_recorded
1,connected,local-inventory-32521bc8-3f89-46e4-b8fa-97c4116d9db0,140de731-db85-2916-4ef2-b8a7f95957dd,"Emrakul, the World Anew",PUG-ED3B6A52,available,1,,not_recorded,NNCF32F33Y2ATLAC7PEKZAFD,1,1,not_recorded,visibility=visible;status=available;sellable_quantity=1,not_recorded,0,synced,,website_projection_missing;kiosk_projection_not_recorded
1,connected,local-inventory-349be658-437b-481c-aa61-01473734d25e,8095670a-f878-6d25-0662-ac009d080c0a,"Kozilek, the Great Distortion",PUG-4CEAF0C3,removed,1,,not_recorded,,,,not_recorded,visibility=hidden;status=removed;sellable_quantity=0,not_recorded,0,synced,,website_projection_missing;kiosk_projection_not_recorded
1,connected,local-inventory-0413c560-c064-4024-8dce-349be97c4463,5dc2a6d6-91bd-b9d2-5d0c-563005161265,Lion's Eye Diamond,PUG-2858A061,available,0,,not_recorded,UA4X6TAW7GIIXBQWENFZ3TX3,0,0,not_recorded,visibility=visible;status=available;sellable_quantity=0,not_recorded,0,synced,,website_projection_missing;kiosk_projection_not_recorded
1,connected,local-inventory-fb9b0795-38d9-475e-a879-92cb9bfe8303,c9a70d61-2b59-4ade-a5d2-b57bbe1eda5c,Maskwood Nexus,PUG-DB557EB6,available,1,,not_recorded,YSFJLNAI6K53ML7ROGMS67XT,1,1,not_recorded,visibility=visible;status=available;sellable_quantity=1,not_recorded,0,synced,,website_projection_missing;kiosk_projection_not_recorded
1,connected,local-inventory-d358c7dc-e2b1-423d-b6ea-81538b08aaaf,869e9834-2e70-ca26-a54c-bcf3cfe0acb2,Mox Amber,PUG-BAA6ECE8,sold,0,,not_recorded,O7NCH7PJDGYXBNK46GY57HYK,0,0,not_recorded,visibility=visible;status=sold;sellable_quantity=0,not_recorded,0,no_sync_record,,website_projection_missing;kiosk_projection_not_recorded
1,connected,local-inventory-e7ef1bec-1d73-4803-99fc-f7d1e8aa6e51,55ad0c5d-c496-76c3-eea2-26c14ef3f1ae,Mox Amber,PUG-DF07F07B,available,1,status=available;quantity=1;online=visible;kiosk=visible,not_recorded,G4LQ5IYWZDFYWHFGJQM6XIGS,1,1,not_recorded,visibility=visible;status=available;sellable_quantity=1,not_recorded,0,synced,,kiosk_projection_not_recorded
1,connected,local-inventory-d5391c59-f2ac-4899-ab90-f3893f71d8d1,0fbf15cd-fee1-b77d-ed4a-b98803b0d594,Mox Tantalite,PUG-D55019B7,available,1,,not_recorded,V7GOSQHAGZOSIJSR24D2UTYH,1,0,not_recorded,visibility=visible;status=available;sellable_quantity=1,not_recorded,0,synced,,website_projection_missing;square_count_mismatch;kiosk_projection_not_recorded
1,connected,local-inventory-9cf1dca2-cdff-4a0a-9aa2-48dd09bd5a07,9ef1d147-d3d4-6550-3be9-8d12903c8b98,Panharmonicon,PUG-DFD31DF7,removed,1,,not_recorded,,,,not_recorded,visibility=hidden;status=removed;sellable_quantity=0,not_recorded,0,synced,,website_projection_missing;kiosk_projection_not_recorded
1,connected,local-inventory-101b92ea-8ad8-4888-966e-58089b5e4229,ab3a34a0-b2e9-6543-3493-613d4156bfc0,Panharmonicon,PUG-9EB19264,sold,0,,not_recorded,KNODJC4HWOAYSK3GQH46BSRS,0,0,not_recorded,visibility=visible;status=sold;sellable_quantity=0,not_recorded,0,no_sync_record,,website_projection_missing;kiosk_projection_not_recorded
1,connected,local-inventory-ee5bc7f7-69ab-417e-8791-90164b04a63c,1d3dbcd5-7e66-d5f8-2830-6f4d9202c592,Phyrexian Altar,PUG-694DB03C,available,1,status=available;quantity=1;online=visible;kiosk=visible,not_recorded,6EKTEQMEXSUVMZRJ37TFZX7O,1,1,not_recorded,visibility=visible;status=available;sellable_quantity=1,not_recorded,0,synced,,kiosk_projection_not_recorded
1,connected,local-inventory-fcb1d291-466f-4074-8777-4c03dd8da17f,6f9bde4a-45c8-cc5b-ac4f-a7ae136c4b28,Platinum Emperion,PUG-474D6106,available,1,,not_recorded,GIJI73UDMUIVRNECZCGVG46B,1,1,not_recorded,visibility=visible;status=available;sellable_quantity=1,not_recorded,0,synced,,website_projection_missing;kiosk_projection_not_recorded
1,connected,local-inventory-39c92bb9-e6ae-4119-a234-cefaed220eb8,4c497531-0aed-79cd-e55b-97dc916ade54,Scrawling Crawler,PUG-31C44ADD,available,1,,not_recorded,5MLPTUDCMRBZTWIVTLAOJQ4X,1,0,not_recorded,visibility=visible;status=available;sellable_quantity=1,not_recorded,0,synced,,website_projection_missing;square_count_mismatch;kiosk_projection_not_recorded
1,connected,local-inventory-d6e2536c-f3a2-4a13-9c1f-eec71ca75e10,9670906d-b665-9ddc-8b8f-d29c57738d67,Sculpting Steel,PUG-99A2464E,available,1,,not_recorded,L5EG4RDSBRLX4BCG7AWTDVSA,1,0,not_recorded,visibility=visible;status=available;sellable_quantity=1,not_recorded,0,synced,,website_projection_missing;square_count_mismatch;kiosk_projection_not_recorded
1,connected,local-inventory-199f3585-d730-47a3-b89b-69588d7809bc,954d3960-457b-e2ec-96dc-c9fe4494fb7b,Shadowspear,PUG-22397E03,available,1,,not_recorded,ZPM7HGLUO5PLQK3M3DUPW43B,1,1,not_recorded,visibility=visible;status=available;sellable_quantity=1,not_recorded,0,synced,,website_projection_missing;kiosk_projection_not_recorded
1,connected,local-inventory-0175abf2-f7d2-434a-b4e8-53eb371cc301,225c03aa-b2ba-71f5-df95-407847d828a6,Strionic Resonator,PUG-838550C2,available,1,,not_recorded,VEM3ZZFIAAA2BI6DJIMJQIXN,1,1,not_recorded,visibility=visible;status=available;sellable_quantity=1,not_recorded,0,synced,,website_projection_missing;kiosk_projection_not_recorded
1,connected,local-inventory-57aba21e-cda9-4da8-a49a-8f2b14cd65fa,91319f85-553d-db39-773c-312c14b54610,Staff of Domination,PUG-D5A049BE,available,1,,not_recorded,DL3SYWFGJDHXZKQJTJ3EA33B,1,1,not_recorded,visibility=visible;status=available;sellable_quantity=1,not_recorded,0,synced,,website_projection_missing;kiosk_projection_not_recorded
1,connected,local-inventory-4e5441f0-7aa8-4434-8e40-ffc2565ae658,0d5f2326-d797-9a8e-e757-7d531cc74797,Staff of Domination,PUG-111405E8-01,available,1,,not_recorded,4RKTN6MNF7VJCNHNV4XR474J,1,0,not_recorded,visibility=visible;status=available;sellable_quantity=1,not_recorded,0,synced,,website_projection_missing;square_count_mismatch;kiosk_projection_not_recorded
1,connected,local-inventory-688df3c4-d62e-40ac-847d-7aa01a4071eb,6c9a6e05-dcf2-33b4-5721-0ba761464ecf,Staff of Domination,PUG-111405E8-02,available,1,,not_recorded,NYNWBLXMQ7VRNKFWWI3VKSGA,1,0,not_recorded,visibility=visible;status=available;sellable_quantity=1,not_recorded,0,synced,,website_projection_missing;square_count_mismatch;kiosk_projection_not_recorded
1,connected,local-inventory-56f59dd8-3717-44a3-ad08-ab55883f3bde,35ecd18a-849c-b771-52ce-c31a19bc4963,Staff of Domination,PUG-7059557D,available,1,,not_recorded,ZQO43NNSD2PZ7YAE54GI5F2U,1,1,not_recorded,visibility=visible;status=available;sellable_quantity=1,not_recorded,0,synced,,website_projection_missing;kiosk_projection_not_recorded
1,connected,local-inventory-05961dd8-6855-4367-a14f-a965d1655509,ecd2ff20-a309-26bb-1ae0-5517e1ab62ff,Ground Death,PUG-4EB66C23-01,available,2,,not_recorded,JGXSG3NDPPPG5BPHAN2KFN7L,2,2,not_recorded,visibility=visible;status=available;sellable_quantity=2,not_recorded,0,synced,,website_projection_missing;kiosk_projection_not_recorded
1,connected,local-inventory-9bd20b17-cc7e-4420-81f8-e7892b70f237,0c44bb37-6f82-db7a-36db-1d706083bd23,Ground Death,PUG-4EB66C23-02,removed,0,,not_recorded,,,,not_recorded,visibility=hidden;status=removed;sellable_quantity=0,not_recorded,0,synced,,website_projection_missing;kiosk_projection_not_recorded
1,connected,local-inventory-06f2f0b3-eabb-47bf-bfb5-cbb47ebf689a,5bcc6a0c-0f8c-7ea3-dc73-a0f10151de67,Ground Death,PUG-4EB66C23-03,removed,0,,not_recorded,,,,not_recorded,visibility=hidden;status=removed;sellable_quantity=0,not_recorded,0,synced,,website_projection_missing;kiosk_projection_not_recorded
1,connected,local-inventory-1d8d2233-58c2-4f48-b330-57a9d916bbed,a66f5795-7ffa-57d3-704f-b432f49c9d17,Koffing,PUG-9EC3E2FD,available,1,,not_recorded,L56B5PU247UL736G2E2NZMGM,1,1,not_recorded,visibility=visible;status=available;sellable_quantity=1,not_recorded,0,synced,,website_projection_missing;kiosk_projection_not_recorded
1,connected,local-inventory-1542a217-4e84-4c8b-8509-ba0de219945b,93c393c0-4de4-9d74-331e-d51f60c83fbe,Lucario V,PUG-8072E297,available,0,,not_recorded,,,,not_recorded,visibility=visible;status=available;sellable_quantity=0,not_recorded,0,synced,,website_projection_missing;kiosk_projection_not_recorded
1,connected,local-inventory-a4d3148a-2665-46ca-ad97-a1714bd82cf1,f2670d08-a204-5103-456b-57a53f231e46,Shaymin VSTAR,PUG-E5D706E5,available,1,,not_recorded,FUSYPZL4QUJ5UK5BSVZBHQCY,1,1,not_recorded,visibility=visible;status=available;sellable_quantity=1,not_recorded,0,no_sync_record,,website_projection_missing;kiosk_projection_not_recorded
1,connected,local-inventory-1c9bb2cc-13b9-4ffb-94e9-3d85f80d7c2b,948b9a7e-911d-cabc-7574-f2afaa1a68cc,Hatterene V,PUG-75647376,available,1,,not_recorded,7SGLSKJAPYRTKUPWWN3Z7AKE,1,1,not_recorded,visibility=visible;status=available;sellable_quantity=1,not_recorded,0,no_sync_record,,website_projection_missing;kiosk_projection_not_recorded
1,connected,local-inventory-ba50b857-442f-4299-bce2-5aed4c95675d,02982531-e6a8-da42-c414-ec84fdd0d5a5,Dubwool V,PUG-FD17B153-01,available,1,,not_recorded,MZMXIIOOJSCWXWVCQOGEQIV6,1,1,not_recorded,visibility=visible;status=available;sellable_quantity=1,not_recorded,0,no_sync_record,,website_projection_missing;kiosk_projection_not_recorded
1,connected,local-inventory-efceacda-6e69-457a-b8eb-8d25c3b26973,cb8d1d6b-2237-f906-02fa-477a6c63fc29,Dubwool V,PUG-FD17B153-02,available,1,,not_recorded,2TYIHZZIWV62UGDYQSJJD6G3,1,1,not_recorded,visibility=visible;status=available;sellable_quantity=1,not_recorded,0,no_sync_record,,website_projection_missing;kiosk_projection_not_recorded
1,connected,local-inventory-546e5fdf-a1df-4dba-8128-a26d9a3f8647,23898f28-dda1-2da9-6f85-035089e45e48,Origin Forme Palkia VSTAR,PUG-850B4A1E,available,0,,not_recorded,CEMRIMEZ7W467UOVLJ7G4RSL,0,0,not_recorded,visibility=visible;status=available;sellable_quantity=0,not_recorded,0,synced,,website_projection_missing;kiosk_projection_not_recorded
1,connected,local-inventory-87199c2b-e369-441c-b726-7243df8d4c54,69972a4c-a548-73cd-b49f-2edb6cdbe43a,Snivy,PUG-721A3E50-01,removed,0,,not_recorded,JF46HHCJUQ32Y6ORSMNZ2YQ4,0,0,not_recorded,visibility=hidden;status=removed;sellable_quantity=0,not_recorded,0,synced,,website_projection_missing;kiosk_projection_not_recorded
1,connected,local-inventory-cddf54c1-7e36-446f-8a6a-912800aa45d3,7ad413d4-316f-8294-0233-c9780371d89c,Snivy,PUG-721A3E50-02,removed,0,,not_recorded,53JWUES7IKH57I6YNPGBX5HF,0,0,not_recorded,visibility=hidden;status=removed;sellable_quantity=0,not_recorded,0,synced,,website_projection_missing;kiosk_projection_not_recorded
1,connected,local-inventory-9a12cda4-ae21-4430-a165-84f1ca4449d3,1e782ca6-2f35-0b59-ccdc-64106c96a41a,Snivy,PUG-721A3E50-03,removed,0,,not_recorded,MBNW5DHEXCO5KSOQ7PM5COIW,0,0,not_recorded,visibility=hidden;status=removed;sellable_quantity=0,not_recorded,0,synced,,website_projection_missing;kiosk_projection_not_recorded
1,connected,local-inventory-97b4e6ba-a97b-489f-ac32-8151d6156228,33821994-7631-6306-d8a3-eabf12409652,Snivy,PUG-721A3E50-04,removed,0,,not_recorded,SAEDFUPZYOI7LRQYBKZHMHVM,0,0,not_recorded,visibility=hidden;status=removed;sellable_quantity=0,not_recorded,0,synced,,website_projection_missing;kiosk_projection_not_recorded
1,connected,local-inventory-1ee11963-debf-4ea7-87fa-6aff1112cd89,b1063158-2084-48b5-54c2-a53d7764a8f8,Chimchar,PUG-08E89D65,available,1,,not_recorded,FL5V2FMHXN7OG5KSUZHLZCCB,1,1,not_recorded,visibility=visible;status=available;sellable_quantity=1,not_recorded,0,no_sync_record,,website_projection_missing;kiosk_projection_not_recorded
1,connected,local-inventory-04f1bcc3-c2c1-46dd-ba36-c806d6275a7a,b08d01ec-78cd-0907-c85a-94fa51728c73,Regidrago V,PUG-D1760441-01,available,8,,not_recorded,ON5UIX7CE4MG4VVJ66IVDRM2,8,8,not_recorded,visibility=visible;status=available;sellable_quantity=8,not_recorded,0,synced,,website_projection_missing;kiosk_projection_not_recorded
1,connected,local-inventory-5abb2301-1031-4a2c-aa8e-86e91ec0c673,0e32abfb-db73-60cf-aaf4-cc40118e29ed,Regidrago V,PUG-D1760441-02,removed,0,,not_recorded,SYEA5TCMVKGCBNH44SHJM4BY,0,0,not_recorded,visibility=hidden;status=removed;sellable_quantity=0,not_recorded,0,synced,,website_projection_missing;kiosk_projection_not_recorded
1,connected,local-inventory-503b1a62-e7aa-41f7-8530-e756d73e743b,bcc1f181-711d-d7ab-096b-13569fdf980c,Regidrago V,PUG-D1760441-03,removed,0,,not_recorded,I3ZXEYVA23CQGWPXT3O7SABH,0,0,not_recorded,visibility=hidden;status=removed;sellable_quantity=0,not_recorded,0,synced,,website_projection_missing;kiosk_projection_not_recorded
1,connected,local-inventory-d4209ba5-cd29-44ec-a908-953825e9a4cb,15e374e7-4e11-ab0f-7bf2-c1cf960f23c4,Regidrago V,PUG-D1760441-04,removed,0,,not_recorded,ZVUHZCVGZ4RV6FQEEWPF2XH3,0,0,not_recorded,visibility=hidden;status=removed;sellable_quantity=0,not_recorded,0,synced,,website_projection_missing;kiosk_projection_not_recorded
1,connected,local-inventory-c93e4f39-8b15-462a-bf65-f1dc621495c3,cc0607d8-5b9c-85f4-70b2-8dbf4f351f99,Mew VMAX,PUG-07B6375C,available,1,,not_recorded,WQLXCWGOKIQKXPQH4RJ32J6J,1,1,not_recorded,visibility=visible;status=available;sellable_quantity=1,not_recorded,0,synced,,website_projection_missing;kiosk_projection_not_recorded
1,connected,local-inventory-bf335e1e-e3aa-4d01-a055-f99f53a0e08b,452e095f-5b61-5430-f62f-73e6cb8fb8c6,Regieleki V,PUG-C4C0B742-01,removed,0,,not_recorded,DXSS64TIURHLBU5BCSD3XD65,0,0,not_recorded,visibility=hidden;status=removed;sellable_quantity=0,not_recorded,0,synced,,website_projection_missing;kiosk_projection_not_recorded
1,connected,local-inventory-1eee9a56-e1b0-4886-b60b-97bd885351bd,6e7393a3-c85d-5f9b-c871-ce9925039bc4,Regieleki V,PUG-C4C0B742-02,available,5,,not_recorded,OX26G4SWF5KVCAGQ7XYCN6NX,5,5,not_recorded,visibility=visible;status=available;sellable_quantity=5,not_recorded,0,synced,,website_projection_missing;kiosk_projection_not_recorded
1,connected,local-inventory-fe4ab466-5a31-4408-a04d-8b99fd837b9f,9fc51dc4-5317-78ee-a2d1-7cfb5475a9dd,Regieleki V,PUG-C4C0B742-03,removed,0,,not_recorded,XMTM6BJR6PERZSGM2VNZHRSO,0,0,not_recorded,visibility=hidden;status=removed;sellable_quantity=0,not_recorded,0,synced,,website_projection_missing;kiosk_projection_not_recorded
1,connected,local-inventory-fd269b45-b5ba-4527-998d-61158a3dbc36,bff5e728-7d27-913c-cd39-ad54bde964b1,Perrin,PUG-0CCF7895,removed,0,,not_recorded,,,,not_recorded,visibility=hidden;status=removed;sellable_quantity=0,not_recorded,0,synced,,website_projection_missing;kiosk_projection_not_recorded
1,connected,local-inventory-eca71269-e9c4-40cb-8134-b892889ff497,023bf051-63dd-7ce8-6b32-1cc5a1e017d6,Bloodmoon Ursaluna ex,PUG-CC127770-01,removed,0,,not_recorded,XV466LPM5KHWEWCOIUGVOTO3,0,0,not_recorded,visibility=hidden;status=removed;sellable_quantity=0,not_recorded,0,synced,,website_projection_missing;kiosk_projection_not_recorded
1,connected,local-inventory-8e448ba3-3219-4f47-88fe-e6aec0f723e9,411a0a90-9991-2d27-b745-f7d3a015c7a4,Bloodmoon Ursaluna ex,PUG-CC127770-02,available,3,,not_recorded,5G67DCUWP2H2BX6BXUVAKXHR,3,3,not_recorded,visibility=visible;status=available;sellable_quantity=3,not_recorded,0,synced,,website_projection_missing;kiosk_projection_not_recorded
1,connected,local-inventory-db078ddd-3c86-4e73-a08b-88c5fad11b51,f8f55553-5cea-a523-d33e-cb0dee07b5fd,Bloodmoon Ursaluna ex,PUG-B0DDFD14,removed,0,,not_recorded,PB3ATZRGA6GIB4ZL6SQN74BZ,0,0,not_recorded,visibility=hidden;status=removed;sellable_quantity=0,not_recorded,0,synced,,website_projection_missing;kiosk_projection_not_recorded
1,connected,local-inventory-0207f086-8ee3-4dea-ba0e-265bddbd7df0,17f11592-a3b4-8368-046c-b0f33d66e8f1,Leafeon ex,PUG-9B9BFF2A,removed,0,,not_recorded,,,,not_recorded,visibility=hidden;status=removed;sellable_quantity=0,not_recorded,0,synced,,website_projection_missing;kiosk_projection_not_recorded
1,connected,local-inventory-f570aa29-814a-4d86-a481-72d1c5224f2d,4a422df5-3811-75cf-ce4d-68aafcc08fba,Regirock ex,PUG-50CBB81A,removed,1,,not_recorded,,,,not_recorded,visibility=hidden;status=removed;sellable_quantity=0,not_recorded,0,synced,,website_projection_missing;kiosk_projection_not_recorded
1,connected,local-inventory-7f0c7238-48c3-4ce1-8e22-af1fab176749,ecd92f03-fb1b-0ce1-82a7-0e7b19c8c92f,Regirock ex,PUG-6D026373,removed,0,,not_recorded,,,,not_recorded,visibility=hidden;status=removed;sellable_quantity=0,not_recorded,0,synced,,website_projection_missing;kiosk_projection_not_recorded
1,connected,local-inventory-31f205fe-c91d-4811-b856-11f9fb4d38e7,e9e3cb7e-73f5-4849-d9a8-7c10bf356259,Venusaur,PUG-6D3BD82C,removed,1,,not_recorded,TAR5X3KJG2SFH7KSHWVT6SRU,0,0,not_recorded,visibility=hidden;status=removed;sellable_quantity=0,not_recorded,0,synced,,website_projection_missing;kiosk_projection_not_recorded
1,connected,local-inventory-cf4038ce-afb0-463a-a99e-ff93bcf4b08e,dc43fe4e-f478-bea5-d3fd-be7b5e3301b7,ミュウVMAX,PUG-0317FDF5-01,removed,0,,not_recorded,,,,not_recorded,visibility=hidden;status=removed;sellable_quantity=0,not_recorded,0,synced,,website_projection_missing;kiosk_projection_not_recorded
1,connected,local-inventory-45d3b57a-a20b-4e5d-a244-11b3a70a008e,a27bf472-e73a-5cd1-009e-811c1229327b,ミュウVMAX,PUG-0317FDF5-02,available,1,,not_recorded,YSSN75QERW2PQRUSPGOAKNQH,1,1,not_recorded,visibility=visible;status=available;sellable_quantity=1,not_recorded,0,synced,,website_projection_missing;kiosk_projection_not_recorded
1,connected,local-inventory-c01363aa-52a7-4b9a-85e7-6a0dbe0bd08c,b41bcb07-1447-7bb8-f859-e251fe7a0b2e,ミュウVMAX,PUG-0317FDF5-03,removed,0,,not_recorded,,,,not_recorded,visibility=hidden;status=removed;sellable_quantity=0,not_recorded,0,synced,,website_projection_missing;kiosk_projection_not_recorded
1,connected,local-inventory-3cb5cd73-bcad-4b06-8c85-919cd59c9c21,5c495e76-2b41-2c68-bd13-fb7602e2f372,Alakazam,PUG-17C5C409,available,1,,not_recorded,T6EMRRUJ6ZRMVA4XWYE2BV45,1,1,not_recorded,visibility=visible;status=available;sellable_quantity=1,not_recorded,0,synced,,website_projection_missing;kiosk_projection_not_recorded
1,connected,local-inventory-4d91d1b3-a1c1-4316-93da-dcbc91c5381c,1f316258-6188-2108-193e-730ca8064733,メタモン,PUG-93C9EDB1,removed,1,,not_recorded,,,,not_recorded,visibility=hidden;status=removed;sellable_quantity=0,not_recorded,0,synced,,website_projection_missing;kiosk_projection_not_recorded
1,connected,local-inventory-8d834c91-0a20-47a2-9ab6-d9042b3933aa,cec74365-da6b-d37a-527f-272eaf2b031e,Duskull,PUG-F4E8DB8C,sold,0,,not_recorded,HYM77XJJKWUHOYA5ES2F2DCS,0,0,not_recorded,visibility=visible;status=sold;sellable_quantity=0,not_recorded,0,no_sync_record,,website_projection_missing;kiosk_projection_not_recorded
1,connected,local-inventory-82729e22-0e27-4065-a9ee-77b8d36b5126,d5076076-5702-baac-5d3f-ef74717c03f1,Drowzee,PUG-1F7F268A,sold,0,,not_recorded,QC6LBNC737QKOQBK3BVNOEPG,0,0,not_recorded,visibility=visible;status=sold;sellable_quantity=0,not_recorded,0,no_sync_record,,website_projection_missing;kiosk_projection_not_recorded
1,connected,local-inventory-4d26b639-571b-4811-b76a-2d91bac4965a,86760ca1-958c-9431-e684-a202830534ba,Max Potion,PUG-600711B2,available,1,,not_recorded,MU7PXYMUPRVYRKQ37Y3K6OTW,1,1,not_recorded,visibility=visible;status=available;sellable_quantity=1,not_recorded,0,no_sync_record,,website_projection_missing;kiosk_projection_not_recorded
1,connected,local-inventory-496e84cc-7069-4ad3-b411-20304cb0199a,2bc49fa8-ffa5-2e68-fe09-438799817198,メタモン,PUG-B8C6A790,removed,0,,not_recorded,,,,not_recorded,visibility=hidden;status=removed;sellable_quantity=0,not_recorded,0,synced,,website_projection_missing;kiosk_projection_not_recorded
1,connected,local-inventory-acc500ee-bac9-4107-8f2e-a14cf5f330ed,4e1821c1-1eb6-94bf-583f-4d545cb9a069,Pokémon Communication,PUG-1B7C1199,available,1,,not_recorded,F24MFD6QNQGLXKZA5F4GNO6X,1,1,not_recorded,visibility=visible;status=available;sellable_quantity=1,not_recorded,0,no_sync_record,,website_projection_missing;kiosk_projection_not_recorded
1,connected,local-inventory-aa9ffde8-7491-49fa-9d19-d7177cdd71b8,87a9befb-9ed3-128d-2048-732f42122031,Daisy's Help,PUG-37EF8D2B,available,1,,not_recorded,LQN6N2VCMWQ2YHAXYIDUD3NQ,1,1,not_recorded,visibility=visible;status=available;sellable_quantity=1,not_recorded,0,no_sync_record,,website_projection_missing;kiosk_projection_not_recorded
1,connected,local-inventory-5eaf1f4d-32b8-4508-8d49-cf501bfa42f1,398dc875-7800-19b7-3d71-ad2e72636db2,Daisy's Help,PUG-8A7FF267,removed,1,,not_recorded,OTQ42PCYOXGIGOCQAELXRA7I,0,0,not_recorded,visibility=hidden;status=removed;sellable_quantity=0,not_recorded,0,synced,,website_projection_missing;kiosk_projection_not_recorded
1,connected,local-inventory-73304c2e-fc38-43f3-859f-aef6973c5af1,e157f03b-12d9-5982-e409-13c382259e17,Jasmine's Gaze,PUG-69ECC895,sold,1,,not_recorded,YO7M26TNRRSMU42L73BPGF3J,0,0,not_recorded,visibility=visible;status=sold;sellable_quantity=0,not_recorded,0,synced,,website_projection_missing;kiosk_projection_not_recorded
1,connected,local-inventory-b3e22cd8-8a07-46b7-a30b-4139f9fe0011,5c6955f4-cb79-99d8-ce0a-3c333801fec1,Judge,PUG-ACC759C2,removed,1,,not_recorded,,,,not_recorded,visibility=hidden;status=removed;sellable_quantity=0,not_recorded,0,synced,,website_projection_missing;kiosk_projection_not_recorded
1,connected,local-inventory-00217cad-bd74-42f2-9808-59a915a6afc8,583de8cd-a05a-5d45-e1a8-156372271890,Judge,PUG-1F876AA7,removed,1,,not_recorded,,,,not_recorded,visibility=hidden;status=removed;sellable_quantity=0,not_recorded,0,synced,,website_projection_missing;kiosk_projection_not_recorded
1,connected,local-inventory-2cfd3af7-3189-45d2-b5c5-23069a070066,c8f46da3-9a31-239a-b206-fbf4518f8730,Rocket's Persian ex,PUG-2FFA03BA,removed,0,,not_recorded,,,,not_recorded,visibility=hidden;status=removed;sellable_quantity=0,not_recorded,0,synced,,website_projection_missing;kiosk_projection_not_recorded
1,connected,local-inventory-689bf5b5-6953-438c-b7b0-828b01698a3a,52e9f019-5e05-d407-90d9-94a0d005730e,Judge,PUG-A3DA0DF7,available,3,,not_recorded,BZ4223HHEQ5JEGMKMEPZCPJV,3,3,not_recorded,visibility=visible;status=available;sellable_quantity=3,not_recorded,0,synced,,website_projection_missing;kiosk_projection_not_recorded
1,connected,local-inventory-3d50f8e6-9379-4bf7-897c-71773dfe5271,9cb5d9d9-f5a2-93b2-a89c-be5e02101d0f,Trafalgar Law,PUG-23ECB8B3,available,1,,not_recorded,EEPY53PCWYO4UHKDIFZZ3HIC,1,1,not_recorded,visibility=visible;status=available;sellable_quantity=1,not_recorded,0,synced,,website_projection_missing;kiosk_projection_not_recorded
1,connected,local-inventory-723831fb-7465-4209-a59f-106f568219eb,47b07515-112b-5909-dfba-6ea486bb5af1,Stussy,PUG-BD296A2A,available,1,,not_recorded,BZ2YGV6TBADOK7VKBPC32YIW,1,1,not_recorded,visibility=visible;status=available;sellable_quantity=1,not_recorded,0,synced,,website_projection_missing;kiosk_projection_not_recorded
1,connected,local-inventory-a4580dc7-13e6-4305-b970-807e4bfa1609,5d6c8b04-fb68-1891-ba5e-c109bd47d58b,Gecko Moria,PUG-2F6FEC31,available,1,,not_recorded,ML32NQWLDCKQQICVOOZ265W5,1,1,not_recorded,visibility=visible;status=available;sellable_quantity=1,not_recorded,0,synced,,website_projection_missing;kiosk_projection_not_recorded
1,connected,local-inventory-7a4bc805-4310-4fe5-817d-af8ccd0c1794,657dca92-8c16-3f5b-1e03-c04c562d9d91,Perona,PUG-8E375C0B,available,1,,not_recorded,4XDLBPHV5JMJXO5INS3MIIMT,1,1,not_recorded,visibility=visible;status=available;sellable_quantity=1,not_recorded,0,synced,,website_projection_missing;kiosk_projection_not_recorded
1,connected,local-inventory-e88853a7-1a5b-40f0-b3cc-f60d3a788f8c,afa837cd-631f-1322-d17f-879fd8e5f1d3,Boa Hancock,PUG-E766268D-01,available,1,,not_recorded,CQNXLJVZ4X3HQVBZDEZ4S3B6,1,1,not_recorded,visibility=visible;status=available;sellable_quantity=1,not_recorded,0,no_sync_record,,website_projection_missing;kiosk_projection_not_recorded
1,connected,local-inventory-3c3aa4b8-97a5-42b6-9607-a3b4a19036ac,bebc4fd9-4adf-8eb5-4073-987e55429162,Boa Hancock,PUG-E766268D-02,available,1,,not_recorded,TFOSNZICXKA465BTJCI776VY,1,0,not_recorded,visibility=visible;status=available;sellable_quantity=1,not_recorded,0,no_sync_record,,website_projection_missing;square_count_mismatch;kiosk_projection_not_recorded
1,connected,local-inventory-930a001a-e957-4e0c-86d4-65dbe2d4e416,710a6a93-889f-9f79-3e38-c885ca6146ae,Boa Hancock,PUG-E766268D-03,available,1,,not_recorded,YMHMBOKFN3JTYHDUNMRVVPEJ,1,1,not_recorded,visibility=visible;status=available;sellable_quantity=1,not_recorded,0,no_sync_record,,website_projection_missing;kiosk_projection_not_recorded
1,connected,local-inventory-cedcbfb3-9007-4e44-8271-2426cba96dc3,c6c606af-2ddb-df18-29e0-86a7f8ed46bf,Mr.3(Galdino),PUG-EC6CFC3C-01,available,1,,not_recorded,GJYU4VHGTZRAAHUSCBV57MUJ,1,1,not_recorded,visibility=visible;status=available;sellable_quantity=1,not_recorded,0,synced,,website_projection_missing;kiosk_projection_not_recorded
1,connected,local-inventory-8f981d29-61a5-4dd5-bfab-1aa31fb5cdcc,e03b3b5a-d908-ca5c-ab40-2c10e3b76542,Mr.3(Galdino),PUG-EC6CFC3C-02,available,1,,not_recorded,K733EQ5HZ5OKDDPDZ2CUTYR5,1,1,not_recorded,visibility=visible;status=available;sellable_quantity=1,not_recorded,0,synced,,website_projection_missing;kiosk_projection_not_recorded
1,connected,local-inventory-7d67d429-6b48-4cf7-9cd7-428de82abc6f,30eadd17-b4f6-37a9-0629-2e84af66c0c6,Lillie's Determination,PUG-6E5B3CCE,sold,0,,not_recorded,B4XH2W5MNH3PVYHEE5UNWJRA,0,0,not_recorded,visibility=visible;status=sold;sellable_quantity=0,not_recorded,0,no_sync_record,,website_projection_missing;kiosk_projection_not_recorded
1,connected,local-inventory-d64cc3d8-f7f0-443e-9c91-a806bd1a92f2,b8223877-842f-7e32-8b5c-b588013a1531,Mr.2.Bon.Kurei(Bentham),PUG-F042FE25,available,1,,not_recorded,LN5YQI67FPHQV2M4MA3XQQSD,1,1,not_recorded,visibility=visible;status=available;sellable_quantity=1,not_recorded,0,synced,,website_projection_missing;kiosk_projection_not_recorded
1,connected,local-inventory-0da2eada-42da-4aab-88a7-6e38da28cdd7,8145a7e4-d844-f90b-584e-9a86107391e8,Trafalgar Law,PUG-830B2E54,available,1,,not_recorded,4QEI2TG7SNFTIUPPR3URJIIJ,1,0,not_recorded,visibility=visible;status=available;sellable_quantity=1,not_recorded,0,synced,,website_projection_missing;square_count_mismatch;kiosk_projection_not_recorded
1,connected,local-inventory-d7dddbb1-8263-4b9f-a400-97577677f81f,0cb08c80-7c3f-8444-ef47-c5b0cc44e0f3,Nefeltari Vivi,PUG-5AE6CB49,available,1,,not_recorded,ISAPIB2W6346UV2F5QZI6GMQ,1,1,not_recorded,visibility=visible;status=available;sellable_quantity=1,not_recorded,0,synced,,website_projection_missing;kiosk_projection_not_recorded
1,connected,local-inventory-bf8c0d5b-32f9-47e8-a155-d844f32ad49f,0b6b482f-d687-efe0-8297-dbf902f2af29,Mamaragan,PUG-463F2DC0,available,1,status=available;quantity=1;online=visible;kiosk=visible,not_recorded,VQTWK7ICFTNHFNRCJO7CK4KU,1,1,not_recorded,visibility=visible;status=available;sellable_quantity=1,not_recorded,0,synced,,kiosk_projection_not_recorded
1,connected,local-inventory-2a96a489-8c27-4816-a8c1-9616b605a0cc,0d30c9bf-2f87-25b7-9e4a-394b5bbf610b,Borsalino,PUG-1030BB5C,available,1,,not_recorded,ULCRHZ3DAQFYBTSROQESW27Y,1,1,not_recorded,visibility=visible;status=available;sellable_quantity=1,not_recorded,0,synced,,website_projection_missing;kiosk_projection_not_recorded
1,connected,local-inventory-03a5b96f-369f-4c4c-8334-732739789957,b9649607-2541-d725-619a-b5413ba141c2,Sanji,PUG-CBB6223F,available,1,,not_recorded,SBXZTP6EQIPG2E5KE63MPDDX,1,1,not_recorded,visibility=visible;status=available;sellable_quantity=1,not_recorded,0,synced,,website_projection_missing;kiosk_projection_not_recorded
1,connected,local-inventory-81851da2-456b-4e8b-84d8-5cadd4361212,be140a0d-e3f6-6bf5-c528-4cfd65af0e6d,Gol.D.Roger,PUG-B4728A3C,sold,0,,not_recorded,STOH7SGK2MW5SZ4GQYPV4SBU,0,0,not_recorded,visibility=visible;status=sold;sellable_quantity=0,not_recorded,0,no_sync_record,,website_projection_missing;kiosk_projection_not_recorded
1,connected,local-inventory-dd967cec-96b9-46ba-86c6-a7c00aedf866,158175b7-10c1-e8a7-76b5-ce054088d092,Bombirdier ex,PUG-D9CDFC1D-01,available,1,,not_recorded,RSWOFYZAD6GM2JLYHZB7SGIX,1,1,not_recorded,visibility=visible;status=available;sellable_quantity=1,not_recorded,0,no_sync_record,,website_projection_missing;kiosk_projection_not_recorded
1,connected,local-inventory-0a605218-3134-4c10-805d-e977a41feb08,e56996d6-1674-7071-27d2-61de9685e618,Bombirdier ex,PUG-D9CDFC1D-02,available,1,,not_recorded,5TMYGIC2QZLWJQXTNE5QPEGA,1,1,not_recorded,visibility=visible;status=available;sellable_quantity=1,not_recorded,0,no_sync_record,,website_projection_missing;kiosk_projection_not_recorded
1,connected,local-inventory-43b55152-4e00-4931-bb03-4352deb17443,43cd6936-f4a9-93ec-b386-82cd367fc740,Bombirdier ex,PUG-D9CDFC1D-03,available,1,,not_recorded,JTMTGD4AMRTAFFNCUKH5F7ZJ,1,1,not_recorded,visibility=visible;status=available;sellable_quantity=1,not_recorded,0,no_sync_record,,website_projection_missing;kiosk_projection_not_recorded
1,connected,local-inventory-fea2af70-e7cc-4764-b494-d067817573d5,f60188ea-65f6-73d6-3ad4-9ec865f2ad4c,Ohm,PUG-23DDF165,available,1,,not_recorded,V7OHXM6ODMLIBFATTLHPP3BJ,1,1,not_recorded,visibility=visible;status=available;sellable_quantity=1,not_recorded,0,synced,,website_projection_missing;kiosk_projection_not_recorded
1,connected,local-inventory-1a960776-f8e4-4a60-afa5-2e2272000167,910e6c8c-3e56-e431-8e20-f0f8c20de30a,Monet,PUG-0BEE78E0,available,1,,not_recorded,C5NQRIVJJHWDW7U67TJTJQ7A,1,1,not_recorded,visibility=visible;status=available;sellable_quantity=1,not_recorded,0,synced,,website_projection_missing;kiosk_projection_not_recorded
1,connected,local-inventory-11531bd4-bd61-4151-b2bc-08bfa3fa763c,49fadcce-b09f-4311-e6db-a3198eb3d0c4,Crocodile,PUG-FB6AECF2,available,1,,not_recorded,S7E6HR5QUQDWZ5F24PODBOFK,1,1,not_recorded,visibility=visible;status=available;sellable_quantity=1,not_recorded,0,synced,,website_projection_missing;kiosk_projection_not_recorded
1,connected,local-inventory-906048c0-17dd-42b0-afd7-707195e4c291,16844cda-6a23-d9ab-5ee2-bf6df7e7b3f9,Paldean Clodsire ex,PUG-E849F2C4,sold,0,,not_recorded,4J6KISRWRNJN6WQ2L2WC24DY,0,0,not_recorded,visibility=visible;status=sold;sellable_quantity=0,not_recorded,0,no_sync_record,,website_projection_missing;kiosk_projection_not_recorded
1,connected,local-inventory-8d53ddfe-d3aa-4612-ac46-84afe13e0795,1d388c21-d1f8-9bc8-e8de-f39e4a092d68,Cofagrigus ex,PUG-5401AECA,available,1,,not_recorded,GQC7DGB66A7OZY2JJNPY26U3,1,0,not_recorded,visibility=visible;status=available;sellable_quantity=1,not_recorded,0,no_sync_record,,website_projection_missing;square_count_mismatch;kiosk_projection_not_recorded
1,connected,local-inventory-529aa458-f4cf-4ac5-abac-2c95dd7dd6fc,5743981f-c599-9bce-d986-8b843e0b9984,Copperajah ex,PUG-5F5D1337-01,available,1,,not_recorded,KRTOLTBSU7ODYMAY46BYMCOF,1,1,not_recorded,visibility=visible;status=available;sellable_quantity=1,not_recorded,0,no_sync_record,,website_projection_missing;kiosk_projection_not_recorded
1,connected,local-inventory-05a4a7f8-d980-4fd0-882d-3f95ef76072f,0c90f93f-785e-5cf2-c8ec-3127da6d2863,Copperajah ex,PUG-5F5D1337-02,available,1,,not_recorded,JM6QN6XTW2UVUEPRHZ2UWENK,1,0,not_recorded,visibility=visible;status=available;sellable_quantity=1,not_recorded,0,no_sync_record,,website_projection_missing;square_count_mismatch;kiosk_projection_not_recorded
1,connected,local-inventory-a6ecd997-7c70-47d9-9138-2d7195c7bf6d,68721d7a-184e-7922-9b4f-644a178b5c0d,Copperajah ex,PUG-5F5D1337-03,available,1,,not_recorded,IAFQZ3PI2VGIZ35MLV7LBR2X,1,1,not_recorded,visibility=visible;status=available;sellable_quantity=1,not_recorded,0,no_sync_record,,website_projection_missing;kiosk_projection_not_recorded
1,connected,local-inventory-1250b1b2-a97b-4bcc-b834-d868b16a4145,6b52e732-c0b9-7610-079b-b11a79c0c9e2,Copperajah ex,PUG-5F5D1337-04,available,1,,not_recorded,AWIFIUO5GZRPWJAMHYSX5AIZ,1,1,not_recorded,visibility=visible;status=available;sellable_quantity=1,not_recorded,0,no_sync_record,,website_projection_missing;kiosk_projection_not_recorded
1,connected,local-inventory-a47c0f01-361f-4ea6-8d30-4628d29bc562,3ba61688-4931-5a9b-5626-0192d7e7b475,Copperajah ex,PUG-5F5D1337-05,available,1,,not_recorded,26N6UQOYABIBJLF3Z2VALXPV,1,1,not_recorded,visibility=visible;status=available;sellable_quantity=1,not_recorded,0,no_sync_record,,website_projection_missing;kiosk_projection_not_recorded
1,connected,local-inventory-d9726cb2-e9ea-4f27-8887-150f8baab53b,b80b7d82-47e0-cd88-56d6-f89216dc9087,Cyclizar ex,PUG-64EBD6AF-01,available,1,,not_recorded,QN4NTMMBHFBQI5O7UOECNDG3,1,1,not_recorded,visibility=visible;status=available;sellable_quantity=1,not_recorded,0,no_sync_record,,website_projection_missing;kiosk_projection_not_recorded
1,connected,local-inventory-8f1bd3fe-2b59-4632-acf7-93a099285e40,32d7bba0-ceca-a20a-546d-2b0bb75f67a2,Cyclizar ex,PUG-64EBD6AF-02,sold,0,,not_recorded,XQL3RJAFFB7RZTXAHQUVZAFC,0,0,not_recorded,visibility=visible;status=sold;sellable_quantity=0,not_recorded,0,no_sync_record,,website_projection_missing;kiosk_projection_not_recorded
1,connected,local-inventory-8d18483f-e366-423c-a6d9-63704a9f2e02,c43ff087-49df-ec78-522f-f6cd30dd5202,Dondozo ex,PUG-9C25BD99-01,available,1,,not_recorded,2SOQIHL6K4LKEKC2LVYAXW4Y,1,0,not_recorded,visibility=visible;status=available;sellable_quantity=1,not_recorded,0,no_sync_record,,website_projection_missing;square_count_mismatch;kiosk_projection_not_recorded
1,connected,local-inventory-1d6f3826-b1e9-4e0d-9a73-829081ecc736,904659ab-808b-066b-e5c7-aaddd515d204,Dondozo ex,PUG-9C25BD99-02,available,1,,not_recorded,547ZRFBZ6T3LMRMZQVJ3Y4QC,1,1,not_recorded,visibility=visible;status=available;sellable_quantity=1,not_recorded,0,no_sync_record,,website_projection_missing;kiosk_projection_not_recorded
1,connected,local-inventory-7e3e99fe-407d-4179-abc1-8bdb050eb5f8,2705e3f3-b3b4-cafb-0b22-dbde3d6be32f,Dudunsparce ex,PUG-07F360BE-01,available,1,,not_recorded,MFKQNDPIXIISM53BI3B24W2K,1,1,not_recorded,visibility=visible;status=available;sellable_quantity=1,not_recorded,0,synced,,website_projection_missing;kiosk_projection_not_recorded
1,connected,local-inventory-4952aeb3-494f-4897-9f26-ad650f00be1c,c9956bf5-3b67-423e-7464-d9cb8331746f,Dudunsparce ex,PUG-07F360BE-02,available,1,,not_recorded,XPTB5TX5IVOSS2CU2YAVLSSP,1,1,not_recorded,visibility=visible;status=available;sellable_quantity=1,not_recorded,0,synced,,website_projection_missing;kiosk_projection_not_recorded
1,connected,local-inventory-8fc8e7b8-543d-4e35-9df6-381b0215c3f2,5d3ff0c6-ca59-17c5-faa7-41810f8cffe3,Dudunsparce ex,PUG-07F360BE-03,available,1,,not_recorded,CSTDZEHCSVI7AATCOAGAVCNH,1,1,not_recorded,visibility=visible;status=available;sellable_quantity=1,not_recorded,0,synced,,website_projection_missing;kiosk_projection_not_recorded
1,connected,local-inventory-72544314-d387-4708-8643-6708b8f4aeab,4945d335-5fbc-54ea-bac6-336392bd7a35,Dudunsparce ex,PUG-07F360BE-04,available,1,,not_recorded,2IHF5O756IVCXOPPX6JZ44NV,1,1,not_recorded,visibility=visible;status=available;sellable_quantity=1,not_recorded,0,synced,,website_projection_missing;kiosk_projection_not_recorded
1,connected,local-inventory-9ce4f140-72ae-49fd-a611-6a0f9a924ffb,108150a8-3407-cdef-1abc-12d65ea5f33d,Dudunsparce ex,PUG-07F360BE-05,available,1,,not_recorded,DMCF5CLIFD6IF2YNQOVT5V6G,1,1,not_recorded,visibility=visible;status=available;sellable_quantity=1,not_recorded,0,synced,,website_projection_missing;kiosk_projection_not_recorded
1,connected,local-inventory-ed0bdc66-2d06-4813-a7e2-1dc28fc544bd,80c5fae1-9d9b-2fca-bc05-1b152157173c,Durant ex,PUG-9DF2B7F7-01,removed,0,,not_recorded,,,,not_recorded,visibility=hidden;status=removed;sellable_quantity=0,not_recorded,0,synced,,website_projection_missing;kiosk_projection_not_recorded
1,connected,local-inventory-ac9c2e90-d487-4527-9d01-346286c8029d,d333d542-e818-9963-1769-892d539919a6,Durant ex,PUG-9DF2B7F7-02,removed,0,,not_recorded,,,,not_recorded,visibility=hidden;status=removed;sellable_quantity=0,not_recorded,0,synced,,website_projection_missing;kiosk_projection_not_recorded
1,connected,local-inventory-72921f30-f230-469d-b81b-251c0856110b,bc83804d-0971-f6ee-1023-52eb59ef19d5,Durant ex,PUG-9DF2B7F7-03,available,0,,not_recorded,,,,not_recorded,visibility=visible;status=available;sellable_quantity=0,not_recorded,0,synced,,website_projection_missing;kiosk_projection_not_recorded
1,connected,local-inventory-da4758e7-bfad-4919-8385-03faba14a0df,329f6759-9db1-89bf-5a2c-189ee21be938,Durant ex,PUG-9DF2B7F7-04,removed,0,,not_recorded,,,,not_recorded,visibility=hidden;status=removed;sellable_quantity=0,not_recorded,0,synced,,website_projection_missing;kiosk_projection_not_recorded
1,connected,local-inventory-0fa4d925-cd2b-4331-a826-e040e0b9e9c9,875da666-9597-e6b7-94dc-0335e6489989,Amoonguss ex,PUG-FE8E9849-01,removed,0,,not_recorded,,,,not_recorded,visibility=hidden;status=removed;sellable_quantity=0,not_recorded,0,synced,,website_projection_missing;kiosk_projection_not_recorded
1,connected,local-inventory-0180f648-75b2-4ab3-8cea-67f8cecbd2c6,5e24e0a4-dbee-5ca7-30e8-608f889348c5,Amoonguss ex,PUG-FE8E9849-02,available,5,,not_recorded,YFBIJTEOX4MUCEW3RB7YRGTK,5,4,not_recorded,visibility=visible;status=available;sellable_quantity=5,not_recorded,0,no_sync_record,,website_projection_missing;square_count_mismatch;kiosk_projection_not_recorded
1,connected,local-inventory-5afc3eaa-13d6-4913-afcc-a6efd09d0c54,a6fcae8b-aa11-7e86-5a9f-cf0f34f41e18,Amoonguss ex,PUG-FE8E9849-03,removed,0,,not_recorded,,,,not_recorded,visibility=hidden;status=removed;sellable_quantity=0,not_recorded,0,synced,,website_projection_missing;kiosk_projection_not_recorded
1,connected,local-inventory-3fff846f-d8ab-4647-a752-85c0b8f8ba46,670165f8-ee45-76bd-0315-87a8e0cbbf4a,Amoonguss ex,PUG-FE8E9849-04,removed,0,,not_recorded,,,,not_recorded,visibility=hidden;status=removed;sellable_quantity=0,not_recorded,0,synced,,website_projection_missing;kiosk_projection_not_recorded
1,connected,local-inventory-b7b6dd2a-cc9a-4187-9732-828ea0b4b1cd,7e7c2fd1-3a9f-4fae-a9a1-7516075495e8,Amoonguss ex,PUG-FE8E9849-05,removed,0,,not_recorded,,,,not_recorded,visibility=hidden;status=removed;sellable_quantity=0,not_recorded,0,synced,,website_projection_missing;kiosk_projection_not_recorded
1,connected,local-inventory-bb11dd71-dec1-4110-aa5b-90822ff5deec,cd8899af-7ab0-adc5-f288-08ff20019245,Arboliva ex,PUG-C6899F45-01,removed,1,,not_recorded,,,,not_recorded,visibility=hidden;status=removed;sellable_quantity=0,not_recorded,0,synced,,website_projection_missing;kiosk_projection_not_recorded
1,connected,local-inventory-40f9e838-4c13-4618-897e-f325e6dd83e0,e73d1f43-193f-9716-4faa-48163ca1cf7b,Arboliva ex,PUG-C6899F45-02,removed,1,,not_recorded,,,,not_recorded,visibility=hidden;status=removed;sellable_quantity=0,not_recorded,0,synced,,website_projection_missing;kiosk_projection_not_recorded
1,connected,local-inventory-f2897b7c-6bfb-47a9-aecc-b8fef3043d64,b04f2a38-81fc-cbb4-2168-2ab2b9d46b9d,Arboliva ex,PUG-C6899F45-03,removed,1,,not_recorded,,,,not_recorded,visibility=hidden;status=removed;sellable_quantity=0,not_recorded,0,synced,,website_projection_missing;kiosk_projection_not_recorded
1,connected,local-inventory-ca4008d4-4efa-4d41-9f9f-e4c2ba4e1a7a,05b03a8f-618e-d830-e7c1-c9eed5b315bd,Arboliva ex,PUG-C6899F45-04,removed,1,,not_recorded,,,,not_recorded,visibility=hidden;status=removed;sellable_quantity=0,not_recorded,0,synced,,website_projection_missing;kiosk_projection_not_recorded
1,connected,local-inventory-5e68477d-4bdb-407b-9422-335dcdf21a69,a0a08aac-28f5-bf3e-a882-e871d9ecd99b,Arboliva ex,PUG-C6899F45-05,removed,1,,not_recorded,,,,not_recorded,visibility=hidden;status=removed;sellable_quantity=0,not_recorded,0,synced,,website_projection_missing;kiosk_projection_not_recorded
1,connected,local-inventory-e4879a7f-291b-4e39-aeb0-889c458e28af,d183e99e-8904-f319-2ad0-d136c881d7dc,Arboliva ex,PUG-C6899F45-06,removed,1,,not_recorded,,,,not_recorded,visibility=hidden;status=removed;sellable_quantity=0,not_recorded,0,synced,,website_projection_missing;kiosk_projection_not_recorded
1,connected,local-inventory-de9307c5-c234-4c2c-b396-542c5e9a03a6,d43a7513-ee96-2abb-2cac-77a42e896dd1,Arboliva ex,PUG-C6899F45-07,removed,1,,not_recorded,,,,not_recorded,visibility=hidden;status=removed;sellable_quantity=0,not_recorded,0,synced,,website_projection_missing;kiosk_projection_not_recorded
1,connected,local-inventory-ef433eb4-0fbb-4b66-aab4-368cff17624c,0a32ac58-68be-8711-69be-41d399482e9a,Arboliva ex,PUG-C6899F45-08,removed,1,,not_recorded,,,,not_recorded,visibility=hidden;status=removed;sellable_quantity=0,not_recorded,0,synced,,website_projection_missing;kiosk_projection_not_recorded
1,connected,local-inventory-6187599b-7996-4f57-99d9-3ad51e714c2c,83e87a26-7781-d2be-47f9-06cad24325e4,Arboliva ex,PUG-C6899F45-09,removed,1,,not_recorded,,,,not_recorded,visibility=hidden;status=removed;sellable_quantity=0,not_recorded,0,synced,,website_projection_missing;kiosk_projection_not_recorded
1,connected,local-inventory-1e902cbd-1bc1-4d2f-b3bb-3a0b0fefc08f,b9e6949d-4d48-3b57-ea93-4abd1cc570b7,Arboliva ex,PUG-C6899F45-10,removed,1,,not_recorded,,,,not_recorded,visibility=hidden;status=removed;sellable_quantity=0,not_recorded,0,synced,,website_projection_missing;kiosk_projection_not_recorded
1,connected,local-inventory-7e23609d-f8a3-4779-ab47-42052bfca693,cbd0c26d-bce3-ca4d-114c-3bc93a1f5dee,Arboliva ex,PUG-C6899F45-11,removed,1,,not_recorded,,,,not_recorded,visibility=hidden;status=removed;sellable_quantity=0,not_recorded,0,synced,,website_projection_missing;kiosk_projection_not_recorded
1,connected,local-inventory-0822e636-0234-447d-bbd9-7c0fe5e94901,c4e7b2cf-5ae6-22e3-9553-3769ae07a941,Arboliva ex,PUG-C6899F45-12,removed,1,,not_recorded,,,,not_recorded,visibility=hidden;status=removed;sellable_quantity=0,not_recorded,0,synced,,website_projection_missing;kiosk_projection_not_recorded
1,connected,local-inventory-cb5c0fd2-88c4-4a50-ab87-0e5eb52676c5,4e945835-7876-0937-f155-ea5187a5ea2b,Arboliva ex,PUG-C6899F45-13,removed,1,,not_recorded,,,,not_recorded,visibility=hidden;status=removed;sellable_quantity=0,not_recorded,0,synced,,website_projection_missing;kiosk_projection_not_recorded
1,connected,local-inventory-1dac68b0-c0bf-4b5b-baec-ebe857fdf9a5,598974ff-767d-ac61-c179-eb314e1bf209,Arboliva ex,PUG-C6899F45-14,removed,1,,not_recorded,,,,not_recorded,visibility=hidden;status=removed;sellable_quantity=0,not_recorded,0,synced,,website_projection_missing;kiosk_projection_not_recorded
1,connected,local-inventory-9a18e998-d025-43db-b274-c4b4f7b95450,b499465c-2c26-5d17-4c40-2240dd250b76,Arboliva ex,PUG-C6899F45-15,removed,1,,not_recorded,,,,not_recorded,visibility=hidden;status=removed;sellable_quantity=0,not_recorded,0,synced,,website_projection_missing;kiosk_projection_not_recorded
1,connected,local-inventory-8e47a77e-230a-4cb6-a80e-7621a1f5c358,dc89deae-38ae-00bb-0420-a1786088b677,Arboliva ex,PUG-A69B935A-01,removed,1,,not_recorded,,,,not_recorded,visibility=hidden;status=removed;sellable_quantity=0,not_recorded,0,synced,,website_projection_missing;kiosk_projection_not_recorded
1,connected,local-inventory-e2580e11-6461-4312-802c-e4eecbe34433,c367a540-a88d-231d-45bb-065a985b973e,Arboliva ex,PUG-A69B935A-02,removed,1,,not_recorded,,,,not_recorded,visibility=hidden;status=removed;sellable_quantity=0,not_recorded,0,synced,,website_projection_missing;kiosk_projection_not_recorded
1,connected,local-inventory-5017d11a-52a8-4cbc-99db-80c8de1a206f,1acadcee-9675-658a-1257-b5a67a9117f5,Arboliva ex,PUG-A69B935A-03,removed,1,,not_recorded,,,,not_recorded,visibility=hidden;status=removed;sellable_quantity=0,not_recorded,0,synced,,website_projection_missing;kiosk_projection_not_recorded
1,connected,local-inventory-0a1f71f6-5598-4996-a2e5-6cf6cf4a1e6a,77d9634f-89e0-8f38-a22f-fb9af60038f0,Arboliva ex,PUG-A69B935A-04,removed,1,,not_recorded,,,,not_recorded,visibility=hidden;status=removed;sellable_quantity=0,not_recorded,0,synced,,website_projection_missing;kiosk_projection_not_recorded
1,connected,local-inventory-5d4439e4-a3aa-4132-b865-7b7853520f42,df8ca272-2dcf-da3b-3504-24e1c8939fc2,Arboliva ex,PUG-A69B935A-05,removed,1,,not_recorded,,,,not_recorded,visibility=hidden;status=removed;sellable_quantity=0,not_recorded,0,synced,,website_projection_missing;kiosk_projection_not_recorded
1,connected,local-inventory-60eecfb4-1d4a-4558-afd4-7d04b9f378ff,630d7f3b-9d07-a124-0d24-dfa52baaa11b,Arboliva ex,PUG-A69B935A-06,removed,1,,not_recorded,,,,not_recorded,visibility=hidden;status=removed;sellable_quantity=0,not_recorded,0,synced,,website_projection_missing;kiosk_projection_not_recorded
1,connected,local-inventory-82f4f933-00a6-4b46-a861-66e13cc98eb9,0c688655-a833-73f6-a2c0-13f657081530,Arboliva ex,PUG-A69B935A-07,removed,1,,not_recorded,,,,not_recorded,visibility=hidden;status=removed;sellable_quantity=0,not_recorded,0,synced,,website_projection_missing;kiosk_projection_not_recorded
1,connected,local-inventory-7a0c0fbc-930a-45b4-b710-999c0e1e0116,7c480d8a-e0d0-f2d0-2053-2841be5c41dc,Arboliva ex,PUG-A69B935A-08,removed,1,,not_recorded,,,,not_recorded,visibility=hidden;status=removed;sellable_quantity=0,not_recorded,0,synced,,website_projection_missing;kiosk_projection_not_recorded
1,connected,local-inventory-286b1e89-a49b-4814-b52c-ec4342c69758,52d8bd09-eb66-b2d8-b027-efc2f5c9c3d1,Arboliva ex,PUG-A69B935A-09,removed,1,,not_recorded,,,,not_recorded,visibility=hidden;status=removed;sellable_quantity=0,not_recorded,0,synced,,website_projection_missing;kiosk_projection_not_recorded
1,connected,local-inventory-cb97c8c4-91ce-4e08-b1d8-bd7b95a1d884,c636a37f-cdec-d49c-6d30-6619615f7dab,Arboliva ex,PUG-A69B935A-10,removed,1,,not_recorded,,,,not_recorded,visibility=hidden;status=removed;sellable_quantity=0,not_recorded,0,synced,,website_projection_missing;kiosk_projection_not_recorded
1,connected,local-inventory-166777e5-37f0-4d6c-bff1-e2b21a30e65b,98206cc4-1d6d-5f2d-86d2-873dd0bc7d37,Arboliva ex,PUG-A69B935A-11,removed,1,,not_recorded,,,,not_recorded,visibility=hidden;status=removed;sellable_quantity=0,not_recorded,0,synced,,website_projection_missing;kiosk_projection_not_recorded
1,connected,local-inventory-4748fa1c-bac4-4939-be3e-762a69f94bec,eab849b1-08ad-f56a-b0d1-ea578e419542,Arboliva ex,PUG-A69B935A-12,removed,1,,not_recorded,,,,not_recorded,visibility=hidden;status=removed;sellable_quantity=0,not_recorded,0,synced,,website_projection_missing;kiosk_projection_not_recorded
1,connected,local-inventory-2442b084-4252-453b-83b6-394c827d10a7,5e07319c-1bb9-dfeb-6313-4a86922dc57c,Arboliva ex,PUG-A69B935A-13,removed,1,,not_recorded,,,,not_recorded,visibility=hidden;status=removed;sellable_quantity=0,not_recorded,0,synced,,website_projection_missing;kiosk_projection_not_recorded
1,connected,local-inventory-f4430f51-1a41-4b89-acc3-be5bca74b124,829168de-bc36-7d67-a69a-1b1974b56750,Arboliva ex,PUG-A69B935A-14,removed,1,,not_recorded,,,,not_recorded,visibility=hidden;status=removed;sellable_quantity=0,not_recorded,0,synced,,website_projection_missing;kiosk_projection_not_recorded
1,connected,local-inventory-d4512eda-76be-4f1f-8636-e61ae7004bf2,90a4fdf9-2983-fff9-74dc-9e11f96cf5d2,Arboliva ex,PUG-A69B935A-15,removed,1,,not_recorded,,,,not_recorded,visibility=hidden;status=removed;sellable_quantity=0,not_recorded,0,synced,,website_projection_missing;kiosk_projection_not_recorded
1,connected,local-inventory-66d69891-ef6c-4cdb-96bf-ae6fb1733e57,e71a3bb2-0d45-df41-aa83-36c159d9f9ed,Arboliva ex,PUG-10C4C9E0-01,available,1,,not_recorded,DJ7GJF6HIMPJ3NUPZ66ENMAI,1,1,not_recorded,visibility=visible;status=available;sellable_quantity=1,not_recorded,0,no_sync_record,,website_projection_missing;kiosk_projection_not_recorded
1,connected,local-inventory-f47d9a30-bac2-4080-81e2-e638550bd64d,4cebdc91-b79a-12b1-7c83-d340e5a914cc,Arboliva ex,PUG-10C4C9E0-02,available,1,,not_recorded,6KWZR67K6N7XRQFAPPJTQBT5,1,0,not_recorded,visibility=visible;status=available;sellable_quantity=1,not_recorded,0,no_sync_record,,website_projection_missing;square_count_mismatch;kiosk_projection_not_recorded
1,connected,local-inventory-6a7ee694-9b4b-407f-9a59-147248db3703,0f84a055-a4c8-7689-cb08-20d742ec81cb,Arboliva ex,PUG-10C4C9E0-03,available,1,,not_recorded,HKWJHBKQLETFERTXXTLGM5K3,1,1,not_recorded,visibility=visible;status=available;sellable_quantity=1,not_recorded,0,no_sync_record,,website_projection_missing;kiosk_projection_not_recorded
1,connected,local-inventory-5317f660-3b4c-43aa-97dd-2547145cb28d,a8a0e01d-44b0-de51-55cd-69f89be7a8fe,Arboliva ex,PUG-10C4C9E0-04,available,1,,not_recorded,ZQGZU2PYWRK6YU7B2JKA365P,1,1,not_recorded,visibility=visible;status=available;sellable_quantity=1,not_recorded,0,no_sync_record,,website_projection_missing;kiosk_projection_not_recorded
1,connected,local-inventory-82c996c2-4f2c-4983-bde0-7e597c9cc054,fed1ee42-f898-cd2f-23a7-0cea219b7c46,Arboliva ex,PUG-10C4C9E0-05,available,1,,not_recorded,GDGGVDCTLH443X26LAMRGBEA,1,1,not_recorded,visibility=visible;status=available;sellable_quantity=1,not_recorded,0,no_sync_record,,website_projection_missing;kiosk_projection_not_recorded
1,connected,local-inventory-4548e740-671b-4b45-9758-d6038d9f525c,4809975d-296b-5b75-3c9d-2db5fe0527bd,Arboliva ex,PUG-10C4C9E0-06,available,1,,not_recorded,KWU5KOZ7S524XWSSP7UDP42O,1,1,not_recorded,visibility=visible;status=available;sellable_quantity=1,not_recorded,0,no_sync_record,,website_projection_missing;kiosk_projection_not_recorded
1,connected,local-inventory-0f7d183a-bfad-43f4-9d8e-99f1663c040a,054758e5-4c42-d8d3-e8d8-49213e41c295,Arboliva ex,PUG-10C4C9E0-07,available,1,,not_recorded,QV6XOH7AX2G44WIRXKTKXFKW,1,1,not_recorded,visibility=visible;status=available;sellable_quantity=1,not_recorded,0,no_sync_record,,website_projection_missing;kiosk_projection_not_recorded
1,connected,local-inventory-6f7fef10-a27a-4655-8835-404b1019c37f,e3f7c6ca-24a0-1be6-44c9-7b0f4be035d2,Arboliva ex,PUG-10C4C9E0-08,available,1,,not_recorded,Q7IE3TR4TBSUPBMKE3UBWK7H,1,1,not_recorded,visibility=visible;status=available;sellable_quantity=1,not_recorded,0,no_sync_record,,website_projection_missing;kiosk_projection_not_recorded
1,connected,local-inventory-6aeb4f6d-e238-4af7-95d1-0ba94a44434b,264b1bef-4c7c-35de-b71e-13a9c1da1763,Arboliva ex,PUG-10C4C9E0-09,available,1,,not_recorded,SMYLYO3A5EI4YX3LWOWDDYNZ,1,1,not_recorded,visibility=visible;status=available;sellable_quantity=1,not_recorded,0,no_sync_record,,website_projection_missing;kiosk_projection_not_recorded
1,connected,local-inventory-6307854b-ac8f-4b83-b60b-3614a4b3a69f,b9db5da0-7e01-6c3d-b28f-f1eb8e9e7a45,Arboliva ex,PUG-10C4C9E0-10,available,1,,not_recorded,MLO32MLZB6JNKTKURLLSPWPY,1,1,not_recorded,visibility=visible;status=available;sellable_quantity=1,not_recorded,0,no_sync_record,,website_projection_missing;kiosk_projection_not_recorded
1,connected,local-inventory-afa0d1b3-bded-494c-bcf2-2928e76b738d,a2e7ee2d-b338-078b-4ecf-609c7f5362ef,Arboliva ex,PUG-10C4C9E0-11,available,1,,not_recorded,BMK6LT6VRZEISC2SBHB6QEWC,1,1,not_recorded,visibility=visible;status=available;sellable_quantity=1,not_recorded,0,no_sync_record,,website_projection_missing;kiosk_projection_not_recorded
1,connected,local-inventory-5d0d389b-9dcf-4e00-86c3-bc26e16bd54b,15d81b96-d1ce-ddb0-b21f-0765ab90e8a6,Arboliva ex,PUG-10C4C9E0-12,available,1,,not_recorded,S5JSJQUANY6S3XXMNA4OMHSB,1,1,not_recorded,visibility=visible;status=available;sellable_quantity=1,not_recorded,0,no_sync_record,,website_projection_missing;kiosk_projection_not_recorded
1,connected,local-inventory-cf562e1e-82d0-4edd-8e6b-fc2a3ff1a00b,f0f70ec1-d1f0-d70f-907d-076ff04ad00d,Arboliva ex,PUG-10C4C9E0-13,available,1,,not_recorded,URW4CWISAOFXNFW5CYEMPPHI,1,1,not_recorded,visibility=visible;status=available;sellable_quantity=1,not_recorded,0,no_sync_record,,website_projection_missing;kiosk_projection_not_recorded
1,connected,local-inventory-6aa1f427-e8b3-4fc9-ae8a-b0993f2d356a,476fa58f-2858-d9df-77ad-d531342d56e5,Arboliva ex,PUG-10C4C9E0-14,available,1,,not_recorded,S2Z7LZKIH7W4DG7TC4GCL4M3,1,1,not_recorded,visibility=visible;status=available;sellable_quantity=1,not_recorded,0,no_sync_record,,website_projection_missing;kiosk_projection_not_recorded
1,connected,local-inventory-735f0d3d-cb98-410f-9d17-ab2aa42e44c4,4a62bf81-e890-9222-e96f-031c6e864b9d,Arboliva ex,PUG-10C4C9E0-15,available,1,,not_recorded,CAAJ3JJBAD5W7XW5T3HXMZKQ,1,1,not_recorded,visibility=visible;status=available;sellable_quantity=1,not_recorded,0,no_sync_record,,website_projection_missing;kiosk_projection_not_recorded
1,connected,local-inventory-55c0bbd2-98a5-4ff9-adeb-41123ac1dda6,08722e6a-bdf0-2470-67c1-c890bc21f219,Archaludon ex,PUG-947DAA31-01,available,1,,not_recorded,UPHQAN7F7IQQLWCDYT4DHYDB,1,1,not_recorded,visibility=visible;status=available;sellable_quantity=1,not_recorded,0,no_sync_record,,website_projection_missing;kiosk_projection_not_recorded
1,connected,local-inventory-34f3fcc3-1dcd-4e40-8b92-da18834ef520,40f7f3b3-11fa-8e1c-0e7d-9beb514d4981,Archaludon ex,PUG-947DAA31-02,available,1,,not_recorded,SNOEGQVJ57J7RUODXSKIDLOO,1,1,not_recorded,visibility=visible;status=available;sellable_quantity=1,not_recorded,0,no_sync_record,,website_projection_missing;kiosk_projection_not_recorded
1,connected,local-inventory-798ac4e7-4136-4ae7-8f7b-7e9f7146ccd7,9f7f7702-b3bb-480d-4997-d1285c8e140a,Blissey ex,PUG-06C2CBF4,removed,1,,not_recorded,,,,not_recorded,visibility=hidden;status=removed;sellable_quantity=0,not_recorded,0,synced,,website_projection_missing;kiosk_projection_not_recorded
1,connected,local-inventory-a173c602-3251-42a5-8bdd-8e3643e0ce2b,af5fc456-fce4-c18b-c028-bf4031631740,Bouffalant ex,PUG-A4989AEE-01,available,1,,not_recorded,N3WDESCZI5JTIXACZTSEBVNN,1,1,not_recorded,visibility=visible;status=available;sellable_quantity=1,not_recorded,0,no_sync_record,,website_projection_missing;kiosk_projection_not_recorded
1,connected,local-inventory-8ccffbfd-ee71-428b-91ed-ae93a7635837,2b094aa2-6214-463a-5b38-fc72e42a5a03,Bouffalant ex,PUG-A4989AEE-02,available,1,,not_recorded,4GECQRXOHDSXLH7UNN3PXQZW,1,1,not_recorded,visibility=visible;status=available;sellable_quantity=1,not_recorded,0,no_sync_record,,website_projection_missing;kiosk_projection_not_recorded
1,connected,local-inventory-db8dfe7a-5b92-461f-aa00-c09b1371af9a,5d5e22d7-2152-03c3-f8c5-b270b3a11cab,Bouffalant ex,PUG-A4989AEE-03,available,1,,not_recorded,YBMLJRESHCBUEODSFOTYDARU,1,1,not_recorded,visibility=visible;status=available;sellable_quantity=1,not_recorded,0,no_sync_record,,website_projection_missing;kiosk_projection_not_recorded
1,connected,local-inventory-5af3be4c-a754-494e-9b02-ec3404dca4dd,082269a0-bc31-d134-2cc4-31d15f97ca74,Bouffalant ex,PUG-A4989AEE-04,available,1,,not_recorded,NG2RP76HN4VMGOVCB7XLJYAK,1,1,not_recorded,visibility=visible;status=available;sellable_quantity=1,not_recorded,0,no_sync_record,,website_projection_missing;kiosk_projection_not_recorded
1,connected,local-inventory-e2c45205-8fc8-4891-9444-4d168906bcbb,1fe773ad-a0e4-2258-bd8d-dc287542e4a8,Bouffalant ex,PUG-A4989AEE-05,available,1,,not_recorded,CRERUYS6SLJQVK7A6SMVT5US,1,1,not_recorded,visibility=visible;status=available;sellable_quantity=1,not_recorded,0,no_sync_record,,website_projection_missing;kiosk_projection_not_recorded
1,connected,local-inventory-911ffbae-8e2d-439d-a012-469e295ba275,451d22b1-445f-c1e4-d982-02ca4cb6a07c,Bouffalant ex,PUG-A4989AEE-06,available,1,,not_recorded,VN3YLLFQ67HSTGQDQ2BMXQ7Y,1,1,not_recorded,visibility=visible;status=available;sellable_quantity=1,not_recorded,0,no_sync_record,,website_projection_missing;kiosk_projection_not_recorded
1,connected,local-inventory-cb5aed4f-5d79-4177-b4ac-323b88a142f4,358fe450-0ea0-e5de-96ff-e54a481b3813,Bouffalant ex,PUG-A4989AEE-07,available,1,,not_recorded,6TF3B7C4J57FWJETD7XKD77I,1,1,not_recorded,visibility=visible;status=available;sellable_quantity=1,not_recorded,0,no_sync_record,,website_projection_missing;kiosk_projection_not_recorded
1,connected,local-inventory-24823cdb-af7a-44df-b522-0b73355b52e8,5518caa0-8047-d6a3-be22-bba7795a50ea,Bouffalant ex,PUG-A4989AEE-08,available,1,,not_recorded,76REP2SUBWRA3FKSBUCKR4FZ,1,1,not_recorded,visibility=visible;status=available;sellable_quantity=1,not_recorded,0,no_sync_record,,website_projection_missing;kiosk_projection_not_recorded
1,connected,local-inventory-eb32448e-52b7-422e-83ec-7e39b8d1ae98,7ed7f146-ac46-63ec-0539-e33a2228080d,Bouffalant ex,PUG-A4989AEE-09,available,1,,not_recorded,CJKBHVNE4D4Z7QWINYD2WUQS,1,1,not_recorded,visibility=visible;status=available;sellable_quantity=1,not_recorded,0,no_sync_record,,website_projection_missing;kiosk_projection_not_recorded
1,connected,local-inventory-18d0e4b2-66b0-41ac-ad0b-27bbdc026b40,74f75ecc-e90f-02b2-6619-141e29481b9a,Cetitan ex,PUG-49858EB9-01,available,1,,not_recorded,PVS5KJHLONUGA5SJL7OROMJB,1,1,not_recorded,visibility=visible;status=available;sellable_quantity=1,not_recorded,0,no_sync_record,,website_projection_missing;kiosk_projection_not_recorded
1,connected,local-inventory-739093cb-9aee-49a7-bf2a-f571d59d4ebf,5b69ba7b-b3e5-dc0e-02a4-f70b72f5d037,Cetitan ex,PUG-49858EB9-02,available,1,,not_recorded,W64HJHUWHF6IJ334YV5UQM5V,1,0,not_recorded,visibility=visible;status=available;sellable_quantity=1,not_recorded,0,no_sync_record,,website_projection_missing;square_count_mismatch;kiosk_projection_not_recorded
1,connected,local-inventory-5d98c11d-fc9b-4260-a15f-035b5fae2669,20a875ab-a70c-3f15-8a90-517af9989c9f,Cetitan ex,PUG-49858EB9-03,available,1,,not_recorded,FGRHHC3KFUX2MI3LYFDO3FPJ,1,1,not_recorded,visibility=visible;status=available;sellable_quantity=1,not_recorded,0,no_sync_record,,website_projection_missing;kiosk_projection_not_recorded
1,connected,local-inventory-4f082ba6-fc93-441e-b533-6c6c00f30b50,95ca5911-5330-9c35-2025-5cf57b5a2bd1,Cetitan ex,PUG-49858EB9-04,available,1,,not_recorded,4ESPI2OA27YLAGSBDWQHIXIO,1,1,not_recorded,visibility=visible;status=available;sellable_quantity=1,not_recorded,0,no_sync_record,,website_projection_missing;kiosk_projection_not_recorded
1,connected,local-inventory-a6eea60b-970a-4859-8e4c-051cf8462138,889ba074-cf25-d43c-0ac3-8cffe45b57cf,Cetitan ex,PUG-49858EB9-05,available,1,,not_recorded,QLNOIZMFZ4EKJ6NOBZCXD5FD,1,1,not_recorded,visibility=visible;status=available;sellable_quantity=1,not_recorded,0,no_sync_record,,website_projection_missing;kiosk_projection_not_recorded
1,connected,local-inventory-76e15032-ea0a-41ab-9c01-21a866583c25,5d508ea3-8f13-d80c-bb9e-ce29e79327e8,Empoleon ex,PUG-F2055E00,available,1,,not_recorded,HZHJ443JXCOKC3X7QCYHPQWG,1,0,not_recorded,visibility=visible;status=available;sellable_quantity=1,not_recorded,0,no_sync_record,,website_projection_missing;square_count_mismatch;kiosk_projection_not_recorded
1,connected,local-inventory-9a33dbdc-13a8-48a9-ba3c-700e241493cb,aaa63b89-38b0-17f7-5781-1d2da4dfb5f9,Fezandipiti ex,PUG-6E16B12F-01,removed,1,,not_recorded,DJVD4XAAB7Z5UUFWJZ4RQQXS,0,0,not_recorded,visibility=hidden;status=removed;sellable_quantity=0,not_recorded,0,synced,,website_projection_missing;kiosk_projection_not_recorded
1,connected,local-inventory-53fa4e72-e5e4-47ba-ad75-61103d4f5395,930d4129-4e7c-3b3e-b1ab-cfdb1c99b2f3,Fezandipiti ex,PUG-6E16B12F-02,removed,1,,not_recorded,RMZD7JUYRZQOMIAUKUMGTEIJ,0,0,not_recorded,visibility=hidden;status=removed;sellable_quantity=0,not_recorded,0,synced,,website_projection_missing;kiosk_projection_not_recorded
1,connected,local-inventory-0d78aecb-3bb0-4231-a34d-477ec5067cf9,bbe1805c-c685-8a14-4f5e-9cda72163573,Fezandipiti ex,PUG-6E16B12F-03,removed,1,,not_recorded,Y4KUQ6AHVWLZLS3EGEJY3S2J,0,0,not_recorded,visibility=hidden;status=removed;sellable_quantity=0,not_recorded,0,synced,,website_projection_missing;kiosk_projection_not_recorded
1,connected,local-inventory-b277ddae-0273-4dc0-b33a-3343ef88e160,6803413b-e1b6-a109-8021-8f95a1fd3596,Flamigo ex,PUG-66668F39-01,removed,0,,not_recorded,,,,not_recorded,visibility=hidden;status=removed;sellable_quantity=0,not_recorded,0,synced,,website_projection_missing;kiosk_projection_not_recorded
1,connected,local-inventory-5fde9ef8-b1c2-4d2a-a2cf-f8d8dd75b5d3,28a3cd90-0daa-3d4c-8fad-42c1278a6eae,Flamigo ex,PUG-66668F39-02,available,1,,not_recorded,VGXADPE3VTKIPIXWD7MYVBAV,1,1,not_recorded,visibility=visible;status=available;sellable_quantity=1,not_recorded,0,synced,,website_projection_missing;kiosk_projection_not_recorded
1,connected,local-inventory-8e451a22-865c-416d-ab1b-a5fa28d4a82a,410ba7a9-8f53-73e2-d980-afccd7f2711b,Flamigo ex,PUG-66668F39-03,removed,0,,not_recorded,,,,not_recorded,visibility=hidden;status=removed;sellable_quantity=0,not_recorded,0,synced,,website_projection_missing;kiosk_projection_not_recorded
1,connected,local-inventory-09e09570-7346-44ff-b626-c73023f9ee69,1e5d96d7-0c0e-c741-bb23-a8f00a848ae1,Forretress ex,PUG-981FF120-01,available,10,,not_recorded,7JBXO5TT4AKTWCWNTJQHCV6V,10,10,not_recorded,visibility=visible;status=available;sellable_quantity=10,not_recorded,0,synced,,website_projection_missing;kiosk_projection_not_recorded
1,connected,local-inventory-dbe9f8b3-f3c4-4024-b5e4-c9d8c03767f9,499d76e4-7e7c-0e70-b4df-51336c3a4274,Forretress ex,PUG-981FF120-02,removed,0,,not_recorded,4CKOOTVSKMVIYXWVPOWISZ3A,0,0,not_recorded,visibility=hidden;status=removed;sellable_quantity=0,not_recorded,0,synced,,website_projection_missing;kiosk_projection_not_recorded
1,connected,local-inventory-22a3de3f-0192-42a5-9d63-5465fde4ce41,3bb94153-133b-00ef-9ed4-b2df11483516,Forretress ex,PUG-981FF120-03,removed,0,,not_recorded,HSCWATQW2K2YVWVT6ONXLXOK,0,0,not_recorded,visibility=hidden;status=removed;sellable_quantity=0,not_recorded,0,synced,,website_projection_missing;kiosk_projection_not_recorded
1,connected,local-inventory-a2750682-a34c-40c0-b949-30c96fd6d0ae,5a9facfc-1c50-c127-aa4e-d47f403dfe1b,Forretress ex,PUG-981FF120-04,removed,0,,not_recorded,BJWEX6G7ZUCWBUSXWW6PYCO4,0,0,not_recorded,visibility=hidden;status=removed;sellable_quantity=0,not_recorded,0,synced,,website_projection_missing;kiosk_projection_not_recorded
1,connected,local-inventory-13a4ca56-4b45-41b0-af3e-9b0c38e96a5e,c0aa4497-cac6-d4b6-f2b7-0dea09a53ef9,Forretress ex,PUG-981FF120-05,removed,0,,not_recorded,AOIRNU4NULTJYVKO5EBNXSIG,0,0,not_recorded,visibility=hidden;status=removed;sellable_quantity=0,not_recorded,0,synced,,website_projection_missing;kiosk_projection_not_recorded
1,connected,local-inventory-63c922dd-15fb-4fee-a2e7-22c4b6647aa1,0c8331f3-75e2-2915-27a9-8c48c056d0e6,Forretress ex,PUG-981FF120-06,removed,0,,not_recorded,DIESEH6YRSWSCUNGBBEOIYIJ,0,0,not_recorded,visibility=hidden;status=removed;sellable_quantity=0,not_recorded,0,synced,,website_projection_missing;kiosk_projection_not_recorded
1,connected,local-inventory-f602b690-dff2-48fe-b0f1-39857f40986a,923aa4e2-5e4c-3893-54fe-25ef5ec81ba9,Forretress ex,PUG-981FF120-07,removed,0,,not_recorded,SRTH6Q6TKOMD7GLAMKMYFGL3,0,0,not_recorded,visibility=hidden;status=removed;sellable_quantity=0,not_recorded,0,synced,,website_projection_missing;kiosk_projection_not_recorded
1,connected,local-inventory-87e36835-b2a4-4bac-802c-3d27ca7ab397,da83eb67-3e8f-add7-1f09-9f801a33f999,Excadrill ex,PUG-2FF3EC4B-01,available,1,,not_recorded,7YPIOT22UNVKM3PORYPKRQMG,1,1,not_recorded,visibility=visible;status=available;sellable_quantity=1,not_recorded,0,no_sync_record,,website_projection_missing;kiosk_projection_not_recorded
1,connected,local-inventory-e5a9aefe-c5fd-49da-bd0f-e610da2377a9,08d4ad02-06cb-4347-c1af-aacdb140ba56,Excadrill ex,PUG-2FF3EC4B-02,available,1,,not_recorded,PKWKSTS4BEXG5I6OZK3JZGVY,1,1,not_recorded,visibility=visible;status=available;sellable_quantity=1,not_recorded,0,no_sync_record,,website_projection_missing;kiosk_projection_not_recorded
1,connected,local-inventory-6f4d8006-0533-4b9d-9faa-4d8864164345,4640e0c2-432f-0bea-2b27-5d91286e911b,Iron Boulder ex,PUG-36D781A3-01,available,1,,not_recorded,K7TDSNGSCLKMUGLSSI7HRJFJ,1,1,not_recorded,visibility=visible;status=available;sellable_quantity=1,not_recorded,0,no_sync_record,,website_projection_missing;kiosk_projection_not_recorded
1,connected,local-inventory-555b7f0d-5776-44a3-9be2-bde8eb4400f4,89228b80-ad68-24ea-bd8f-7a0490a848d3,Iron Boulder ex,PUG-36D781A3-02,available,1,,not_recorded,5SXQT5WHW6BATCPCLU5NNUWW,1,1,not_recorded,visibility=visible;status=available;sellable_quantity=1,not_recorded,0,no_sync_record,,website_projection_missing;kiosk_projection_not_recorded
1,connected,local-inventory-9f9a0fab-cccf-4165-a8be-c78e98dcd7c5,dc818266-3d61-f97c-49ca-726495bf336e,Iron Boulder ex,PUG-36D781A3-03,available,1,,not_recorded,CLJFMN7PGP74V5ZW2GGCTW55,1,1,not_recorded,visibility=visible;status=available;sellable_quantity=1,not_recorded,0,no_sync_record,,website_projection_missing;kiosk_projection_not_recorded
1,connected,local-inventory-1add68ee-230c-4700-802e-d6b700e4b7b3,b9d42914-2e0d-d8aa-cb91-6ccf1bd44ce6,Iron Boulder ex,PUG-36D781A3-04,available,1,,not_recorded,H3NCVMCJXSX7XOPCLHHBBVGS,1,1,not_recorded,visibility=visible;status=available;sellable_quantity=1,not_recorded,0,no_sync_record,,website_projection_missing;kiosk_projection_not_recorded
1,connected,local-inventory-0d9ddc16-24ab-4266-b941-a4380fd482ac,c971f397-805a-09b9-5b05-4157a2b3f0c0,Hydreigon ex,PUG-BB08E42D-01,available,1,,not_recorded,47O5MYUQNCSBOQMGXNCQYWNI,1,1,not_recorded,visibility=visible;status=available;sellable_quantity=1,not_recorded,0,no_sync_record,,website_projection_missing;kiosk_projection_not_recorded
1,connected,local-inventory-6e28fff4-f654-4c3a-a1cf-f2d3bae9dc8f,6beb4c43-3123-39ed-782f-f6cf6760d57c,Hydreigon ex,PUG-BB08E42D-02,available,1,,not_recorded,7PGEOYSMFXH2HGSJICYDNXXE,1,1,not_recorded,visibility=visible;status=available;sellable_quantity=1,not_recorded,0,no_sync_record,,website_projection_missing;kiosk_projection_not_recorded
1,connected,local-inventory-f63733a6-0a09-4503-b98e-1bb25c8a9557,7cc7b7eb-315d-70d0-b96e-e672bab47c1e,Hydreigon ex,PUG-BB08E42D-03,available,1,,not_recorded,7F7KD7XTPJKYX3CV3DO2622H,1,1,not_recorded,visibility=visible;status=available;sellable_quantity=1,not_recorded,0,no_sync_record,,website_projection_missing;kiosk_projection_not_recorded
1,connected,local-inventory-7de5e6de-2b63-4cc2-adae-13bd33e745c0,cda6b134-30e1-661b-235b-200574c98d24,Hydreigon ex,PUG-BB08E42D-04,available,1,,not_recorded,KZXQRIXF2LO2J7YHT5EQ6WEU,1,1,not_recorded,visibility=visible;status=available;sellable_quantity=1,not_recorded,0,no_sync_record,,website_projection_missing;kiosk_projection_not_recorded
1,connected,local-inventory-4195d4d3-7130-48ca-9b61-d7f4d2bdce80,415ea245-037b-c374-0dd1-66aaa0b91905,Hydreigon ex,PUG-BB08E42D-05,available,1,,not_recorded,L2OR66H7QQTJUHFAMEWSSU56,1,1,not_recorded,visibility=visible;status=available;sellable_quantity=1,not_recorded,0,no_sync_record,,website_projection_missing;kiosk_projection_not_recorded
1,connected,local-inventory-f4fa31d3-c091-4761-b8cd-6f6b42c0d5e4,d2a6c12e-af93-17b1-557c-19cd55d8a84d,Hydreigon ex,PUG-BB08E42D-06,available,1,,not_recorded,3AGXDDU6GOZW4RM6A5ILI3GE,1,1,not_recorded,visibility=visible;status=available;sellable_quantity=1,not_recorded,0,no_sync_record,,website_projection_missing;kiosk_projection_not_recorded
1,connected,local-inventory-84c533e7-1e93-4947-a9d5-9e9eb2687f8c,a5a97b78-f574-db89-753b-cb3ee457e9b6,Hydrapple ex,PUG-01F31572,available,1,,not_recorded,7D3NYWXHBRK5ZX6UNDZINQRN,1,1,not_recorded,visibility=visible;status=available;sellable_quantity=1,not_recorded,0,synced,,website_projection_missing;kiosk_projection_not_recorded
1,connected,local-inventory-87d6d37d-9247-462d-82ff-b43fbd1d8490,a5f1c1fc-43e2-523b-33d1-de79d442aad1,Mega Hawlucha ex,PUG-117DE8AB,removed,0,,not_recorded,,,,not_recorded,visibility=hidden;status=removed;sellable_quantity=0,not_recorded,0,synced,,website_projection_missing;kiosk_projection_not_recorded
1,connected,local-inventory-52431fb5-4e4d-463c-9381-253ba0e36793,0b4f7023-f145-76fd-8d29-7595055615ec,Marnie's Grimmsnarl ex,PUG-A55E2C0F-01,available,1,,not_recorded,W6EV2J5UI6L6BRNTCCE6I7SS,1,1,not_recorded,visibility=visible;status=available;sellable_quantity=1,not_recorded,0,no_sync_record,,website_projection_missing;kiosk_projection_not_recorded
1,connected,local-inventory-3d57cce7-35a2-46b9-b93a-359c6f1ef362,dd07f5c9-63f2-e02c-d351-5c8a279afaa0,Marnie's Grimmsnarl ex,PUG-A55E2C0F-02,available,1,,not_recorded,IQTVC3JXXNTCCFX5L5EKXP4B,1,1,not_recorded,visibility=visible;status=available;sellable_quantity=1,not_recorded,0,no_sync_record,,website_projection_missing;kiosk_projection_not_recorded
1,connected,local-inventory-b46b9511-04e0-4588-8ceb-7907d51c6aa5,e0fc7c40-9fb2-0c8a-6e09-6ffca7366f57,Great Tusk ex,PUG-4FB4F27D-01,removed,0,,not_recorded,M7FPZUAMPYBNAKTKSWO7IJAD,0,0,not_recorded,visibility=hidden;status=removed;sellable_quantity=0,not_recorded,0,synced,,website_projection_missing;kiosk_projection_not_recorded
1,connected,local-inventory-2191f47d-2eaa-47c8-bea8-d5b4d3d44693,42ef29b1-a284-e958-e19d-8d7d1aad84cc,Great Tusk ex,PUG-4FB4F27D-02,available,23,,not_recorded,ELP4DBXBQJUO6UYSDNTT4YKG,23,23,not_recorded,visibility=visible;status=available;sellable_quantity=23,not_recorded,0,synced,,website_projection_missing;kiosk_projection_not_recorded
1,connected,local-inventory-3cbd2103-4539-46ab-9e01-eec5ac5171d0,0ecedd04-6b2b-e815-fcf2-84bb8dac34ef,Great Tusk ex,PUG-4FB4F27D-03,removed,0,,not_recorded,JKGPJZNKEHKBBQVBBDPSVPQ5,0,0,not_recorded,visibility=hidden;status=removed;sellable_quantity=0,not_recorded,0,synced,,website_projection_missing;kiosk_projection_not_recorded
1,connected,local-inventory-fca8da51-302b-4157-a3ae-bd7f5e214cce,406f6b68-b87b-8ffc-06c8-6b433da481d0,Great Tusk ex,PUG-4FB4F27D-04,removed,0,,not_recorded,A5FIY6425TLZZ4T6V5R6LBJ4,0,0,not_recorded,visibility=hidden;status=removed;sellable_quantity=0,not_recorded,0,synced,,website_projection_missing;kiosk_projection_not_recorded
1,connected,local-inventory-6b7e20da-18c9-48c4-b91a-17893107be63,18569513-52ee-e474-12cf-5c5099b51282,Great Tusk ex,PUG-4FB4F27D-05,removed,0,,not_recorded,XPX7RQYBY3OE6PMEZPD7FIMA,0,0,not_recorded,visibility=hidden;status=removed;sellable_quantity=0,not_recorded,0,synced,,website_projection_missing;kiosk_projection_not_recorded
1,connected,local-inventory-45d4cbfa-c7cd-44de-855e-cf1e724041ee,9fc95902-4719-85c6-51b1-db2ec57244ec,Great Tusk ex,PUG-4FB4F27D-06,removed,0,,not_recorded,ZETXCPXOZDNINILTF4WY7PZM,0,0,not_recorded,visibility=hidden;status=removed;sellable_quantity=0,not_recorded,0,synced,,website_projection_missing;kiosk_projection_not_recorded
1,connected,local-inventory-74f0893d-30b8-4e44-8cca-b8c4548a0d35,3129591b-87f1-fcdf-3b77-eca05395e665,Golisopod ex,PUG-20E969EB-01,available,1,,not_recorded,S23E5QJQ56HZUSNNF27CR2Y3,1,1,not_recorded,visibility=visible;status=available;sellable_quantity=1,not_recorded,0,no_sync_record,,website_projection_missing;kiosk_projection_not_recorded
1,connected,local-inventory-e022d4f6-fff0-49db-acf0-9cf091c9f3d3,8ec06c86-ce00-ff6b-2d24-07d9405ffd6a,Golisopod ex,PUG-20E969EB-02,available,1,,not_recorded,BAEIX63ULMYMD5Y2JC26Y43T,1,1,not_recorded,visibility=visible;status=available;sellable_quantity=1,not_recorded,0,no_sync_record,,website_projection_missing;kiosk_projection_not_recorded
1,connected,local-inventory-e8c8fc7d-2738-4568-9ba6-15fd4bca2b47,7a9df9bb-0fe5-63f7-a9c7-d2d0aeaefc98,Glimmora ex,PUG-3AC9CAE0-01,available,1,,not_recorded,5C3X7UVKGWS26LFJCFLREWM5,1,0,not_recorded,visibility=visible;status=available;sellable_quantity=1,not_recorded,0,no_sync_record,,website_projection_missing;square_count_mismatch;kiosk_projection_not_recorded
1,connected,local-inventory-fb9a2462-f715-4b0a-92f4-753e701e1bd3,6333a6d6-9e1f-53aa-6490-b76996459328,Glimmora ex,PUG-3AC9CAE0-02,available,1,,not_recorded,DCHKULEZWLC5AOXXC6DH6ZY6,1,1,not_recorded,visibility=visible;status=available;sellable_quantity=1,not_recorded,0,no_sync_record,,website_projection_missing;kiosk_projection_not_recorded
1,connected,local-inventory-ecff4f11-0251-441a-ae92-ec5ebadaf284,b0c4b94b-d94d-6914-0fb8-83a812787b71,Genesect ex,PUG-EEF0211A-01,available,1,,not_recorded,W4MKSIXDOEX2CLVAV6UXHJQL,1,1,not_recorded,visibility=visible;status=available;sellable_quantity=1,not_recorded,0,synced,,website_projection_missing;kiosk_projection_not_recorded
1,connected,local-inventory-5c2c61ee-2a64-4e1c-adc2-930d28f4514f,9aed1ab3-6069-4501-bb2b-6564cb3a4108,Genesect ex,PUG-EEF0211A-02,available,1,,not_recorded,SMNR7BZPWFD74PCUBTTKAB6P,1,1,not_recorded,visibility=visible;status=available;sellable_quantity=1,not_recorded,0,synced,,website_projection_missing;kiosk_projection_not_recorded
1,connected,local-inventory-77955cef-e489-4b1a-b59b-1a1a2bdea5a1,857fa487-6791-b719-e75b-ceebd852bd34,Genesect ex,PUG-EEF0211A-03,available,1,,not_recorded,HZM3BR2BLDKAQCJEVOSH4SDB,1,1,not_recorded,visibility=visible;status=available;sellable_quantity=1,not_recorded,0,synced,,website_projection_missing;kiosk_projection_not_recorded
1,connected,local-inventory-a39d3bf7-f0d4-413b-9ba9-d090c4a007d0,e046b193-15f7-f471-9ab3-3c977fd6287a,Genesect ex,PUG-EEF0211A-04,available,1,,not_recorded,XXIO22KNKF6YHVTB2EQJXXXT,1,1,not_recorded,visibility=visible;status=available;sellable_quantity=1,not_recorded,0,synced,,website_projection_missing;kiosk_projection_not_recorded
1,connected,local-inventory-0cfc7fbe-e06d-4f68-b3e1-634f180445aa,54b6e93a-3819-8456-fafb-1954b5eb556d,Genesect ex,PUG-EEF0211A-05,available,1,,not_recorded,226X5D4VVXYCFI2U6RC3DCRA,1,1,not_recorded,visibility=visible;status=available;sellable_quantity=1,not_recorded,0,synced,,website_projection_missing;kiosk_projection_not_recorded
1,connected,local-inventory-a485071e-5846-4fc2-ad4f-5dc6ffed38f3,a48679dd-152f-90e7-f209-e8bf94697e3a,Garganacl ex,PUG-B583CD2E,available,6,,not_recorded,4HJJ4NQLYDYT3TMVP356DTMO,6,5,not_recorded,visibility=visible;status=available;sellable_quantity=6,not_recorded,0,synced,,website_projection_missing;square_count_mismatch;kiosk_projection_not_recorded
1,connected,local-inventory-4d04fbdd-bd2d-4213-b0a6-6cd17482d830,5719b38b-7251-ffa3-3a6a-d9eb765a87b7,Froslass ex,PUG-E3C98EE1,available,1,,not_recorded,UPYHPWFZDVEDDSY6LI3M6ZIE,1,1,not_recorded,visibility=visible;status=available;sellable_quantity=1,not_recorded,0,no_sync_record,,website_projection_missing;kiosk_projection_not_recorded
1,connected,local-inventory-259ae37d-b0eb-4815-aefe-d36688365638,edc38662-a5c4-7ced-e1bd-75697a2134a0,Iron Leaves ex,PUG-98F69A69-01,available,1,,not_recorded,U3LG3PVMPDF6WI7AQOP3OK5N,1,1,not_recorded,visibility=visible;status=available;sellable_quantity=1,not_recorded,0,no_sync_record,,website_projection_missing;kiosk_projection_not_recorded
1,connected,local-inventory-f3388f25-cbcf-49d5-9790-2f6d3cea9073,3b9777fd-42b3-0a1a-ff5b-8e4b82099d2f,Iron Leaves ex,PUG-98F69A69-02,available,1,,not_recorded,3PPVJ26Q7RV4XTNFBRLUVIBX,1,1,not_recorded,visibility=visible;status=available;sellable_quantity=1,not_recorded,0,no_sync_record,,website_projection_missing;kiosk_projection_not_recorded
1,connected,local-inventory-8f3d2673-0178-40af-97b6-8a03669ee26d,4d308ce7-b5ff-f2b2-79d4-a0c6b3b9cd97,Iron Leaves ex,PUG-98F69A69-03,available,1,,not_recorded,Q5BY2TMUYZOHB4EXRQ3ELKAG,1,1,not_recorded,visibility=visible;status=available;sellable_quantity=1,not_recorded,0,no_sync_record,,website_projection_missing;kiosk_projection_not_recorded
1,connected,local-inventory-5bc0f562-7456-44b5-a34d-51cde7b39dd6,66a2861b-7eb0-0678-2e40-84ba532e3038,Iron Leaves ex,PUG-98F69A69-04,available,1,,not_recorded,EUCXAQ4VZIB6NQDVC5HZVGFN,1,1,not_recorded,visibility=visible;status=available;sellable_quantity=1,not_recorded,0,no_sync_record,,website_projection_missing;kiosk_projection_not_recorded
1,connected,local-inventory-11197b12-c5d6-4b58-9842-bc43d42d0baa,38698b35-b853-ac42-138d-fa5551263f25,Iron Leaves ex,PUG-98F69A69-05,available,1,,not_recorded,NGD6N72GRTJOCO56N2XVMG2P,1,1,not_recorded,visibility=visible;status=available;sellable_quantity=1,not_recorded,0,no_sync_record,,website_projection_missing;kiosk_projection_not_recorded
1,connected,local-inventory-1df3e026-d8ce-4ce8-bbfe-34156e88a048,5068b0fb-033a-3d66-789b-a60d63c36339,Iron Leaves ex,PUG-98F69A69-06,available,1,,not_recorded,LLO5NPJMYMZGOC7PAGWBMW2E,1,1,not_recorded,visibility=visible;status=available;sellable_quantity=1,not_recorded,0,no_sync_record,,website_projection_missing;kiosk_projection_not_recorded
1,connected,local-inventory-64f2b754-e034-4e0b-8114-a612b6f5a9bf,abe2a1a3-f036-4224-9a0b-0db565c563b6,Iron Leaves ex,PUG-98F69A69-07,available,1,,not_recorded,LU26UAANPRUONUJIQYNPVMMJ,1,1,not_recorded,visibility=visible;status=available;sellable_quantity=1,not_recorded,0,no_sync_record,,website_projection_missing;kiosk_projection_not_recorded
1,connected,local-inventory-83c38096-e404-4386-8840-1b655ecf01cb,58a11fd1-f17a-1dbf-7608-addd054bbfc4,Iron Treads ex,PUG-74CA201A-01,available,1,,not_recorded,Y7LLM4DSHG7HHQZA3VJIZNIW,1,1,not_recorded,visibility=visible;status=available;sellable_quantity=1,not_recorded,0,no_sync_record,,website_projection_missing;kiosk_projection_not_recorded
1,connected,local-inventory-3e9ed07d-1759-49f9-81fe-b9a78fee4f33,8c3b9559-3879-700f-0e98-600176f01234,Iron Treads ex,PUG-74CA201A-02,available,1,,not_recorded,JKWUMFKW7TAMNQIE7LF3PK4B,1,1,not_recorded,visibility=visible;status=available;sellable_quantity=1,not_recorded,0,no_sync_record,,website_projection_missing;kiosk_projection_not_recorded
1,connected,local-inventory-deb4bff9-0e63-4691-9d18-626f019ab1ec,f963c026-cee7-fa00-3d22-8ace9b7f42ec,Iron Treads ex,PUG-74CA201A-03,available,1,,not_recorded,ZSEWZK2ULXAL4TPL42JCXWWY,1,1,not_recorded,visibility=visible;status=available;sellable_quantity=1,not_recorded,0,no_sync_record,,website_projection_missing;kiosk_projection_not_recorded
1,connected,local-inventory-49c40767-e49d-4a88-b14f-70808584ad97,35357985-804b-e5a7-cade-8a05487601bf,Iron Treads ex,PUG-74CA201A-04,available,1,,not_recorded,YISO76CFQ5IQ6EOMBRJXXJVU,1,1,not_recorded,visibility=visible;status=available;sellable_quantity=1,not_recorded,0,no_sync_record,,website_projection_missing;kiosk_projection_not_recorded
1,connected,local-inventory-2f118f3a-bc6c-43bc-bb56-3f3439bb77e9,7a5cec33-f8a2-8a5b-c89f-3cb8aa00cc5c,Iron Treads ex,PUG-74CA201A-05,available,1,,not_recorded,54WHAX6IIYYP5GC2E5H6SB2D,1,1,not_recorded,visibility=visible;status=available;sellable_quantity=1,not_recorded,0,no_sync_record,,website_projection_missing;kiosk_projection_not_recorded
1,connected,local-inventory-1853bdd4-7f61-45b4-a502-e99d1512500e,b537e1b7-a538-4ef1-1373-f143c3402562,Iron Treads ex,PUG-74CA201A-06,available,1,,not_recorded,7WRSSL2EKLF7R2KAB2RQBBZL,1,1,not_recorded,visibility=visible;status=available;sellable_quantity=1,not_recorded,0,no_sync_record,,website_projection_missing;kiosk_projection_not_recorded
1,connected,local-inventory-200b0739-69e2-4eed-9170-6c2b7da2fb71,d6f07ef1-7adb-82f2-3148-ee007a3f3c58,Iron Treads ex,PUG-74CA201A-07,available,1,,not_recorded,KDTYAHOO5QAV44FDTE2SYY6V,1,1,not_recorded,visibility=visible;status=available;sellable_quantity=1,not_recorded,0,no_sync_record,,website_projection_missing;kiosk_projection_not_recorded
1,connected,local-inventory-31dfc126-4555-4272-8d10-dd146d91cdc8,7982b7b5-b7c8-33e8-08b1-de8cb9d069bb,Iron Treads ex,PUG-74CA201A-08,available,1,,not_recorded,KCOCWFPSZYX4IUWVLKDYTQSP,1,1,not_recorded,visibility=visible;status=available;sellable_quantity=1,not_recorded,0,no_sync_record,,website_projection_missing;kiosk_projection_not_recorded
1,connected,local-inventory-7b27ba50-a34f-43d7-b241-e57573ab02f9,cf95cb1d-9173-3e0e-c6a2-e271c18accaf,Iron Treads ex,PUG-74CA201A-09,available,1,,not_recorded,JGIWOMLOBDPWGJIKEJJLKNNY,1,1,not_recorded,visibility=visible;status=available;sellable_quantity=1,not_recorded,0,no_sync_record,,website_projection_missing;kiosk_projection_not_recorded
1,connected,local-inventory-8935f36d-c04d-480d-b18f-93a305303b34,4a204500-4dd7-ad4c-db36-30a34cf3ea6a,Iron Treads ex,PUG-74CA201A-10,available,1,,not_recorded,TTRZXFM3CCNWQJMPWCW3GRJM,1,1,not_recorded,visibility=visible;status=available;sellable_quantity=1,not_recorded,0,no_sync_record,,website_projection_missing;kiosk_projection_not_recorded
1,connected,local-inventory-32a30425-2721-495b-b401-7aa71a1a052b,276fdcb2-f830-a8b6-a1d2-e2775eb5e762,Iron Treads ex,PUG-74CA201A-11,available,1,,not_recorded,WEM6JYBDL6QM6XEZKGI2B367,1,1,not_recorded,visibility=visible;status=available;sellable_quantity=1,not_recorded,0,no_sync_record,,website_projection_missing;kiosk_projection_not_recorded
1,connected,local-inventory-b5870654-35e5-4b3e-8243-92385eb2867b,201bdd03-d0ad-fa42-f57f-38a60acd7d45,Iron Treads ex,PUG-74CA201A-12,available,1,,not_recorded,Y6MY3Q6CNH6GI2FPG3FFNE43,1,1,not_recorded,visibility=visible;status=available;sellable_quantity=1,not_recorded,0,no_sync_record,,website_projection_missing;kiosk_projection_not_recorded
1,connected,local-inventory-3a8cc84e-a3f3-411c-8cae-122b60ee325f,db9bba44-f1d0-ba12-1122-7b47fc56f95b,Iron Treads ex,PUG-74CA201A-13,available,1,,not_recorded,N6YD4UAVCBHOI67C6SQDEICO,1,1,not_recorded,visibility=visible;status=available;sellable_quantity=1,not_recorded,0,no_sync_record,,website_projection_missing;kiosk_projection_not_recorded
1,connected,local-inventory-3fde49e7-7ec3-4650-bfe7-5c3f980f44ab,b045ab03-5bc8-6507-a3e2-a4e00759fa28,Kingdra ex,PUG-5E8407EC-01,available,1,,not_recorded,OVLBDPQUHYFQWFVQE6A4T37L,1,0,not_recorded,visibility=visible;status=available;sellable_quantity=1,not_recorded,0,no_sync_record,,website_projection_missing;square_count_mismatch;kiosk_projection_not_recorded
1,connected,local-inventory-ef417c7e-3797-443d-8ed6-4ad130f1e57f,86759716-ee6f-b04b-7a94-5c9c6ba3f1d8,Kingdra ex,PUG-5E8407EC-02,available,1,,not_recorded,5B52KXDXC5OSFQ2JG2UM2COL,1,1,not_recorded,visibility=visible;status=available;sellable_quantity=1,not_recorded,0,no_sync_record,,website_projection_missing;kiosk_projection_not_recorded
1,connected,local-inventory-39c93829-3473-45ae-b720-ee5d0c2e6525,6834a9f3-ce94-0e61-fe27-eae634d17409,Kingdra ex,PUG-5E8407EC-03,available,1,,not_recorded,3NBFUJR4KR3PCYWR4ABOYP4R,1,1,not_recorded,visibility=visible;status=available;sellable_quantity=1,not_recorded,0,no_sync_record,,website_projection_missing;kiosk_projection_not_recorded
1,connected,local-inventory-c1305105-5d3b-4d53-94fa-68e9bbe1c857,e667939e-b239-50bb-e5f4-702dfce60a70,Kingdra ex,PUG-5E8407EC-04,available,1,,not_recorded,GHMFXN5HHSPJS2WLWL3WDUEP,1,1,not_recorded,visibility=visible;status=available;sellable_quantity=1,not_recorded,0,no_sync_record,,website_projection_missing;kiosk_projection_not_recorded
1,connected,local-inventory-e0e0bb34-db5d-419e-993d-d3416a8db027,7426df15-aca6-ffae-326d-437f9102b125,Koraidon ex,PUG-E0986E15-01,available,1,,not_recorded,KB25S4YJBRVZ7D43MHA7BLPY,1,1,not_recorded,visibility=visible;status=available;sellable_quantity=1,not_recorded,0,no_sync_record,,website_projection_missing;kiosk_projection_not_recorded
1,connected,local-inventory-83d13693-3521-411e-a4ed-840cb57c51fa,8aedcb46-3d21-6aab-4c8b-73e09e27cdee,Koraidon ex,PUG-E0986E15-02,available,1,,not_recorded,7HCAE46MBNTUCYYDYF7CRIJK,1,1,not_recorded,visibility=visible;status=available;sellable_quantity=1,not_recorded,0,no_sync_record,,website_projection_missing;kiosk_projection_not_recorded
1,connected,local-inventory-7fd23aa3-3052-4b57-ac17-29c715e61be7,61d0b150-2542-fe7f-c0a7-add20ad13f45,Koraidon ex,PUG-E0986E15-03,available,1,,not_recorded,ZLRVYSD7VVGUU5NYXR4YR6KU,1,0,not_recorded,visibility=visible;status=available;sellable_quantity=1,not_recorded,0,no_sync_record,,website_projection_missing;square_count_mismatch;kiosk_projection_not_recorded
1,connected,local-inventory-b8f392cf-0abd-4bc7-97b7-cbb686f2e83a,23b7db63-28bf-067a-7f6e-59d55168c058,Koraidon ex,PUG-E0986E15-04,available,1,,not_recorded,KPX5O6E6NZV4BB3F7SOIYSZU,1,1,not_recorded,visibility=visible;status=available;sellable_quantity=1,not_recorded,0,no_sync_record,,website_projection_missing;kiosk_projection_not_recorded
1,connected,local-inventory-495894eb-cb71-4716-bdc7-9123c6c4a06f,2759b2af-e4e6-ea2e-bc75-f1c62c5b0164,Koraidon ex,PUG-E0986E15-05,available,1,,not_recorded,MM46LTCPQRS46SEXBMU7FSBP,1,1,not_recorded,visibility=visible;status=available;sellable_quantity=1,not_recorded,0,no_sync_record,,website_projection_missing;kiosk_projection_not_recorded
1,connected,local-inventory-6aaca00c-48e3-4a25-ad1a-e4ee5796ab14,54bd19b9-0da4-c1c0-7b59-35d8d49885b5,Koraidon ex,PUG-E0986E15-06,available,1,,not_recorded,IYMNY7HUIW4OSTVMZIBBLQLO,1,1,not_recorded,visibility=visible;status=available;sellable_quantity=1,not_recorded,0,no_sync_record,,website_projection_missing;kiosk_projection_not_recorded
1,connected,local-inventory-ae7f3923-5751-4289-9715-3bf6f313f863,bdc2c70e-1617-f857-f918-32dbbb4e1dfd,Arven's Mabosstiff ex,PUG-310521BE-01,available,1,,not_recorded,LLB7XLZ7ZEE34ZETQ2KTU4QI,1,1,not_recorded,visibility=visible;status=available;sellable_quantity=1,not_recorded,0,no_sync_record,,website_projection_missing;kiosk_projection_not_recorded
1,connected,local-inventory-4613ddf6-05b9-47bf-8b59-576f8af8d8ca,2d3a9cc0-e32c-5c55-073b-2a7c3e9e73ff,Arven's Mabosstiff ex,PUG-310521BE-02,available,1,,not_recorded,TR7WFBHGCPHALFWT6O6GHMZR,1,1,not_recorded,visibility=visible;status=available;sellable_quantity=1,not_recorded,0,no_sync_record,,website_projection_missing;kiosk_projection_not_recorded
1,connected,local-inventory-217abeb3-77a4-4399-8a99-7d7e2cd3ff46,da4241af-6923-b819-becc-1caa42e5bd03,Arven's Mabosstiff ex,PUG-310521BE-03,available,1,,not_recorded,HFZ65RYRSTFQWOBH775U72NE,1,1,not_recorded,visibility=visible;status=available;sellable_quantity=1,not_recorded,0,no_sync_record,,website_projection_missing;kiosk_projection_not_recorded
1,connected,local-inventory-78a412d4-f693-4bf8-bbf1-d75da8b4f48d,b827f32d-f162-47fb-a181-0a9fff3f5eb8,Arven's Mabosstiff ex,PUG-310521BE-04,available,1,,not_recorded,6ROESZ5XSRJ2GZE2CWW4B7FS,1,1,not_recorded,visibility=visible;status=available;sellable_quantity=1,not_recorded,0,no_sync_record,,website_projection_missing;kiosk_projection_not_recorded
1,connected,local-inventory-31e19c2a-ed58-4788-a688-08dfa01c7dec,e72dafdb-6dd6-604a-4132-50cf51e9525c,Arven's Mabosstiff ex,PUG-310521BE-05,available,1,,not_recorded,N7FBNTCG7N7FKBAH5NCY6QXF,1,1,not_recorded,visibility=visible;status=available;sellable_quantity=1,not_recorded,0,no_sync_record,,website_projection_missing;kiosk_projection_not_recorded
1,connected,local-inventory-2f12bf32-98f8-4cd5-9294-4ab42964301c,de8e0c04-05b5-4828-92da-9a4319c8361d,Arven's Mabosstiff ex,PUG-310521BE-06,available,1,,not_recorded,ASJC65PWXWDJR3QDEFAVREKI,1,1,not_recorded,visibility=visible;status=available;sellable_quantity=1,not_recorded,0,no_sync_record,,website_projection_missing;kiosk_projection_not_recorded
1,connected,local-inventory-9b0eb281-6679-48b7-a5ca-885df0294e2f,ecd828f3-9fe4-acb2-dddd-1684dd0d66fc,Arven's Mabosstiff ex,PUG-310521BE-07,available,1,,not_recorded,ZJGHTZIK2INRI6MAFFIP64AM,1,1,not_recorded,visibility=visible;status=available;sellable_quantity=1,not_recorded,0,no_sync_record,,website_projection_missing;kiosk_projection_not_recorded
1,connected,local-inventory-be89033a-9a17-41d9-b747-69dd7ef3d222,730f6865-cb63-f9c3-5964-454e37130ba0,Arven's Mabosstiff ex,PUG-310521BE-08,available,1,,not_recorded,75G6QYPIGSGQFPMNM6EMNVR4,1,1,not_recorded,visibility=visible;status=available;sellable_quantity=1,not_recorded,0,no_sync_record,,website_projection_missing;kiosk_projection_not_recorded
1,connected,local-inventory-a122fc12-6aff-4b5b-8722-9224614998d7,ae103fac-dd00-55cf-7e5a-b8b717a5d76e,Magnezone ex,PUG-FF778CD3-01,removed,0,,not_recorded,P4ZZZGB4HTCQFV5QEHMRB4XJ,0,0,not_recorded,visibility=hidden;status=removed;sellable_quantity=0,not_recorded,0,synced,,website_projection_missing;kiosk_projection_not_recorded
1,connected,local-inventory-1f4860f4-143a-45e4-80c5-156d0fc1344b,7f974fd8-8d77-98e1-3dea-fcfd39c42d33,Magnezone ex,PUG-FF778CD3-02,removed,0,,not_recorded,VV73JBC3XXOTZNOEMSDK2QZK,0,0,not_recorded,visibility=hidden;status=removed;sellable_quantity=0,not_recorded,0,synced,,website_projection_missing;kiosk_projection_not_recorded
1,connected,local-inventory-d8a9eabd-b992-4d70-807f-bfc5e192ea13,3688bce8-39f7-506f-3f67-c7e0846892f8,Magnezone ex,PUG-FF778CD3-03,removed,0,,not_recorded,UZCZSQINPLSBCJDEVP4O5G76,0,0,not_recorded,visibility=hidden;status=removed;sellable_quantity=0,not_recorded,0,synced,,website_projection_missing;kiosk_projection_not_recorded
1,connected,local-inventory-04495b0a-4856-4851-a3fa-dee136c441a6,3e6f9c04-6d3e-1086-4c87-55b15d0eb30f,Magnezone ex,PUG-FF778CD3-04,available,13,,not_recorded,U7JJEEYZLALVIV7FWYZP55CL,13,13,not_recorded,visibility=visible;status=available;sellable_quantity=13,not_recorded,0,synced,,website_projection_missing;kiosk_projection_not_recorded
1,connected,local-inventory-07865119-698c-4f65-9a70-bee276a92d71,9bd78db1-020a-1c42-57c8-bc21644a5cfd,Magnezone ex,PUG-FF778CD3-05,removed,0,,not_recorded,PMOXNTEIRW3IKXHUZM2SXMVL,0,0,not_recorded,visibility=hidden;status=removed;sellable_quantity=0,not_recorded,0,synced,,website_projection_missing;kiosk_projection_not_recorded
1,connected,local-inventory-d319f6f8-793d-4875-8163-024734e9b175,cf9dd21f-968b-eb65-397d-b01a3646d4b3,Magnezone ex,PUG-FF778CD3-06,removed,0,,not_recorded,GYZK7RIE3J76IDES4QSZENLL,0,0,not_recorded,visibility=hidden;status=removed;sellable_quantity=0,not_recorded,0,synced,,website_projection_missing;kiosk_projection_not_recorded
1,connected,local-inventory-9fdd1c16-79e5-46a9-addd-a2844f1372d6,ff6d430b-11be-3024-796b-207288178846,Magnezone ex,PUG-FF778CD3-07,removed,0,,not_recorded,CKF6WR22KYI4H44NG3WKMVT7,0,0,not_recorded,visibility=hidden;status=removed;sellable_quantity=0,not_recorded,0,synced,,website_projection_missing;kiosk_projection_not_recorded
1,connected,local-inventory-825d46a9-3bc6-494e-adf6-6914254d4f98,6d374968-f6bc-02d2-4bed-2440b5c6aa3a,Magnezone ex,PUG-FF778CD3-08,removed,0,,not_recorded,4RHTUKRE3DNEWJALLGLMJDUZ,0,0,not_recorded,visibility=hidden;status=removed;sellable_quantity=0,not_recorded,0,synced,,website_projection_missing;kiosk_projection_not_recorded
1,connected,local-inventory-c45e370f-285b-48cf-9232-dd506a297183,137e48ac-951a-a07a-282e-4b29bb65081e,Magnezone ex,PUG-FF778CD3-09,removed,0,,not_recorded,WPOCAHPQMM4D5Y4QJRHELMYY,0,0,not_recorded,visibility=hidden;status=removed;sellable_quantity=0,not_recorded,0,synced,,website_projection_missing;kiosk_projection_not_recorded
1,connected,local-inventory-d8226a94-87b0-4131-a80d-d5884ae87a74,8fd11d74-1c49-7cf3-66e8-ea3fbb25c655,Noivern ex,PUG-5BF1A1E6-01,removed,0,,not_recorded,GOMGE4WYYXABTDWBGT5OU2BO,0,0,not_recorded,visibility=hidden;status=removed;sellable_quantity=0,not_recorded,0,synced,,website_projection_missing;kiosk_projection_not_recorded
1,connected,local-inventory-6035d4c7-e39b-4b6b-8bb8-7b56e3836433,89f90d40-712e-7c06-9c0e-c48daacd0ce6,Noivern ex,PUG-5BF1A1E6-02,available,2,,not_recorded,V3VRYBBIADBZ5SVP6OQGTYZI,2,1,not_recorded,visibility=visible;status=available;sellable_quantity=2,not_recorded,0,synced,,website_projection_missing;square_count_mismatch;kiosk_projection_not_recorded
1,connected,local-inventory-63056c41-8f75-48a8-8f3c-ee08d8a2ddf4,d1df38b8-a5f5-e1ee-3ef0-cb657e26d729,Noivern ex,PUG-5BF1A1E6-03,removed,0,,not_recorded,536AQZLGAR7FEPNAYHHFJEDI,0,0,not_recorded,visibility=hidden;status=removed;sellable_quantity=0,not_recorded,0,synced,,website_projection_missing;kiosk_projection_not_recorded
1,connected,local-inventory-92feaca8-9fe5-4e49-a3b8-cd584778cc76,958305dd-0db9-89bf-0fee-26d06892dd85,Noivern ex,PUG-5BF1A1E6-04,removed,0,,not_recorded,HSDFPQFKIOLPTBIOBUUZ5WUD,0,0,not_recorded,visibility=hidden;status=removed;sellable_quantity=0,not_recorded,0,synced,,website_projection_missing;kiosk_projection_not_recorded
1,connected,local-inventory-b8a4ca59-9fd1-4a6a-9e07-a32f478a2c39,f6c6d2ca-6b2e-6294-6d25-32f17b538b21,Noivern ex,PUG-5BF1A1E6-05,removed,0,,not_recorded,JZU3VP42PB5ZAUVFZSVBJATS,0,0,not_recorded,visibility=hidden;status=removed;sellable_quantity=0,not_recorded,0,synced,,website_projection_missing;kiosk_projection_not_recorded
1,connected,local-inventory-9699a330-f912-45ae-bc2e-d3a358122a1a,a970f60c-01bd-fbae-bdee-346a39b22f6d,Noivern ex,PUG-5BF1A1E6-06,removed,0,,not_recorded,5RV23PC6OALFP3QF6C3T2EW2,0,0,not_recorded,visibility=hidden;status=removed;sellable_quantity=0,not_recorded,0,synced,,website_projection_missing;kiosk_projection_not_recorded
1,connected,local-inventory-e5c35bfb-8110-43b2-940d-292b20883160,f876b1d1-7972-77f5-cdbe-d0ff592982c8,Noivern ex,PUG-5BF1A1E6-07,removed,0,,not_recorded,XQOVUPMGGDYN5TZOZ727MYEY,0,0,not_recorded,visibility=hidden;status=removed;sellable_quantity=0,not_recorded,0,synced,,website_projection_missing;kiosk_projection_not_recorded
1,connected,local-inventory-8c022983-1217-4e19-910d-233d0664ddda,e6873622-9782-c39c-baa8-3208234741a4,Noivern ex,PUG-5BF1A1E6-08,removed,0,,not_recorded,TLD4LLH377WXDEMZFSY6NZMD,0,0,not_recorded,visibility=hidden;status=removed;sellable_quantity=0,not_recorded,0,synced,,website_projection_missing;kiosk_projection_not_recorded
1,connected,local-inventory-981cc4e8-dd04-4bdb-babb-10008b2773bc,a114a944-c60a-7a49-8c71-7f5d38f24eeb,Noivern ex,PUG-5BF1A1E6-09,removed,0,,not_recorded,G6GXMRAVJSEQJF4RKAIFSA6E,0,0,not_recorded,visibility=hidden;status=removed;sellable_quantity=0,not_recorded,0,synced,,website_projection_missing;kiosk_projection_not_recorded
1,connected,local-inventory-777da55a-ac12-46b6-b4fe-1c0284491d4a,1c14296d-5bc3-5857-296c-27a91e44a060,Munkidori ex,PUG-11B53756-01,available,1,,not_recorded,AGXSGBIMV5NKPOMHGYQ2AOGV,1,1,not_recorded,visibility=visible;status=available;sellable_quantity=1,not_recorded,0,no_sync_record,,website_projection_missing;kiosk_projection_not_recorded
1,connected,local-inventory-6a3281b5-40a5-40d8-8d17-30550c26f83e,ca450790-1da0-ac8b-9108-65c2583abed1,Munkidori ex,PUG-11B53756-02,available,1,,not_recorded,7HCGQJ6KADR7XZXYIA7ZZNBS,1,1,not_recorded,visibility=visible;status=available;sellable_quantity=1,not_recorded,0,no_sync_record,,website_projection_missing;kiosk_projection_not_recorded
1,connected,local-inventory-bc12550b-1736-4daf-a4c3-97bc572db6fc,fdc46efd-f33e-db4d-761b-a399d1998789,Munkidori ex,PUG-11B53756-03,available,1,,not_recorded,2ZFFEUZUKOASF63O5XVXM7I7,1,1,not_recorded,visibility=visible;status=available;sellable_quantity=1,not_recorded,0,no_sync_record,,website_projection_missing;kiosk_projection_not_recorded
1,connected,local-inventory-718577ef-8a6e-4b27-9969-fbf24e2981e0,18b94dc3-7e4b-5740-c331-fecb53734d3c,Munkidori ex,PUG-11B53756-04,available,1,,not_recorded,PGN25V4T3YNJ7Z2ZQKGKKKQE,1,1,not_recorded,visibility=visible;status=available;sellable_quantity=1,not_recorded,0,no_sync_record,,website_projection_missing;kiosk_projection_not_recorded
1,connected,local-inventory-bcc01dad-2e6f-40b9-be82-b92a534af560,bc7827b6-883e-1500-5683-d2723204d608,Munkidori ex,PUG-11B53756-05,available,1,,not_recorded,CNZZWPTSAY6OJQXM3N7CBTKD,1,1,not_recorded,visibility=visible;status=available;sellable_quantity=1,not_recorded,0,no_sync_record,,website_projection_missing;kiosk_projection_not_recorded
1,connected,local-inventory-60563b8c-e0f9-48c8-bde4-75bc8aca100c,8c0dcc96-9c6c-65e0-0e70-e7caba84a4f2,Munkidori ex,PUG-11B53756-06,available,1,,not_recorded,ETN7KQ6AV5GUEZD7B5DSFLRL,1,1,not_recorded,visibility=visible;status=available;sellable_quantity=1,not_recorded,0,no_sync_record,,website_projection_missing;kiosk_projection_not_recorded
1,connected,local-inventory-8b66984a-a27e-4b4b-a444-0bc41477fc1f,13bc43fd-8cf6-df12-01a7-2cce8ae7647e,Munkidori ex,PUG-11B53756-07,available,1,,not_recorded,WPEKOREZDPAMVFMHT2UHSBN2,1,1,not_recorded,visibility=visible;status=available;sellable_quantity=1,not_recorded,0,no_sync_record,,website_projection_missing;kiosk_projection_not_recorded
1,connected,local-inventory-486b3f5f-8a79-4d76-ad63-2d1a9faf26cb,9b4355af-383f-16e5-7516-4678f982d6fb,Munkidori ex,PUG-11B53756-08,available,1,,not_recorded,SNPN6IJNOVVH2KR3YUCGQRDG,1,1,not_recorded,visibility=visible;status=available;sellable_quantity=1,not_recorded,0,no_sync_record,,website_projection_missing;kiosk_projection_not_recorded
1,connected,local-inventory-4ec60c5a-b213-433b-bae3-ebefabbe04c3,9f1e46ff-b755-1902-4143-9afd3c207159,Munkidori ex,PUG-11B53756-09,available,1,,not_recorded,L5DPHYPMAX2X4Z5HYH5BQWEW,1,1,not_recorded,visibility=visible;status=available;sellable_quantity=1,not_recorded,0,no_sync_record,,website_projection_missing;kiosk_projection_not_recorded
1,connected,local-inventory-e23e8506-854d-4417-8a13-ae4d0d3ad4cd,115e6820-fab5-6be9-71c0-d7c9ac01fb1d,Munkidori ex,PUG-11B53756-10,available,1,,not_recorded,TIDALELPKCBAZZFP2PIZSUMR,1,1,not_recorded,visibility=visible;status=available;sellable_quantity=1,not_recorded,0,no_sync_record,,website_projection_missing;kiosk_projection_not_recorded
1,connected,local-inventory-cd3155f2-6442-4618-bd28-38e14c00a5c5,74386c19-e51a-7284-d9ff-db4024b2a30d,Munkidori ex,PUG-11B53756-11,available,1,,not_recorded,FT7WUWVOYVLUI36KGBTKD4SO,1,1,not_recorded,visibility=visible;status=available;sellable_quantity=1,not_recorded,0,no_sync_record,,website_projection_missing;kiosk_projection_not_recorded
1,connected,local-inventory-63e2509d-33f4-4f8c-8110-e7147da2e51b,b8bf2e1b-d48b-9e90-e963-7cd3011164c5,Miraidon ex,PUG-1CD0AC5E-01,available,1,,not_recorded,7YD7C5JDIG2HX4MGH5ZLFKOF,1,1,not_recorded,visibility=visible;status=available;sellable_quantity=1,not_recorded,0,no_sync_record,,website_projection_missing;kiosk_projection_not_recorded
1,connected,local-inventory-a843caeb-2700-4e9f-b9e7-abaf61ae9ab6,14152aad-39eb-bb1a-0b09-f0008ff11021,Miraidon ex,PUG-1CD0AC5E-02,available,1,,not_recorded,FUA2Y2NSWYYONPCZBFCZSQB5,1,1,not_recorded,visibility=visible;status=available;sellable_quantity=1,not_recorded,0,no_sync_record,,website_projection_missing;kiosk_projection_not_recorded
1,connected,local-inventory-c125dcc8-35a1-4f65-ba21-8bf6d17cbf10,104ba2c1-b6da-1362-b677-44a1f4c48e0f,Mismagius ex,PUG-F73A4AD8-01,available,1,,not_recorded,HUSSABNAODNGR5T365PUSWX7,1,1,not_recorded,visibility=visible;status=available;sellable_quantity=1,not_recorded,0,no_sync_record,,website_projection_missing;kiosk_projection_not_recorded
1,connected,local-inventory-63ef295b-e20b-4ce0-91c6-39fa3a9bb0ad,6913119f-1d00-1191-c256-5883633c2305,Mismagius ex,PUG-F73A4AD8-02,available,1,,not_recorded,ZNQOLVXMV3TLTAVSRVSFYDA2,1,1,not_recorded,visibility=visible;status=available;sellable_quantity=1,not_recorded,0,no_sync_record,,website_projection_missing;kiosk_projection_not_recorded
1,connected,local-inventory-a541016c-f5d1-4d3b-8b2a-5ae63775f276,daf9430c-50a9-8f47-22e6-42bbeb5a23a1,Mismagius ex,PUG-F73A4AD8-03,available,1,,not_recorded,CLDUKXI4YOVJRJXVVGO67SLX,1,1,not_recorded,visibility=visible;status=available;sellable_quantity=1,not_recorded,0,no_sync_record,,website_projection_missing;kiosk_projection_not_recorded
1,connected,local-inventory-2a52d88d-32b7-4c9f-9e1d-b3e739a9f2ea,2fcf9c48-31c6-8977-babc-f2be24634585,Mismagius ex,PUG-F73A4AD8-04,available,1,,not_recorded,3Z4RNACPJCCBMSWHDWR3YNQI,1,1,not_recorded,visibility=visible;status=available;sellable_quantity=1,not_recorded,0,no_sync_record,,website_projection_missing;kiosk_projection_not_recorded
1,connected,local-inventory-43185a00-b31e-432a-a7c1-76af23dde421,03a9a045-dd65-8943-c485-7294bd329734,Mismagius ex,PUG-F73A4AD8-05,available,1,,not_recorded,JJSYCSKMXVJL2G2VNXCDTEUJ,1,1,not_recorded,visibility=visible;status=available;sellable_quantity=1,not_recorded,0,no_sync_record,,website_projection_missing;kiosk_projection_not_recorded
1,connected,local-inventory-c165510d-b23d-49b7-8703-21a22efd3b83,60bd8657-caf4-8bd1-d4f5-fcbe8efd341c,Melmetal ex,PUG-F85669C4-01,available,1,,not_recorded,BN344S6KAPYLZBKUTSFFTNAV,1,1,not_recorded,visibility=visible;status=available;sellable_quantity=1,not_recorded,0,no_sync_record,,website_projection_missing;kiosk_projection_not_recorded
1,connected,local-inventory-9b4bd45e-bc14-428c-8082-b9db487a6846,6f387c9c-aa04-831c-2266-7fbef7dc4898,Melmetal ex,PUG-F85669C4-02,available,1,,not_recorded,JOI7UJC7PBBLJJK34WSQJPWS,1,1,not_recorded,visibility=visible;status=available;sellable_quantity=1,not_recorded,0,no_sync_record,,website_projection_missing;kiosk_projection_not_recorded
1,connected,local-inventory-ffb04beb-f2b2-4a7b-93cf-2b0fc05dea8e,0cba3194-40ff-1d2c-910a-cf84fceb31c3,Melmetal ex,PUG-F85669C4-03,available,1,,not_recorded,WCYUI7PFVKSTHP2RO3HOAL6L,1,1,not_recorded,visibility=visible;status=available;sellable_quantity=1,not_recorded,0,no_sync_record,,website_projection_missing;kiosk_projection_not_recorded
1,connected,local-inventory-ea46c16c-ac07-43ca-9f0a-b2c674c96c1f,4d0248dc-e7c7-2056-3cf5-a61bed878ed0,Melmetal ex,PUG-F85669C4-04,available,1,,not_recorded,NU4WGVNPHA2HZ7AWQYJIQHFU,1,1,not_recorded,visibility=visible;status=available;sellable_quantity=1,not_recorded,0,no_sync_record,,website_projection_missing;kiosk_projection_not_recorded
1,connected,local-inventory-68ea2263-a5f9-44aa-9460-8f57188adfa0,504be811-9bb9-1796-173d-98170ec167dd,Melmetal ex,PUG-F85669C4-05,available,1,,not_recorded,FQ3FIZETVDJ7BGA4XRDBABVX,1,1,not_recorded,visibility=visible;status=available;sellable_quantity=1,not_recorded,0,no_sync_record,,website_projection_missing;kiosk_projection_not_recorded
1,connected,local-inventory-d78d7603-2d21-4003-aa8c-04101dfef55c,0d1d54c6-5818-446d-3c0b-d851170add21,Melmetal ex,PUG-F85669C4-06,available,1,,not_recorded,6UL7KDYFZANDHGZ2NRP5DV2T,1,1,not_recorded,visibility=visible;status=available;sellable_quantity=1,not_recorded,0,no_sync_record,,website_projection_missing;kiosk_projection_not_recorded
1,connected,local-inventory-5e27c335-1d81-4bad-981b-81411fd93da2,2a6c5e66-0e41-1d8c-4433-c3eef77e6bdd,Melmetal ex,PUG-F85669C4-07,available,1,,not_recorded,AGVIF4VHAY7TAOCHMDOMYUSN,1,1,not_recorded,visibility=visible;status=available;sellable_quantity=1,not_recorded,0,no_sync_record,,website_projection_missing;kiosk_projection_not_recorded
1,connected,local-inventory-7ac11e4b-1e85-4eed-92c8-1caca985aece,c1910452-20b8-d3d0-464e-5eca7ffead9b,Melmetal ex,PUG-F85669C4-08,available,1,,not_recorded,6ZEP7MBHWVE4627LVN3JRLEQ,1,1,not_recorded,visibility=visible;status=available;sellable_quantity=1,not_recorded,0,no_sync_record,,website_projection_missing;kiosk_projection_not_recorded
1,connected,local-inventory-8b2904b7-0ffd-47ae-a568-2d20e4d72a06,b7fba8f8-4338-eeb6-67a1-d2fc418b9047,Melmetal ex,PUG-F85669C4-09,available,1,,not_recorded,WJCITO637HPAAUJUHQUBN4SY,1,1,not_recorded,visibility=visible;status=available;sellable_quantity=1,not_recorded,0,no_sync_record,,website_projection_missing;kiosk_projection_not_recorded
1,connected,local-inventory-5eeb153f-4121-494d-b5c2-559e0b77b0e1,2b36f99c-3584-aa62-594d-a34d7b20afbd,Melmetal ex,PUG-F85669C4-10,available,1,,not_recorded,ROXZVDWEJAFWNTJO2XYX6422,1,1,not_recorded,visibility=visible;status=available;sellable_quantity=1,not_recorded,0,no_sync_record,,website_projection_missing;kiosk_projection_not_recorded
1,connected,local-inventory-1413cd37-5419-4a86-b981-7db972fc8c80,de0a3221-a4ef-9eaf-35de-2e5b1dae4d37,Melmetal ex,PUG-F85669C4-11,available,1,,not_recorded,SDGV2BHVJHLX5XRVBA2FP76P,1,1,not_recorded,visibility=visible;status=available;sellable_quantity=1,not_recorded,0,no_sync_record,,website_projection_missing;kiosk_projection_not_recorded
1,connected,local-inventory-c2503094-ac2a-42a0-9fb1-b7a3243ee7cd,b841bab4-c6e0-11de-69c0-ab9d07f658be,Medicham ex,PUG-A3151768-01,removed,0,,not_recorded,BE3VKAIFGSLITSBE6XNJ6WER,0,0,not_recorded,visibility=hidden;status=removed;sellable_quantity=0,not_recorded,0,synced,,website_projection_missing;kiosk_projection_not_recorded
1,connected,local-inventory-61b460a2-6f10-4b2b-8e4b-6c80251c4960,30a4f1dd-5324-0ef6-9737-e985321487ca,Medicham ex,PUG-A3151768-02,available,10,,not_recorded,YAUH5IDZJRHPAINHAGPMOE4D,10,10,not_recorded,visibility=visible;status=available;sellable_quantity=10,not_recorded,0,synced,,website_projection_missing;kiosk_projection_not_recorded
1,connected,local-inventory-fe581ca3-6391-48c8-82fe-0f4e84f79348,f9e49c32-b0b6-4c59-904f-63f78409e74d,Medicham ex,PUG-A3151768-03,removed,0,,not_recorded,ZC2X5TVS2ZIYSEMQRMUNUFFF,0,0,not_recorded,visibility=hidden;status=removed;sellable_quantity=0,not_recorded,0,synced,,website_projection_missing;kiosk_projection_not_recorded
1,connected,local-inventory-e669aa9d-6280-4ffe-8ec2-df62cb15fa11,e3d025a4-e5d0-b073-d9f1-0ed9c05e037b,Medicham ex,PUG-A3151768-04,removed,0,,not_recorded,R3YR2C7YWBQ75QU65ZPFRBFG,0,0,not_recorded,visibility=hidden;status=removed;sellable_quantity=0,not_recorded,0,synced,,website_projection_missing;kiosk_projection_not_recorded
1,connected,local-inventory-736ef3c1-0487-4614-88e3-0913ed99e21e,9fac2c59-49ed-9c42-7329-36bcc6edd06e,Medicham ex,PUG-A3151768-05,removed,0,,not_recorded,RILKJ5X2N4R5CG45UVR3KUQ6,0,0,not_recorded,visibility=hidden;status=removed;sellable_quantity=0,not_recorded,0,synced,,website_projection_missing;kiosk_projection_not_recorded
1,connected,local-inventory-f685b7c1-6e91-46d6-bb5b-bd307784cd7c,78f38bfb-86f1-c347-b14b-f8c797266d6e,Medicham ex,PUG-A3151768-06,removed,0,,not_recorded,EVZTOPRUOWSYPTDMCTQUYJN6,0,0,not_recorded,visibility=hidden;status=removed;sellable_quantity=0,not_recorded,0,synced,,website_projection_missing;kiosk_projection_not_recorded
1,connected,local-inventory-7e8c61f2-7e07-47bc-853c-ef77cdb1b809,81c599d0-392b-57d9-7862-19edb6b6ffc5,Mega Mawile ex,PUG-697CB0B6,available,1,,not_recorded,A62XLE2QKP7BSGIKPTF5Q7OD,1,1,not_recorded,visibility=visible;status=available;sellable_quantity=1,not_recorded,0,no_sync_record,,website_projection_missing;kiosk_projection_not_recorded
1,connected,local-inventory-29952427-a21d-46bd-ad69-93b175be9836,79fe18b0-4862-4184-4517-5ad5fb67f3b9,Noivern ex,PUG-1C8C74A8-01,available,1,,not_recorded,TUQCPTCHXBBTR5G5M7QVTLWX,1,1,not_recorded,visibility=visible;status=available;sellable_quantity=1,not_recorded,0,no_sync_record,,website_projection_missing;kiosk_projection_not_recorded
1,connected,local-inventory-8a4c2373-f568-4de5-847d-5e20e07e635c,06f91d5b-04ea-0a0d-1cc8-a77fc7fd9ce1,Noivern ex,PUG-1C8C74A8-02,available,1,,not_recorded,R7CHEKA7RMIKMHYHPRKEJK43,1,1,not_recorded,visibility=visible;status=available;sellable_quantity=1,not_recorded,0,no_sync_record,,website_projection_missing;kiosk_projection_not_recorded
1,connected,local-inventory-9c767b82-81fd-4831-8cd9-e81c9c1c702d,4b632317-2fac-d016-b3fc-447c42b76ca3,Noivern ex,PUG-1C8C74A8-03,available,1,,not_recorded,HI6L2UPFZW2MZWJCVNB27W4L,1,1,not_recorded,visibility=visible;status=available;sellable_quantity=1,not_recorded,0,no_sync_record,,website_projection_missing;kiosk_projection_not_recorded
1,connected,local-inventory-d9ab493d-6a49-419e-a659-436feea9383e,caf73599-a71a-761d-8634-f08b5376c7b2,Noivern ex,PUG-1C8C74A8-04,sold,0,,not_recorded,ZGCDZPDBNCIWWCFFOUCSZCHZ,0,0,not_recorded,visibility=visible;status=sold;sellable_quantity=0,not_recorded,0,no_sync_record,,website_projection_missing;kiosk_projection_not_recorded
1,connected,local-inventory-ad2f098b-c591-44e7-9c8b-3b838d973b11,87126376-3e8e-4183-0e11-dbbe270963ab,Hearthflame Mask Ogerpon ex,PUG-BD782830-01,removed,0,,not_recorded,KUZD5WY6KIPKZNOCWL4UQ22N,0,0,not_recorded,visibility=hidden;status=removed;sellable_quantity=0,not_recorded,0,synced,,website_projection_missing;kiosk_projection_not_recorded
1,connected,local-inventory-1a7b788b-c5a6-4dcc-a77d-f500e90622a9,472b9136-c2e8-7996-fa20-bea0a7b0fdb2,Hearthflame Mask Ogerpon ex,PUG-BD782830-02,removed,0,,not_recorded,UP5ZRKXC6A3GQZJB74MP5OCC,0,0,not_recorded,visibility=hidden;status=removed;sellable_quantity=0,not_recorded,0,synced,,website_projection_missing;kiosk_projection_not_recorded
1,connected,local-inventory-022713eb-4440-4e5e-b41d-2fe8b5b5b47d,d2412ef6-1003-d0a1-4691-beb7b19d6869,Hearthflame Mask Ogerpon ex,PUG-BD782830-03,sold,1,,not_recorded,P7EEGCFHPUJEE435GRFIDOXG,0,0,not_recorded,visibility=visible;status=sold;sellable_quantity=0,not_recorded,0,synced,,website_projection_missing;kiosk_projection_not_recorded
1,connected,local-inventory-79cf5b27-0ab9-4615-8c74-276c53f273ad,59ba1a4d-3a09-4869-5df3-4ddc4be354b4,Teal Mask Ogerpon ex,PUG-7571FDA8,available,1,,not_recorded,AJ64KIC2JK2W23IV3552DKKG,1,0,not_recorded,visibility=visible;status=available;sellable_quantity=1,not_recorded,0,synced,,website_projection_missing;square_count_mismatch;kiosk_projection_not_recorded
1,connected,local-inventory-b6bd1a94-c4be-4ecb-b725-0bbacd36689a,e5306090-cfbc-7cbe-64ee-a62fcf79423e,Teal Mask Ogerpon ex,PUG-2871C164-01,available,1,,not_recorded,X57XTT5Q4DVT7B5VR4ORHTDS,1,1,not_recorded,visibility=visible;status=available;sellable_quantity=1,not_recorded,0,synced,,website_projection_missing;kiosk_projection_not_recorded
1,connected,local-inventory-dc74021a-2260-426e-8502-a5590c8fdfe3,63578259-dcc8-c120-1461-dc7f813d6cc7,Teal Mask Ogerpon ex,PUG-2871C164-02,available,1,,not_recorded,DEYZXYQA2FNCTEHFBAXE3S5X,1,1,not_recorded,visibility=visible;status=available;sellable_quantity=1,not_recorded,0,synced,,website_projection_missing;kiosk_projection_not_recorded
1,connected,local-inventory-77770719-0a1d-4298-923f-3c3f005b3600,cc2a9fc4-297c-e985-a442-0bbe89197354,Teal Mask Ogerpon ex,PUG-2871C164-03,available,1,,not_recorded,U7VCIRQTAKUWKWPQ4F5WC3EI,1,0,not_recorded,visibility=visible;status=available;sellable_quantity=1,not_recorded,0,synced,,website_projection_missing;square_count_mismatch;kiosk_projection_not_recorded
1,connected,local-inventory-242dcf62-6f62-4a9d-b168-4dd22452d233,03bcf69e-8800-9546-3660-9ff12fb02260,Oinkologne ex,PUG-728E7CEF-01,available,1,,not_recorded,K23RCIQ3OJFNIXRGSZ6WERYY,1,1,not_recorded,visibility=visible;status=available;sellable_quantity=1,not_recorded,0,no_sync_record,,website_projection_missing;kiosk_projection_not_recorded
1,connected,local-inventory-e2c918f6-80f3-40e9-8437-a54dffe8b772,0ba64c50-1966-7586-0990-ef4113647e24,Oinkologne ex,PUG-728E7CEF-02,available,1,,not_recorded,E7Q5GWVRAJEGHB56MF7EZ5PM,1,1,not_recorded,visibility=visible;status=available;sellable_quantity=1,not_recorded,0,no_sync_record,,website_projection_missing;kiosk_projection_not_recorded
1,connected,local-inventory-2161403e-e6ad-4aa0-9159-6d7bdea633c7,04aee790-6a8a-cec5-208d-6a602c766b1a,Oinkologne ex,PUG-728E7CEF-03,available,1,,not_recorded,OY25GTWMPW2KFILUYACYIBWV,1,1,not_recorded,visibility=visible;status=available;sellable_quantity=1,not_recorded,0,no_sync_record,,website_projection_missing;kiosk_projection_not_recorded
1,connected,local-inventory-5274c77e-f94e-481c-90cd-e3f3897954d3,b800a181-cc84-de99-2ebc-336a099b613b,Oinkologne ex,PUG-728E7CEF-04,available,1,,not_recorded,UKQRPBU4PO7NT7FBTNRU75TI,1,1,not_recorded,visibility=visible;status=available;sellable_quantity=1,not_recorded,0,no_sync_record,,website_projection_missing;kiosk_projection_not_recorded
1,connected,local-inventory-97dee439-abcf-4748-b85c-4316e3bb6fbe,2ba0e571-cb0c-3432-8ca2-fa5ba941673f,Oinkologne ex,PUG-728E7CEF-05,available,1,,not_recorded,ZBFFQV5RBMZ2QUFYITZHYRMH,1,1,not_recorded,visibility=visible;status=available;sellable_quantity=1,not_recorded,0,no_sync_record,,website_projection_missing;kiosk_projection_not_recorded
1,connected,local-inventory-438bb8fd-380f-4f67-8be7-e64c6fc7aa2c,6f6bc087-f89c-e0b3-d075-c088ecf126d6,Oinkologne ex,PUG-728E7CEF-06,available,1,,not_recorded,UN5FQDVNCPG6HILE62U7OOD4,1,1,not_recorded,visibility=visible;status=available;sellable_quantity=1,not_recorded,0,no_sync_record,,website_projection_missing;kiosk_projection_not_recorded
1,connected,local-inventory-4dd1faaa-4478-4544-b755-6ddb01330a22,12965493-ed38-d645-a1e5-03c06c915d2a,Oinkologne ex,PUG-728E7CEF-07,available,1,,not_recorded,AD6DU25G5UHFS5F6QQ3I62IL,1,1,not_recorded,visibility=visible;status=available;sellable_quantity=1,not_recorded,0,no_sync_record,,website_projection_missing;kiosk_projection_not_recorded
1,connected,local-inventory-6a5d91fe-4f7a-4d93-be29-bf83a874a0eb,3b40ac24-2c89-9c12-6687-cb90bb5dfbe4,Oinkologne ex,PUG-728E7CEF-08,available,1,,not_recorded,ISPAOK7CYYVHKXHA7ANSNV5N,1,1,not_recorded,visibility=visible;status=available;sellable_quantity=1,not_recorded,0,no_sync_record,,website_projection_missing;kiosk_projection_not_recorded
1,connected,local-inventory-f5cd15fd-2fa0-4f2f-a329-907b78df556e,129d5b17-acf6-05f9-5fd6-220de6cc4abc,Oinkologne ex,PUG-728E7CEF-09,available,1,,not_recorded,OY6EERFYTYACN4QIM2AFNYIO,1,1,not_recorded,visibility=visible;status=available;sellable_quantity=1,not_recorded,0,no_sync_record,,website_projection_missing;kiosk_projection_not_recorded
1,connected,local-inventory-ede5f38e-4b4d-4e30-803c-06168a0cf870,41ac1937-a197-bd08-436b-6449123d1ba0,Oinkologne ex,PUG-728E7CEF-10,available,1,,not_recorded,B356L7VVDQUZXBF6IK7ZGWLU,1,1,not_recorded,visibility=visible;status=available;sellable_quantity=1,not_recorded,0,no_sync_record,,website_projection_missing;kiosk_projection_not_recorded
1,connected,local-inventory-fa3d7396-61ea-4bd6-992f-f8e0134a9268,08750a55-d460-d973-14e1-326c2b5be031,Oricorio ex,PUG-0AFDE1D5-01,available,1,,not_recorded,JNTLMGUGW6AWVVTDVPABEZOS,1,1,not_recorded,visibility=visible;status=available;sellable_quantity=1,not_recorded,0,no_sync_record,,website_projection_missing;kiosk_projection_not_recorded
1,connected,local-inventory-b2c0a601-4ab8-4039-a609-d3f6f979f019,e25ed1bf-024b-e8e1-becf-ed57261dcd5f,Oricorio ex,PUG-0AFDE1D5-02,available,1,,not_recorded,UIVMTJHGAZU3MCFPMVMIWGM3,1,1,not_recorded,visibility=visible;status=available;sellable_quantity=1,not_recorded,0,no_sync_record,,website_projection_missing;kiosk_projection_not_recorded
1,connected,local-inventory-3e99f028-0523-4c02-b3ac-85c93101555e,9800b5f0-b709-9fb2-e206-adce903c82cf,Orthworm ex,PUG-FD460F11-01,available,1,,not_recorded,KK22GYXA5N7I2SV2BVJJSPY6,1,1,not_recorded,visibility=visible;status=available;sellable_quantity=1,not_recorded,0,no_sync_record,,website_projection_missing;kiosk_projection_not_recorded
1,connected,local-inventory-0e19ab2e-4bc3-4a89-93b3-d020dade7c11,fd740637-ce59-3533-8841-4d975aa8c958,Orthworm ex,PUG-FD460F11-02,available,1,,not_recorded,H2SVLI2LSBQNQEHMGAKOHN3W,1,1,not_recorded,visibility=visible;status=available;sellable_quantity=1,not_recorded,0,no_sync_record,,website_projection_missing;kiosk_projection_not_recorded
1,connected,local-inventory-56dd0dc3-2725-4563-8924-bdc5fdf96599,978a0c15-81b4-8813-0077-70723249871f,Orthworm ex,PUG-FD460F11-03,available,1,,not_recorded,S6AIJQM22H7QXK3ND4FJNSWG,1,1,not_recorded,visibility=visible;status=available;sellable_quantity=1,not_recorded,0,no_sync_record,,website_projection_missing;kiosk_projection_not_recorded
1,connected,local-inventory-6762f2d3-df43-4dc9-ba85-187396e43331,bdabea0d-a259-f269-3f3f-dafc80cbf831,Orthworm ex,PUG-FD460F11-04,available,1,,not_recorded,AQWLR5JTL4OZFYRELVPETVWN,1,1,not_recorded,visibility=visible;status=available;sellable_quantity=1,not_recorded,0,no_sync_record,,website_projection_missing;kiosk_projection_not_recorded
1,connected,local-inventory-722da522-47dd-4bae-9425-b525c4d2c715,26e2ee4a-6510-c64f-8c14-54b625f20f3a,Orthworm ex,PUG-FD460F11-05,available,1,,not_recorded,AAVS7GXCMJUHEIV64QQR6NPE,1,1,not_recorded,visibility=visible;status=available;sellable_quantity=1,not_recorded,0,no_sync_record,,website_projection_missing;kiosk_projection_not_recorded
1,connected,local-inventory-69965891-bc00-493a-98d0-1143b5984842,3801fda7-4fbb-39c2-13d9-2c79ace8e8da,Orthworm ex,PUG-FD460F11-06,available,1,,not_recorded,64A42VN3EHZNQEU5RZVDOLCG,1,1,not_recorded,visibility=visible;status=available;sellable_quantity=1,not_recorded,0,no_sync_record,,website_projection_missing;kiosk_projection_not_recorded
1,connected,local-inventory-49aa535a-510a-49fe-a80c-ec26b627a9c0,def4b6cc-426a-0c2c-3811-9b59e1837057,Orthworm ex,PUG-FD460F11-07,available,1,,not_recorded,RFAQUWL4VA4DUNYKON2OOSIF,1,1,not_recorded,visibility=visible;status=available;sellable_quantity=1,not_recorded,0,no_sync_record,,website_projection_missing;kiosk_projection_not_recorded
1,connected,local-inventory-ed0a8e7e-7a4f-40cd-a872-a5501d70ec48,9a4aa56d-4c34-ee6e-9062-4a44bde508d4,Orthworm ex,PUG-FD460F11-08,available,1,,not_recorded,N4KHSRVJTA2F7PRDYRZOQD66,1,1,not_recorded,visibility=visible;status=available;sellable_quantity=1,not_recorded,0,no_sync_record,,website_projection_missing;kiosk_projection_not_recorded
1,connected,local-inventory-da10c9f7-af90-4a87-9bc9-00eed2085452,34f36c5e-f1db-cb92-3058-86e61ef6e44c,Orthworm ex,PUG-FD460F11-09,available,1,,not_recorded,77HLXXBRE7T4772EPOD6J4SM,1,1,not_recorded,visibility=visible;status=available;sellable_quantity=1,not_recorded,0,no_sync_record,,website_projection_missing;kiosk_projection_not_recorded
1,connected,local-inventory-ad3ec067-fb3f-4402-a624-dbcb83e2295b,abcd18bc-72e2-34fc-fa2a-54c9f46f9c5f,Orthworm ex,PUG-FD460F11-10,available,1,,not_recorded,H376HSBZRMHTVZ2HI3PF7XQR,1,1,not_recorded,visibility=visible;status=available;sellable_quantity=1,not_recorded,0,no_sync_record,,website_projection_missing;kiosk_projection_not_recorded
1,connected,local-inventory-c41edcfc-abbe-4d63-a822-7e9578f446fe,014f36b7-dbbb-8d71-a4ad-ef826f3a6508,Orthworm ex,PUG-FD460F11-11,available,1,,not_recorded,226VTWZHMPR5OMTUCFXCB4RD,1,1,not_recorded,visibility=visible;status=available;sellable_quantity=1,not_recorded,0,no_sync_record,,website_projection_missing;kiosk_projection_not_recorded
1,connected,local-inventory-2a413069-fada-482f-bdf7-e3e73d017df1,f979e1e1-1114-a588-70dc-ee616b01bdd0,Palafin ex,PUG-4A2F7699-01,available,1,,not_recorded,ZOZACKZ6X7RCIBMMXYTRFP2N,1,1,not_recorded,visibility=visible;status=available;sellable_quantity=1,not_recorded,0,no_sync_record,,website_projection_missing;kiosk_projection_not_recorded
1,connected,local-inventory-e1bcf841-86be-4fb4-a7d6-e82e37e9fe70,152b6f1e-0ba5-bb03-3488-65ad1ffbd321,Palafin ex,PUG-4A2F7699-02,available,1,,not_recorded,T62Y3OAMXPT3LDSL3U5XGBLU,1,1,not_recorded,visibility=visible;status=available;sellable_quantity=1,not_recorded,0,no_sync_record,,website_projection_missing;kiosk_projection_not_recorded
1,connected,local-inventory-fd8f9207-b8c9-4d61-a996-865bd3a093fe,12ca28ba-dc5b-7d31-7d82-fe109a58a6c0,Palafin ex,PUG-4A2F7699-03,available,1,,not_recorded,Y2KGDI4MRFA7T5LEQETVZ2T6,1,1,not_recorded,visibility=visible;status=available;sellable_quantity=1,not_recorded,0,no_sync_record,,website_projection_missing;kiosk_projection_not_recorded
1,connected,local-inventory-f3003fd9-ca26-4530-b9d8-8e59947280d5,2aea68fe-5622-83c8-0d52-19bce24e2e78,Palafin ex,PUG-4A2F7699-04,available,1,,not_recorded,RVXODGPLTAXDNCBBJML452BU,1,1,not_recorded,visibility=visible;status=available;sellable_quantity=1,not_recorded,0,no_sync_record,,website_projection_missing;kiosk_projection_not_recorded
1,connected,local-inventory-31d21ffc-9067-467f-a928-3004b106aa44,bef8bb2d-eb9f-d501-bc67-0be9dbb56056,All Will Be One,PUG-3639DFB2,sold,0,,not_recorded,2G5LJ2UIMWCSBEN26QIFQWYK,0,0,not_recorded,visibility=visible;status=sold;sellable_quantity=0,not_recorded,0,no_sync_record,,website_projection_missing;kiosk_projection_not_recorded
1,connected,local-inventory-5f2071f5-339b-478c-aa17-16081cb70a25,c8f94107-cb57-5408-069c-699e63d10128,Pecharunt ex,PUG-0CE1518C,available,1,,not_recorded,J7ELMK2BLMZKT6WL7ATI4E2O,1,1,not_recorded,visibility=visible;status=available;sellable_quantity=1,not_recorded,0,synced,,website_projection_missing;kiosk_projection_not_recorded
1,connected,local-inventory-1cf7524e-ad8e-438f-9972-c03a7cc62836,5e82aa49-9334-6b62-7883-8ad57db34da6,Hop's Pincurchin ex,PUG-E38E041A-01,available,1,,not_recorded,MYNQQV35A2QJ66QN2XAKPWJD,1,1,not_recorded,visibility=visible;status=available;sellable_quantity=1,not_recorded,0,no_sync_record,,website_projection_missing;kiosk_projection_not_recorded
1,connected,local-inventory-5b5b075e-cb7f-42d9-a2d7-e5f548b4f42e,c087fad3-8e6d-2dda-7102-075aafd69192,Hop's Pincurchin ex,PUG-E38E041A-02,available,1,,not_recorded,IH7AICKBHTJY6BBXXTW7J6OW,1,1,not_recorded,visibility=visible;status=available;sellable_quantity=1,not_recorded,0,no_sync_record,,website_projection_missing;kiosk_projection_not_recorded
1,connected,local-inventory-efc0a12a-b68b-4b14-98a1-6101638a73b3,8c61c76f-4449-1efb-227e-0c57b1a1753c,"Ashling, Flame Dancer",PUG-4120E8EC,available,1,,not_recorded,23YTH5KGCA7IHBAXTB4XQADH,1,0,not_recorded,visibility=visible;status=available;sellable_quantity=1,not_recorded,0,synced,,website_projection_missing;square_count_mismatch;kiosk_projection_not_recorded
1,connected,local-inventory-d8945a65-9eea-4456-b803-32a6663d3133,73b54b2e-82e5-6cd1-0784-11fa75a95ce9,Quaquaval ex,PUG-56CDA4C9-01,available,1,,not_recorded,LT4R5TAJHBK4CSB3VQY7ZHZ2,1,1,not_recorded,visibility=visible;status=available;sellable_quantity=1,not_recorded,0,no_sync_record,,website_projection_missing;kiosk_projection_not_recorded
1,connected,local-inventory-5473f254-d47f-4103-8c76-cb4fb41791b4,c356cae2-8baa-35fd-6d77-d608d93d416e,Quaquaval ex,PUG-56CDA4C9-02,available,1,,not_recorded,3NEFOZENM3A5UE57STE6QH4O,1,1,not_recorded,visibility=visible;status=available;sellable_quantity=1,not_recorded,0,no_sync_record,,website_projection_missing;kiosk_projection_not_recorded
1,connected,local-inventory-db16b3dc-3c10-4b92-b123-d009e502d71b,5de8bb87-3098-e521-fb59-26ab68606297,Quaquaval ex,PUG-56CDA4C9-03,available,1,,not_recorded,ODUR6U4MAFMHHLSZTBVMICCB,1,1,not_recorded,visibility=visible;status=available;sellable_quantity=1,not_recorded,0,no_sync_record,,website_projection_missing;kiosk_projection_not_recorded
1,connected,local-inventory-650df8fc-776c-4a12-b8bd-56095ff68551,5647a5a6-7065-3fa0-c129-820f1cb9ac28,Rabsca ex,PUG-BE7DE5B8,available,1,,not_recorded,NDBADEZ3IIVWRWW4SJZUU4XD,1,1,not_recorded,visibility=visible;status=available;sellable_quantity=1,not_recorded,0,no_sync_record,,website_projection_missing;kiosk_projection_not_recorded
1,connected,local-inventory-d2955ced-296a-4183-8682-914bf38a9065,9be80559-f905-32f1-4199-65812651aa3d,Revavroom ex,PUG-A77FD8D3,available,6,,not_recorded,2HCUUBSLASFREWCJ2OJKVFBK,6,6,not_recorded,visibility=visible;status=available;sellable_quantity=6,not_recorded,0,synced,,website_projection_missing;kiosk_projection_not_recorded
1,connected,local-inventory-941f3632-b8e3-4c2b-b491-3ca9be55b449,2da02b35-12ef-e19a-6283-521b02aaed56,"Chandra, Awakened Inferno",PUG-51E68901,available,1,,not_recorded,T7OUWXUPT6ZXSE6WCQJB7TGU,1,1,not_recorded,visibility=visible;status=available;sellable_quantity=1,not_recorded,0,no_sync_record,,website_projection_missing;kiosk_projection_not_recorded
1,connected,local-inventory-45d81cf2-3e90-4505-823a-568258057d6e,6dbc9946-070c-f424-8581-a72e99d45072,"Kozilek, the Great Distortion",PUG-B32DA609,sold,0,,not_recorded,HY4BXDGEY3232E6MTEHGJBOX,0,0,not_recorded,visibility=visible;status=sold;sellable_quantity=0,not_recorded,0,no_sync_record,,website_projection_missing;kiosk_projection_not_recorded
1,connected,local-inventory-de4b740f-8928-4ad1-b4bb-bcc3a70b8ae9,3ba4c311-9209-eda9-f7df-9207caac3323,Chandra's Ignition,PUG-E52829B0-01,available,1,,not_recorded,P36PA77L5WXUMUAZBJTDIX4I,1,1,not_recorded,visibility=visible;status=available;sellable_quantity=1,not_recorded,0,synced,,website_projection_missing;kiosk_projection_not_recorded
1,connected,local-inventory-d2a563f7-f793-498c-8715-43a8ab31240f,2b60d7b9-a71b-8928-417c-bc77268751fd,Chandra's Ignition,PUG-E52829B0-02,available,1,,not_recorded,4KGAO2DVPIFE4JJQOCENB7IO,1,1,not_recorded,visibility=visible;status=available;sellable_quantity=1,not_recorded,0,synced,,website_projection_missing;kiosk_projection_not_recorded
1,connected,local-inventory-7473f115-37a5-4fdc-bedf-6177ecc6d2c5,1f30796b-6c0c-9fa2-a220-1cbfaed8237c,Chandra's Ignition,PUG-E52829B0-03,available,1,,not_recorded,KGMSKE43YG6ABCS6M7ICR62Q,1,1,not_recorded,visibility=visible;status=available;sellable_quantity=1,not_recorded,0,synced,,website_projection_missing;kiosk_projection_not_recorded
1,connected,local-inventory-25709db4-6012-427d-ae75-48073dba59aa,6d15e6f1-2380-e99a-95a3-8f776d2218e8,Bulk Up,PUG-DD806974,sold,0,,not_recorded,6PMDDAB72I2YLGUZCJCKCF7C,0,0,not_recorded,visibility=hidden;status=sold;sellable_quantity=0,not_recorded,0,synced,,website_projection_missing;kiosk_projection_not_recorded
1,connected,local-inventory-b7c08a43-f638-4a21-a8f4-5af8f4164f57,847a38c0-b9bd-55be-4265-65726b102ac9,Crackle with Power,PUG-C051970E,available,1,,not_recorded,HX6YWEKGAXXTRV4CRN4DP6NE,1,1,not_recorded,visibility=visible;status=available;sellable_quantity=1,not_recorded,0,synced,,website_projection_missing;kiosk_projection_not_recorded
1,connected,local-inventory-8a38d35c-ca09-46cd-bb3d-64512825c1b4,15b9d797-f8a9-f004-eb83-5d902aa53a79,"Dragonhawk, Fate's Tempest",PUG-922186D8,available,1,,not_recorded,CF2XSB3SRQ5UQM47GW4W53YV,1,1,not_recorded,visibility=visible;status=available;sellable_quantity=1,not_recorded,0,synced,,website_projection_missing;kiosk_projection_not_recorded
1,connected,local-inventory-d9b06e92-ce28-45c6-8400-2c0280022ef8,9ed42be3-acbd-fde4-df9d-8a211f4697a4,Broadside Bombardiers,PUG-3484D325,available,1,,not_recorded,KWFG36NQCNW5Z2NK4IRSVOYN,1,1,not_recorded,visibility=visible;status=available;sellable_quantity=1,not_recorded,0,synced,,website_projection_missing;kiosk_projection_not_recorded
1,connected,local-inventory-f2bca2fd-9601-4a15-a2e5-fa41bf04ad53,299dda12-429b-9b4b-48ca-70199ec2763d,Breath of Fury,PUG-595E42D8,available,1,,not_recorded,LPIREKI7XRQM2A63WDMZC4Y6,1,1,not_recorded,visibility=visible;status=available;sellable_quantity=1,not_recorded,0,synced,,website_projection_missing;kiosk_projection_not_recorded
1,connected,local-inventory-da5b6028-4910-4fcc-8b5a-6bdb9e20dacd,8140c0f6-21b0-db63-c208-ae2da05a07e4,Balthor the Stout,PUG-B254F1A2,available,1,,not_recorded,JFHLR7KI2EGXR6MUA5LFIDPD,1,1,not_recorded,visibility=visible;status=available;sellable_quantity=1,not_recorded,0,synced,,website_projection_missing;kiosk_projection_not_recorded
1,connected,local-inventory-45e64b41-b5d6-42e5-ad5c-09faad1071f0,1ba5eccc-e501-d4d8-03b9-0ea62c59c913,Underground Mortuary,PUG-A8EFFEE4,available,1,,not_recorded,AGQYNJL2TPXQMUQ2EAPIHN74,1,1,not_recorded,visibility=visible;status=available;sellable_quantity=1,not_recorded,0,synced,,website_projection_missing;kiosk_projection_not_recorded
1,connected,local-inventory-ae44a7cc-b263-4db4-8a1d-c25bf90ba77c,a6ebd293-1ab4-187c-fd1b-ef43f42b1dda,Underground Mortuary,PUG-D6CEE158,available,1,,not_recorded,326PHCBUWG56IF2WWNQX3M4T,1,1,not_recorded,visibility=visible;status=available;sellable_quantity=1,not_recorded,0,synced,,website_projection_missing;kiosk_projection_not_recorded
1,connected,local-inventory-d7e2f2a3-da22-41e9-962b-80945dbcc4bd,2852477f-50ef-d46c-3a29-2602385be34d,Three Tree City,PUG-EF876F77,available,1,,not_recorded,4MAA4THSPYLP6JIQ6GNTBUDO,1,1,not_recorded,visibility=visible;status=available;sellable_quantity=1,not_recorded,0,synced,,website_projection_missing;kiosk_projection_not_recorded
1,connected,local-inventory-2837204d-f0c0-4046-ae9f-6b5c7bc4a959,dacd892b-2dda-7e80-ccf8-923a650cfd17,Shadowy Backstreet,PUG-7BA3AE12,available,1,,not_recorded,D2KTYYNM7LCRLJMZGL6H3VBI,1,1,not_recorded,visibility=visible;status=available;sellable_quantity=1,not_recorded,0,synced,,website_projection_missing;kiosk_projection_not_recorded
1,connected,local-inventory-a45b8ba1-e550-4b5c-9e30-328f305060a8,95c754c9-b647-6bc4-74d4-dcb5de21735e,Sea of Clouds,PUG-BDB9E599,sold,0,,not_recorded,DCJLT3VPJQT4JXNKMPJI4SAC,0,0,not_recorded,visibility=visible;status=sold;sellable_quantity=0,not_recorded,0,no_sync_record,,website_projection_missing;kiosk_projection_not_recorded
1,connected,local-inventory-d729a476-8ed2-4627-b735-191af70165dd,c07755eb-01a3-e38d-1891-66868a2b24c1,Mystic Gate,PUG-C82BF1CE,available,1,,not_recorded,IUUXDQKMTNQ3GKLEQSHYEUWX,1,0,not_recorded,visibility=visible;status=available;sellable_quantity=1,not_recorded,0,synced,,website_projection_missing;square_count_mismatch;kiosk_projection_not_recorded
1,connected,local-inventory-1532bf32-070d-415d-b09c-b59682e59b9c,35ac3f47-cfac-3dda-3954-0ae79d9fa822,Mystic Sanctuary,PUG-8E210684,available,1,,not_recorded,N4WAIXM4YG6UK3IQ4AP3XIAE,1,1,not_recorded,visibility=visible;status=available;sellable_quantity=1,not_recorded,0,synced,,website_projection_missing;kiosk_projection_not_recorded
1,connected,local-inventory-e3e228cb-75fe-481b-ab62-0572a23ddc6e,22c75fc0-4557-66c6-af7f-0336224870dd,Angel's Grace,PUG-58EC7CE3,sold,0,,not_recorded,5FI4CIDRV6YYY52D2VOJXK5Q,0,0,not_recorded,visibility=visible;status=sold;sellable_quantity=0,not_recorded,0,no_sync_record,,website_projection_missing;kiosk_projection_not_recorded
1,connected,local-inventory-0843f36e-6b6d-44bf-882d-46d3b9d0ab05,4a8dcd70-2025-beb4-1bd0-19c6549d6558,"Ajani, Strength of the Pride",PUG-CA9DA41F,available,1,,not_recorded,DNEYV6DQXMZZT5MTWB3KHDJI,1,0,not_recorded,visibility=visible;status=available;sellable_quantity=1,not_recorded,0,synced,,website_projection_missing;square_count_mismatch;kiosk_projection_not_recorded
1,connected,local-inventory-847378d0-00fb-42d1-8170-1ca846fed880,a0ef56e2-61cc-5af2-5104-581abe618b4c,Archangel of Thune,PUG-A30B8B73,available,1,,not_recorded,26G74TJDLCY6IXUFQTUZME6R,1,1,not_recorded,visibility=visible;status=available;sellable_quantity=1,not_recorded,0,synced,,website_projection_missing;kiosk_projection_not_recorded
1,connected,local-inventory-5843de6c-8a2d-4404-99a5-201d2c3eb582,e131f5e7-1ef3-d092-d43d-327599c8d24c,Morphic Pool,PUG-453A216D,sold,0,,not_recorded,V7TVI4AL6NKTVKZ3XK3VYHSV,0,0,not_recorded,visibility=visible;status=sold;sellable_quantity=0,not_recorded,0,no_sync_record,,website_projection_missing;kiosk_projection_not_recorded
1,connected,local-inventory-15e463a8-f168-4b3a-827c-fb7aecfd3785,4bf8a50f-b8d1-c940-4181-45527b24ae7c,Archivist of Oghma,PUG-61297F36,available,1,,not_recorded,QBXQDDBY7WSWB77VGRHVFMGG,1,1,not_recorded,visibility=visible;status=available;sellable_quantity=1,not_recorded,0,synced,,website_projection_missing;kiosk_projection_not_recorded
1,connected,local-inventory-93516474-7635-4858-86f2-a478f913f850,10fec9c8-3d6a-2c97-9e54-0ed83c09a018,Lush Portico,PUG-A1F9D076-01,available,1,,not_recorded,TY6PHUW2A2DOZYK2X2ZR3VDX,1,1,not_recorded,visibility=visible;status=available;sellable_quantity=1,not_recorded,0,synced,,website_projection_missing;kiosk_projection_not_recorded
1,connected,local-inventory-3bab92c4-1cff-4de7-9ea8-3e44e49e22fa,79cb38f3-34f0-b832-2d8b-e6dcba692cb1,Lush Portico,PUG-A1F9D076-02,available,1,,not_recorded,BKMDHVAGMSTMB6N2VHCHLJFJ,1,1,not_recorded,visibility=visible;status=available;sellable_quantity=1,not_recorded,0,synced,,website_projection_missing;kiosk_projection_not_recorded
1,connected,local-inventory-15c10f56-a7c4-4c98-b52f-7a01917ca445,50319122-3a23-5ab4-db0f-c6583b076f5a,Lush Portico,PUG-A1F9D076-03,available,1,,not_recorded,MGB4NQ3WNIFV2YURC5DO4H4W,1,1,not_recorded,visibility=visible;status=available;sellable_quantity=1,not_recorded,0,synced,,website_projection_missing;kiosk_projection_not_recorded
1,connected,local-inventory-45a66dd5-f7b3-4904-91ac-e0b4041d6c11,98e34a51-510b-e09c-1366-10c4ba90152d,Bonescythe Sliver,PUG-70C7ADFC,available,1,,not_recorded,6VJQAF32I7RDRPCSJCQMATW5,1,1,not_recorded,visibility=visible;status=available;sellable_quantity=1,not_recorded,0,synced,,website_projection_missing;kiosk_projection_not_recorded
1,connected,local-inventory-37fd3c50-459b-4350-be6e-a59107c6510c,f5e98fb0-0ad7-5f3f-6208-7a9e5874866a,Lush Portico,PUG-24F98789,available,1,,not_recorded,KDPQGVK2QCADKMG7UARI4ZO5,1,1,not_recorded,visibility=visible;status=available;sellable_quantity=1,not_recorded,0,synced,,website_projection_missing;kiosk_projection_not_recorded
1,connected,local-inventory-b5d7353d-e50e-4e56-8bd8-101e15a4b179,48a8c30b-5083-b9a5-ab67-547551b1d568,Ballyrush Banneret,PUG-8B4C8448,available,1,,not_recorded,WKKHB3HLC4LXA4SICV2ZEYHA,1,1,not_recorded,visibility=visible;status=available;sellable_quantity=1,not_recorded,0,synced,,website_projection_missing;kiosk_projection_not_recorded
1,connected,local-inventory-51ef041f-ec2c-4c7d-8619-01f9a52c3395,cbe3aded-290d-9788-cd32-143fba3460c4,Bontu the Glorified,PUG-7231FB5F,available,1,,not_recorded,63NH6WPNMMYEJK3ROS2C3QM7,1,1,not_recorded,visibility=visible;status=available;sellable_quantity=1,not_recorded,0,synced,,website_projection_missing;kiosk_projection_not_recorded
1,connected,local-inventory-a78373e0-2e7e-4826-81e0-d11e78286a30,7cdb7906-fa43-50d1-7b7b-1a750fe4a99f,City of Traitors,PUG-E6EB747D,available,1,,not_recorded,544GBL3ADYLMCC6XMZ3DZACK,1,1,not_recorded,visibility=visible;status=available;sellable_quantity=1,not_recorded,0,synced,,website_projection_missing;kiosk_projection_not_recorded
1,connected,local-inventory-86cce665-6b6b-465a-bb4f-de07f628e26c,13435c9f-90ca-35b7-d1c0-a7ccf26e8e9d,Clever Concealment,PUG-E731CF92,available,1,,not_recorded,E5NCF5AXFFOAYVIN3DFX3752,1,0,not_recorded,visibility=visible;status=available;sellable_quantity=1,not_recorded,0,synced,,website_projection_missing;square_count_mismatch;kiosk_projection_not_recorded
1,connected,local-inventory-5a6225f1-94b7-4a08-8ea1-f96c18717432,e0a8b198-1608-ffe3-b670-95d4fa5ea8a6,Hengegate Pathway // Mistgate Pathway,PUG-70C2ED01,available,1,,not_recorded,CZOCKROJTQOUZFXVH75DAGUB,1,1,not_recorded,visibility=visible;status=available;sellable_quantity=1,not_recorded,0,synced,,website_projection_missing;kiosk_projection_not_recorded
1,connected,local-inventory-cc9019ad-50f6-451a-a521-d38e232bcaa2,818cce3b-ab14-79b0-d29b-9b8a8fc349f2,Cloudshift,PUG-873F23EA,available,1,,not_recorded,53YBMCIPOHLC6RDNSI7TR7NL,1,0,not_recorded,visibility=visible;status=available;sellable_quantity=1,not_recorded,0,synced,,website_projection_missing;square_count_mismatch;kiosk_projection_not_recorded
1,connected,local-inventory-14e025e7-86a1-4e92-8a08-501cfdbd19f4,135eba33-5682-c2d7-31ba-bd7e795e488b,Hedge Maze,PUG-18532D88,available,1,,not_recorded,JM6QGKMZDVDV3YAAYMCA4AHX,1,1,not_recorded,visibility=visible;status=available;sellable_quantity=1,not_recorded,0,synced,,website_projection_missing;kiosk_projection_not_recorded
1,connected,local-inventory-73ae3846-cbb8-44f8-a984-42df486a0789,0e13646b-bfc2-1db6-e58f-8d345e2344ed,Hedge Maze,PUG-58158CA9,available,1,,not_recorded,FHFJOCFCU4Z2O6QD3P7MUJAW,1,1,not_recorded,visibility=visible;status=available;sellable_quantity=1,not_recorded,0,synced,,website_projection_missing;kiosk_projection_not_recorded
1,connected,local-inventory-f1f79fc2-4c8c-471b-9abb-2474e5b33af1,d1834758-9ad9-713c-8d86-97862bdf39ac,Cosmogrand Zenith,PUG-0E2D5DE2,available,1,status=available;quantity=1;online=visible;kiosk=visible,not_recorded,EQITSRYLIYKURDNQJFMFWAPU,1,1,not_recorded,visibility=visible;status=available;sellable_quantity=1,not_recorded,0,synced,,kiosk_projection_not_recorded
1,connected,local-inventory-b065e1f1-3917-456b-8250-a9a8a5ef2b89,fcb1e172-8e8e-b939-3f41-3476bdf6ffa2,Hedge Maze,PUG-7B501228,available,1,,not_recorded,24VLT4JXPWQDA6F7KSJJ7J35,1,1,not_recorded,visibility=visible;status=available;sellable_quantity=1,not_recorded,0,synced,,website_projection_missing;kiosk_projection_not_recorded
1,connected,local-inventory-629f66c2-9c63-4163-b523-d9537e9bd924,68ffc230-5a48-2e49-9759-7e262e19c589,Hall of Heliod's Generosity,PUG-E8A2235B,sold,0,,not_recorded,P7FPIPM5IYBXVNLYAWZD4VR3,0,0,not_recorded,visibility=visible;status=sold;sellable_quantity=0,not_recorded,0,no_sync_record,,website_projection_missing;kiosk_projection_not_recorded
1,connected,local-inventory-10207c12-6bf6-4641-a9e9-60693cd41e37,271b922c-56e1-efb1-016a-e4657abd1ba1,Deep Gnome Terramancer,PUG-040A08BC,available,1,,not_recorded,YBBY33FWUCCO2HWWGEVN4QA3,1,1,not_recorded,visibility=visible;status=available;sellable_quantity=1,not_recorded,0,synced,,website_projection_missing;kiosk_projection_not_recorded
1,connected,local-inventory-5798d351-857c-4c91-a6ce-8a3d4896d1d2,fd388b09-a3a5-0342-317b-e0283e2eaaca,Fomori Vault,PUG-5C80EE4D,available,1,,not_recorded,TGPN26OUPOGNNCPFRU5LV2PQ,1,1,not_recorded,visibility=visible;status=available;sellable_quantity=1,not_recorded,0,synced,,website_projection_missing;kiosk_projection_not_recorded
1,connected,local-inventory-edb37946-bf14-443d-bb0f-65e64ed0734c,3bd7cfff-37fc-db9d-0067-0594ea41c403,Floodfarm Verge,PUG-06B88576,available,1,,not_recorded,HTDQVIYZHBGVKTYJ26U3MM3Q,1,0,not_recorded,visibility=visible;status=available;sellable_quantity=1,not_recorded,0,synced,,website_projection_missing;square_count_mismatch;kiosk_projection_not_recorded
1,connected,local-inventory-e80961bd-0f46-414f-ad10-0c26b6a9ea95,c2ebdd66-c0cd-366c-aa68-c604226ee942,"Delney, Streetwise Lookout",PUG-133290ED,available,1,,not_recorded,A2WEJB4EWUL5XP4DRL53IRY3,1,1,not_recorded,visibility=visible;status=available;sellable_quantity=1,not_recorded,0,synced,,website_projection_missing;kiosk_projection_not_recorded
1,connected,local-inventory-6f8b98a7-939b-45b6-8f26-1683103113ae,aa5ba3bf-ff39-ae5d-9489-1b25a67fd266,Floodfarm Verge,PUG-DCA14A8D,available,1,,not_recorded,VH6T3MJUKR2FZSMC2KLTGN5E,1,1,not_recorded,visibility=visible;status=available;sellable_quantity=1,not_recorded,0,synced,,website_projection_missing;kiosk_projection_not_recorded
1,connected,local-inventory-03afc0eb-ce84-4cbb-b86d-f0c02644c5ab,6a0bea83-7d14-174a-4dc6-12e70023d27f,Eerie Interlude,PUG-7116DD46,available,1,,not_recorded,7XSJDNGC4IA44HMSGFQXWAXR,1,1,not_recorded,visibility=visible;status=available;sellable_quantity=1,not_recorded,0,synced,,website_projection_missing;kiosk_projection_not_recorded
1,connected,local-inventory-c3437b9e-5db3-4952-8063-88bdb4cde780,0428ec67-d2c0-1afc-1a37-a94de26b7d5c,Elegant Parlor,PUG-147C34E2-01,available,1,,not_recorded,N7BUILKYS7OADUD7LWWGMQZ4,1,1,not_recorded,visibility=visible;status=available;sellable_quantity=1,not_recorded,0,synced,,website_projection_missing;kiosk_projection_not_recorded
1,connected,local-inventory-46b2f213-000e-492c-a9b8-2a68caa6d9c3,67fa6ae1-207a-5461-dff6-690890f70200,Elegant Parlor,PUG-147C34E2-02,available,1,,not_recorded,BCGICPESTXRXNPJNTHO6JWMP,1,1,not_recorded,visibility=visible;status=available;sellable_quantity=1,not_recorded,0,synced,,website_projection_missing;kiosk_projection_not_recorded
1,connected,local-inventory-e4cede3d-278e-4e01-bb98-a998820363ea,1559120c-5788-2f1d-a8da-0acae0026f76,Darkbore Pathway // Slitherbore Pathway,PUG-336A8F6E,available,1,,not_recorded,TNLRNO7VIOVWVPUW2LWFBH3Y,1,0,not_recorded,visibility=visible;status=available;sellable_quantity=1,not_recorded,0,synced,,website_projection_missing;square_count_mismatch;kiosk_projection_not_recorded
1,connected,local-inventory-753a049f-bfef-47e6-bff3-65bcaf18f8c1,674fd4dd-223c-b379-2e1c-e436d4153800,"Elspeth, Storm Slayer",PUG-46DCCA16,available,1,,not_recorded,UMOZ4RQGHP4ICB2SRSMCQ7XM,1,1,not_recorded,visibility=visible;status=available;sellable_quantity=1,not_recorded,0,synced,,website_projection_missing;kiosk_projection_not_recorded
1,connected,local-inventory-76d56210-3f0c-4dd6-8a92-8f30595e34c5,87c37d05-e09e-fff5-26bb-8efac2b2aabb,"Emeria's Call // Emeria, Shattered Skyclave",PUG-65153F1C,available,1,,not_recorded,2C364SKVMCJX7G5NLPMKMJOW,1,1,not_recorded,visibility=visible;status=available;sellable_quantity=1,not_recorded,0,synced,,website_projection_missing;kiosk_projection_not_recorded
1,connected,local-inventory-7c044ec0-f657-4664-8759-2790b1a56126,0d70ec2c-3bd0-a879-8ba3-d70a8b0fcc8e,Esper Sentinel,PUG-D7C3439D,available,1,,not_recorded,P33NLTRPVTZZBZF3HX3CR3EW,1,1,not_recorded,visibility=visible;status=available;sellable_quantity=1,not_recorded,0,synced,,website_projection_missing;kiosk_projection_not_recorded
1,connected,local-inventory-b0f0929c-b704-476d-a36c-1579de41c1c6,0de21072-65a0-7920-0094-117fd6080696,Commercial District,PUG-13F3C24D,available,1,,not_recorded,PFHO2TLIKZCEQHRJ3WIYRX56,1,1,not_recorded,visibility=visible;status=available;sellable_quantity=1,not_recorded,0,synced,,website_projection_missing;kiosk_projection_not_recorded
1,connected,local-inventory-a22b97b6-4546-4fde-9d87-3f569847565a,b3537748-2a5f-717a-1794-85a363807e42,Coastal Tower,PUG-09D2AE04,available,1,,not_recorded,2ZVW6XE7TMVGV6ABDPMUPYSW,1,1,not_recorded,visibility=visible;status=available;sellable_quantity=1,not_recorded,0,synced,,website_projection_missing;kiosk_projection_not_recorded
1,connected,local-inventory-a123b3e5-9c4d-4570-838f-dd39d9f7fd17,01bb9bac-049a-f8d2-38e2-a1d1f802b603,Cabal Stronghold,PUG-A9960E88,available,1,,not_recorded,U3Q3BVYI2YFQXAQ2FLLEJMNI,1,1,not_recorded,visibility=visible;status=available;sellable_quantity=1,not_recorded,0,synced,,website_projection_missing;kiosk_projection_not_recorded
1,connected,local-inventory-d0b0fe39-93fb-443e-b10a-848ea2eb052b,0d57dea8-fab4-1a1d-3930-80dffcfd2cdc,Esper Sentinel,PUG-58540CB8,available,1,,not_recorded,HCMM63P2I3XO4ZORMQYKMMWU,1,1,not_recorded,visibility=visible;status=available;sellable_quantity=1,not_recorded,0,synced,,website_projection_missing;kiosk_projection_not_recorded
1,connected,local-inventory-e8d4e826-0bca-462e-b0a0-47f90b241b89,237faf36-6855-5869-de5d-5e1cb0bc4ef0,Filigree Vector,PUG-D47D9F19,available,1,,not_recorded,SFMUWTYMVDTN2GT5QVSLR27R,1,0,not_recorded,visibility=visible;status=available;sellable_quantity=1,not_recorded,0,synced,,website_projection_missing;square_count_mismatch;kiosk_projection_not_recorded
1,connected,local-inventory-bdae15ab-9978-4620-9c34-9aea43064677,5538079a-fd5b-9c56-e186-dd86c0129f1a,Exemplar of Light,PUG-F351C668,available,1,,not_recorded,4LNM7RCDSPGHVO52CFOMOI7Q,1,0,not_recorded,visibility=visible;status=available;sellable_quantity=1,not_recorded,0,synced,,website_projection_missing;square_count_mismatch;kiosk_projection_not_recorded
1,connected,local-inventory-a2f02b18-c6cc-4fc9-9d4b-b4da82f4144b,deaaaeb2-e197-818e-2a9b-f082dd05dcc7,Field Marshal,PUG-A8D5B8E2,available,1,,not_recorded,ED57TL2ELYLM2HIMFXFD6BYJ,1,1,not_recorded,visibility=visible;status=available;sellable_quantity=1,not_recorded,0,synced,,website_projection_missing;kiosk_projection_not_recorded
1,connected,local-inventory-5cec731f-1f1f-4b10-817f-cd3d2f98cec2,c17cd399-3567-3fc1-66fe-e37fe12c178d,Flawless Maneuver,PUG-C4006A32,available,1,,not_recorded,D4B34YFUGDYUKMV3KXLNWC2T,1,1,not_recorded,visibility=visible;status=available;sellable_quantity=1,not_recorded,0,synced,,website_projection_missing;kiosk_projection_not_recorded
1,connected,local-inventory-cfddb45c-971f-4117-a28f-bb1a6477067e,f1dc4a83-9c7a-0e8b-5311-96940861e3ab,Blood Crypt,PUG-02CCD0A7,sold,0,,not_recorded,BGQZ4VWEGIVV2RDFIW66OHYC,0,0,not_recorded,visibility=visible;status=sold;sellable_quantity=0,not_recorded,0,no_sync_record,,website_projection_missing;kiosk_projection_not_recorded
1,connected,local-inventory-41da1ba7-d2dc-4d74-a1e0-801179a52874,d4fe4ec6-bb4a-b7b4-e926-0ac7bbd503c4,Ba Sing Se,PUG-9C39ADBC,available,1,status=available;quantity=1;online=visible;kiosk=visible,not_recorded,UTWD46ZOS64ZZ3ZRE5JZ6VCI,1,0,not_recorded,visibility=visible;status=available;sellable_quantity=1,not_recorded,0,synced,,square_count_mismatch;kiosk_projection_not_recorded
1,connected,local-inventory-cea77923-f0d2-48e9-a37d-802a6028aeab,b6006a21-bd39-b29a-1cec-0736b621433d,"Halvar, God of Battle // Sword of the Realms",PUG-64242D80,available,1,,not_recorded,Q5CHBH33ICPFN6AVWFEHCCCO,1,1,not_recorded,visibility=visible;status=available;sellable_quantity=1,not_recorded,0,synced,,website_projection_missing;kiosk_projection_not_recorded
1,connected,local-inventory-eb02d2d4-5786-40b6-aa69-2334731667ce,2ec5da53-02ef-380f-9d24-8db0e9423174,Arena of Glory,PUG-4138CE99,available,1,,not_recorded,CNH6SDI6ZGNDM4RS3HWTHHOX,1,1,not_recorded,visibility=visible;status=available;sellable_quantity=1,not_recorded,0,synced,,website_projection_missing;kiosk_projection_not_recorded
1,connected,local-inventory-9da4716c-7be1-4213-a5bc-6ac6ad91d8ad,a8089224-8bef-f2b6-ef16-9ad210732654,"Halvar, God of Battle // Sword of the Realms",PUG-A5851B97,available,1,,not_recorded,VXVOTRKH2PXEGCRTGC2AZ7MM,1,1,not_recorded,visibility=visible;status=available;sellable_quantity=1,not_recorded,0,synced,,website_projection_missing;kiosk_projection_not_recorded
1,connected,local-inventory-89289225-7d18-4a2d-b893-b145bdd6923a,e30d6d32-1327-c47d-71d6-25bddb5e562e,"Heliod, Sun-Crowned",PUG-FDA1121F,available,1,,not_recorded,VML6I4KTQGRIF6P46V5PJXMF,1,1,not_recorded,visibility=visible;status=available;sellable_quantity=1,not_recorded,0,synced,,website_projection_missing;kiosk_projection_not_recorded
1,connected,local-inventory-c8a17361-2574-4d22-a6e0-ba15c64783dc,0b93d17b-05df-1d97-6955-40eea0df4669,Arcane Lighthouse,PUG-8971258A,available,1,,not_recorded,3TZGDXLKGJ7XKFEGF77E7CLA,1,1,not_recorded,visibility=visible;status=available;sellable_quantity=1,not_recorded,0,synced,,website_projection_missing;kiosk_projection_not_recorded
1,connected,local-inventory-a8bb64bb-d0f7-47a7-be64-9d7327a90aed,2b058079-e028-7547-f26f-99acf4b173eb,Idyllic Tutor,PUG-218A999F-01,available,1,,not_recorded,K3BQZLASTC3TW7IK2RFBOT44,1,1,not_recorded,visibility=visible;status=available;sellable_quantity=1,not_recorded,0,synced,,website_projection_missing;kiosk_projection_not_recorded
1,connected,local-inventory-654a44e4-7c7c-43ae-9df5-7c02e73b6f11,84bde93c-d820-405a-9882-b386c7c1b0a3,Idyllic Tutor,PUG-218A999F-02,available,1,,not_recorded,3SSO55G5ECIYVM5LSS4565CV,1,1,not_recorded,visibility=visible;status=available;sellable_quantity=1,not_recorded,0,synced,,website_projection_missing;kiosk_projection_not_recorded
1,connected,local-inventory-ffa6ac75-e2af-42e5-847d-e711d0c416cd,70563138-a447-b2b3-a460-4481dfa2dd5d,Leonin Shikari,PUG-8FC22D86,available,1,,not_recorded,AVPIKHP7REK5G655CCZMY2RG,1,1,not_recorded,visibility=visible;status=available;sellable_quantity=1,not_recorded,0,no_sync_record,,website_projection_missing;kiosk_projection_not_recorded
1,connected,local-inventory-32524e45-3d7f-4d07-abb4-1d87d4916b2e,afc13816-26cb-82d3-30bd-40b221eed0b2,Leyline Binding,PUG-449A16B1,available,1,,not_recorded,I4LOQGHZ7EKPOT526VVXXWIZ,1,1,not_recorded,visibility=visible;status=available;sellable_quantity=1,not_recorded,0,synced,,website_projection_missing;kiosk_projection_not_recorded
1,connected,local-inventory-e8629aef-850a-4b71-ac48-2104a08afa7f,599e6d93-10eb-2add-f525-871435c57b73,"Urtet, Remnant of Memnarch",PUG-E9D1AD9B,available,1,,not_recorded,KSYLWQMMX5GIUIQBKL6VLTVJ,1,1,not_recorded,visibility=visible;status=available;sellable_quantity=1,not_recorded,0,synced,,website_projection_missing;kiosk_projection_not_recorded
1,connected,local-inventory-15213d5e-ffec-41fd-a55e-3749b1376bae,a9dc7df3-6ec8-79f4-a1f6-29f1f62fb85d,Exalted Sunborn,PUG-E4E3F5C3,removed,1,,not_recorded,5MPWT6IA56QJBVP3NHUSUZC5,0,0,not_recorded,visibility=hidden;status=removed;sellable_quantity=0,not_recorded,0,synced,,website_projection_missing;kiosk_projection_not_recorded
1,connected,local-inventory-5520a041-4a0d-4c50-bacc-f63915c20d86,54c5fd91-15e9-b0b5-415d-323bca1d72fe,Venser's Journal,PUG-F639FD86,available,1,,not_recorded,H6C47SMPKOQ4KOHYRYRDMNRZ,1,1,not_recorded,visibility=visible;status=available;sellable_quantity=1,not_recorded,0,no_sync_record,,website_projection_missing;kiosk_projection_not_recorded
1,connected,local-inventory-756909f7-301a-4aa1-9fe5-2ab117a9d8b5,be6b1a6b-ae40-1e85-f243-5bae8f0f9a90,Torpor Orb,PUG-C09AC75B,available,1,,not_recorded,MDFT47M4FXB274FCX54IZ2YK,1,1,not_recorded,visibility=visible;status=available;sellable_quantity=1,not_recorded,0,synced,,website_projection_missing;kiosk_projection_not_recorded
1,connected,local-inventory-b17d95ce-2b5d-404d-8b8b-75ebfd74f49d,93518117-b7c5-695e-7728-8d416a92c0fe,Luminarch Ascension,PUG-45DB31F7,available,1,,not_recorded,O5RROOXY7GEHMM7BNK34T5CV,1,1,not_recorded,visibility=visible;status=available;sellable_quantity=1,not_recorded,0,no_sync_record,,website_projection_missing;kiosk_projection_not_recorded
1,connected,local-inventory-e3f2533e-f412-4067-baad-cd33e8e1805f,60ed3e71-eca1-094a-fd83-283af7839bba,Timeless Lotus,PUG-84DAA7AD,available,1,,not_recorded,YXJO2HWL5ISE5KG6YTOYJH4P,1,0,not_recorded,visibility=visible;status=available;sellable_quantity=1,not_recorded,0,synced,,website_projection_missing;square_count_mismatch;kiosk_projection_not_recorded
1,connected,local-inventory-a2ef0890-4637-4829-8afa-3cea995a9b42,9995d5fb-6008-6e54-7228-49782ee5cfe1,Moonshaker Cavalry,PUG-4ECC5F98,available,1,,not_recorded,GNFMSXFNFSD37B4IPH24V5H6,1,1,not_recorded,visibility=visible;status=available;sellable_quantity=1,not_recorded,0,synced,,website_projection_missing;kiosk_projection_not_recorded
1,connected,local-inventory-433ca684-6475-4721-bd1c-adbbf8c99328,7ad47c04-0e80-9985-583b-08ca95e531ca,The Aetherspark,PUG-0DF4C122,sold,0,,not_recorded,P2GF5KEO5OUZRD2XEJFGBDTB,0,0,not_recorded,visibility=visible;status=sold;sellable_quantity=0,not_recorded,0,no_sync_record,,website_projection_missing;kiosk_projection_not_recorded
1,connected,local-inventory-2b07c515-8d8a-4e20-a92e-0b4a0b4ac51b,284d0627-bbf1-10b9-3c82-10c7d8e580df,Oketra the True,PUG-79034BA4-01,available,1,,not_recorded,V3KY53QIM7ZPR2WCQCZ3CXKE,1,1,not_recorded,visibility=visible;status=available;sellable_quantity=1,not_recorded,0,synced,,website_projection_missing;kiosk_projection_not_recorded
1,connected,local-inventory-fe1a7ed5-78ae-42e5-ae1e-9ee4ac841b58,9d2a0e60-6ec4-a8cc-5a14-bf4208381db0,Oketra the True,PUG-79034BA4-02,available,1,,not_recorded,RKJUY22ROFCJHJ3C6FMDIOG3,1,1,not_recorded,visibility=visible;status=available;sellable_quantity=1,not_recorded,0,synced,,website_projection_missing;kiosk_projection_not_recorded
1,connected,local-inventory-6f5dad65-eb63-4fc4-ac5a-d3a83e768563,21a80b0f-65f3-3bee-0241-27526c3d6751,Oketra the True,PUG-79034BA4-03,available,1,,not_recorded,WO3JMOW55BLGESM5FAUIWVKX,1,0,not_recorded,visibility=visible;status=available;sellable_quantity=1,not_recorded,0,synced,,website_projection_missing;square_count_mismatch;kiosk_projection_not_recorded
1,connected,local-inventory-f4ffe170-b6b1-47f5-b216-9c5813b97027,0cee6f7b-4797-d261-6380-599bc4284a05,Shield Sphere,PUG-C84471A6,available,1,,not_recorded,LI24EJXWZETQ6IB5VAHA4VRP,1,0,not_recorded,visibility=visible;status=available;sellable_quantity=1,not_recorded,0,no_sync_record,,website_projection_missing;square_count_mismatch;kiosk_projection_not_recorded
1,connected,local-inventory-d2d57026-0945-4e12-b286-481340dbdf04,c69211ed-47cb-af0f-a15f-5a2a13bf7751,Scythe of the Wretched,PUG-95108859,available,1,,not_recorded,AT4XSYN3A7RONK4ZCILFJJUC,1,1,not_recorded,visibility=visible;status=available;sellable_quantity=1,not_recorded,0,no_sync_record,,website_projection_missing;kiosk_projection_not_recorded
1,connected,local-inventory-6e48074a-9541-4eaf-9f8c-08848e4405b5,bd9f0d45-a12a-cd56-cfb3-61a13fbee9a3,Prismatic Strands,PUG-DA77C3D3,available,1,,not_recorded,YEQLSNCUWAIKM6CZ7NAXAE2V,1,0,not_recorded,visibility=visible;status=available;sellable_quantity=1,not_recorded,0,no_sync_record,,website_projection_missing;square_count_mismatch;kiosk_projection_not_recorded
1,connected,local-inventory-347146e3-f282-43ca-8399-332e3e3bd20e,b0756305-3910-bf8d-df50-70f50fe67d65,Ranger-Captain of Eos,PUG-EC8A02FB,available,1,,not_recorded,T2M6FFJSOSC6J4FGPE73XMV7,1,1,not_recorded,visibility=visible;status=available;sellable_quantity=1,not_recorded,0,synced,,website_projection_missing;kiosk_projection_not_recorded
1,connected,local-inventory-a34600a7-91be-4216-863f-647165318274,727c0cf0-a8e2-83c6-6067-37a9932d7331,Mox Jasper,PUG-5C10CA55,available,1,,not_recorded,VNDAMVYVRH7Y2VBBCKXY3L5Y,1,1,not_recorded,visibility=visible;status=available;sellable_quantity=1,not_recorded,0,synced,,website_projection_missing;kiosk_projection_not_recorded
1,connected,local-inventory-9736f63a-c974-438d-816f-e05c61e93a59,0dd4bc56-3872-ca1f-641f-a8cbe020be78,Recruiter of the Guard,PUG-27FD3E4C,available,1,,not_recorded,M5VZXYZFAPPA3XIICYOO5RS6,1,1,not_recorded,visibility=visible;status=available;sellable_quantity=1,not_recorded,0,no_sync_record,,website_projection_missing;kiosk_projection_not_recorded
1,connected,local-inventory-43016ace-c6ec-4edb-b101-b8916da8205c,f96dd20b-df52-aa2b-64b7-6723634f5e65,Monument to Endurance,PUG-26BC96B3-01,available,1,,not_recorded,RRCCX5NINJSDGZVTVKWQSMQX,1,1,not_recorded,visibility=visible;status=available;sellable_quantity=1,not_recorded,0,synced,,website_projection_missing;kiosk_projection_not_recorded
1,connected,local-inventory-91dd51f5-c776-4630-aab5-cc3145e1b31a,c39f20e6-1044-4d2d-916b-400365dd898c,Monument to Endurance,PUG-26BC96B3-02,available,1,,not_recorded,DK7L3TSO6AOVGEOJKN4N5IP3,1,1,not_recorded,visibility=visible;status=available;sellable_quantity=1,not_recorded,0,synced,,website_projection_missing;kiosk_projection_not_recorded
1,connected,local-inventory-7e73b9e0-5290-4c3b-bae8-137c66e2c8b5,f89772e3-5e4b-6a3b-a888-99517e362ab2,It That Betrays,PUG-B9315612,sold,0,,not_recorded,YHS5QRZ3SEH5VHTH6VLC57DW,0,0,not_recorded,visibility=visible;status=sold;sellable_quantity=0,not_recorded,0,no_sync_record,,website_projection_missing;kiosk_projection_not_recorded
1,connected,local-inventory-0274ec8a-4c8f-42e6-9e11-d96d81993a9d,86a8c408-138c-e8bf-debc-d69a1e04b893,Hollow One,PUG-F46D368F,available,1,,not_recorded,L5Y5RPBYIMG4NWSLS5YBRK7L,1,1,not_recorded,visibility=visible;status=available;sellable_quantity=1,not_recorded,0,synced,,website_projection_missing;kiosk_projection_not_recorded
1,connected,local-inventory-cf16774d-839c-4010-92ff-652795eda21a,ffad9c6c-fef3-7c5c-5b87-628f998b831a,Retribution of the Meek,PUG-72E5F97D,available,1,,not_recorded,VZRMSMKYYS3EKJTGVMDKSGO7,1,1,not_recorded,visibility=visible;status=available;sellable_quantity=1,not_recorded,0,synced,,website_projection_missing;kiosk_projection_not_recorded
1,connected,local-inventory-a1e33440-a2fb-441c-b581-7076cbe8630e,8c9ef87d-b113-ae80-bf9e-f89858b6d493,Gruul War Plow,PUG-0004EDEC,available,1,,not_recorded,Y4S5DYXQNADFNUN36EFYBIMY,1,0,not_recorded,visibility=visible;status=available;sellable_quantity=1,not_recorded,0,no_sync_record,,website_projection_missing;square_count_mismatch;kiosk_projection_not_recorded
1,connected,local-inventory-83690173-46f7-4ab3-b80f-f592709a6790,fdec515d-3b6a-3d71-0c0c-bc0b409eb4c6,Fluctuator,PUG-6A7F1727,available,1,,not_recorded,KWNYEL7QWEMW5EPKNG562H7H,1,1,not_recorded,visibility=visible;status=available;sellable_quantity=1,not_recorded,0,synced,,website_projection_missing;kiosk_projection_not_recorded
1,connected,local-inventory-7a72a18b-fcba-4993-be5f-febccfd3886f,ba892e89-e76c-93b3-390c-aad2576cf4c0,Fluctuator,PUG-83C5C5DB,removed,0,,not_recorded,,,,not_recorded,visibility=hidden;status=removed;sellable_quantity=0,not_recorded,0,synced,,website_projection_missing;kiosk_projection_not_recorded
1,connected,local-inventory-1512464b-800d-4c24-8b83-caed6428ea8a,fcb507f3-c5f7-e437-c80f-51940bdd748e,Retribution of the Meek,PUG-57D2CBC5,available,1,,not_recorded,BR6XNEA7PMRVXIPFLTYIA6TB,1,1,not_recorded,visibility=visible;status=available;sellable_quantity=1,not_recorded,0,no_sync_record,,website_projection_missing;kiosk_projection_not_recorded
1,connected,local-inventory-bcc26769-bc89-4af0-975b-69d8eba8d6a8,be088fda-ccaf-3ff0-0417-a8f7ff8ec026,Reverent Mantra,PUG-E6C22BBF,available,1,,not_recorded,PNFYK36EPOKIDH5DJSY52FTK,1,1,not_recorded,visibility=visible;status=available;sellable_quantity=1,not_recorded,0,synced,,website_projection_missing;kiosk_projection_not_recorded
1,connected,local-inventory-9974ebef-1652-4d83-9854-1895cb19bae4,72cd3130-61bc-457c-326d-0db6f0504a57,Eon Hub,PUG-BA424061,sold,0,,not_recorded,5FHMBORNBEJKW5QMQZTQ5G6H,0,0,not_recorded,visibility=visible;status=sold;sellable_quantity=0,not_recorded,0,no_sync_record,,website_projection_missing;kiosk_projection_not_recorded
1,connected,local-inventory-9328a39b-c6de-4d10-90bb-625643786775,7b97a39f-46ea-3171-04ed-01e59b6ef358,Eldrazi Confluence,PUG-D626CF12,available,1,,not_recorded,44T7TC7ET5SOKMNNGCR72ZKA,1,1,not_recorded,visibility=visible;status=available;sellable_quantity=1,not_recorded,0,synced,,website_projection_missing;kiosk_projection_not_recorded
1,connected,local-inventory-351953ee-f9ce-42da-8668-99af03602da7,d3788813-2821-b98b-6341-9f9031808c48,Currency Converter,PUG-425F2BE8,sold,0,,not_recorded,7GRLLEA3FFH2WMKSFSF3TPDQ,0,0,not_recorded,visibility=hidden;status=sold;sellable_quantity=0,not_recorded,0,synced,,website_projection_missing;kiosk_projection_not_recorded
1,connected,local-inventory-9ea28e58-3637-4d5b-be3f-633827d767c9,ecbc3958-bde1-20ac-8490-7b2ee0ddc51f,Parallax Wave,PUG-7E93D42F,available,1,,not_recorded,OLWNAVBIYOQAIPOSUEAECMWY,1,1,not_recorded,visibility=visible;status=available;sellable_quantity=1,not_recorded,0,synced,,website_projection_missing;kiosk_projection_not_recorded
1,connected,local-inventory-d2ce01a8-9216-4b13-aad6-3ab67b204fb7,3e872edf-c90b-7e27-ed2b-9ad4fd3aeaf9,Coercive Portal,PUG-C537979A,available,1,,not_recorded,UBXJNVOIYZWBJXDFYT6K2YVG,1,1,not_recorded,visibility=visible;status=available;sellable_quantity=1,not_recorded,0,synced,,website_projection_missing;kiosk_projection_not_recorded
1,connected,local-inventory-0d7fde92-e590-4fbb-a7fe-ee843bcb226b,1102c602-4cb7-50e0-e431-acab2f7b4a25,Bronze Bombshell,PUG-98F33D26,available,1,,not_recorded,QRDCIGZY7YD2JOKJPJXZHWXT,1,1,not_recorded,visibility=visible;status=available;sellable_quantity=1,not_recorded,0,synced,,website_projection_missing;kiosk_projection_not_recorded
1,connected,local-inventory-d065836d-df4b-4c6e-a913-64359bc8e97c,54f6f51b-d8d1-863b-1938-6197a71ab446,Opalescence,PUG-41D6865C,available,2,,not_recorded,I52C7PFMETMIFFRHCFVMWS3G,2,2,not_recorded,visibility=visible;status=available;sellable_quantity=2,not_recorded,0,synced,,website_projection_missing;kiosk_projection_not_recorded
1,connected,local-inventory-5435d4d1-70de-40cb-97f5-77b533232d7b,1c727c6c-aaed-d096-154b-7371834e91b4,"Bitterthorn, Nissa's Animus",PUG-592350CC,available,1,,not_recorded,7HKFA6AOIO2VIX52LAYP457B,1,1,not_recorded,visibility=visible;status=available;sellable_quantity=1,not_recorded,0,synced,,website_projection_missing;kiosk_projection_not_recorded
1,connected,local-inventory-ad4d36eb-b287-4d7b-87f9-6203fcfdfc4e,6867d278-b60f-c8ed-a5e0-0eb799824743,The Ozolith,PUG-95A51A45,available,1,,not_recorded,YZXQICN4WMZXKBM445JBLGWO,1,1,not_recorded,visibility=visible;status=available;sellable_quantity=1,not_recorded,0,synced,,website_projection_missing;kiosk_projection_not_recorded
1,connected,local-inventory-e9748a22-295c-4a5e-b705-f70e66cbf3e6,c79c6795-a879-961e-3f40-a12e21374ff8,Opalescence,PUG-97B76CAA,available,1,,not_recorded,A5TVB32NRGXD6MBF3KWOW5Q7,1,1,not_recorded,visibility=visible;status=available;sellable_quantity=1,not_recorded,0,synced,,website_projection_missing;kiosk_projection_not_recorded
1,connected,local-inventory-8a09fa35-aa7f-4334-a8e2-2c0b2597c449,02773877-952b-8e0a-c80f-83bb1edc679c,Leafeon ex,PUG-A19838FB,available,1,,not_recorded,FNREXRDHGNTOGPWU5D6LHQ4M,1,1,not_recorded,visibility=visible;status=available;sellable_quantity=1,not_recorded,0,synced,,website_projection_missing;kiosk_projection_not_recorded
1,connected,local-inventory-912beaed-8c36-4abc-af25-7cc11b592fac,76356691-47ca-60ac-1df8-6b1c56744eb7,Perrin,PUG-4F6ED0FA,available,1,,not_recorded,QG6JNUJPOF7HQQ7GWZIYQDYM,1,1,not_recorded,visibility=visible;status=available;sellable_quantity=1,not_recorded,0,synced,,website_projection_missing;kiosk_projection_not_recorded
1,connected,local-inventory-283a7cf1-5dbb-49c3-8ce1-2a4667350f30,9cc90e3c-a142-b679-6261-fd18bab9e350,N's Reshiram,PUG-DAF9892A,removed,2,,not_recorded,,,,not_recorded,visibility=hidden;status=removed;sellable_quantity=0,not_recorded,0,synced,,website_projection_missing;kiosk_projection_not_recorded
1,connected,local-inventory-aa3078bf-f882-4671-b4fa-7b448ee8d5e3,8c6e5d70-d22b-0b92-8923-ac1552ec8820,メタモン,PUG-C5EF9017,removed,1,,not_recorded,,,,not_recorded,visibility=hidden;status=removed;sellable_quantity=0,not_recorded,0,synced,,website_projection_missing;kiosk_projection_not_recorded
1,connected,local-inventory-131fd26e-35af-4318-b478-e91c2b63d83c,0bc94489-2405-46e5-67ee-7c700af33d6e,Regirock ex,PUG-860E90BC,removed,1,,not_recorded,,,,not_recorded,visibility=hidden;status=removed;sellable_quantity=0,not_recorded,0,synced,,website_projection_missing;kiosk_projection_not_recorded
1,connected,local-inventory-8e0b28f7-5d04-42b2-bd42-c2249a1b36e4,9e41693b-3a76-4b0d-45c3-0e1de8546ae7,Mega Hawlucha ex,PUG-2D9AA47D,removed,1,,not_recorded,,,,not_recorded,visibility=hidden;status=removed;sellable_quantity=0,not_recorded,0,synced,,website_projection_missing;kiosk_projection_not_recorded
1,connected,local-inventory-2f2b0fb4-82ec-48fe-9336-6d7f49d37838,ba790646-27ce-c31a-0f90-9021a5ed17f1,Revavroom ex,PUG-D745F93E,removed,1,,not_recorded,,,,not_recorded,visibility=hidden;status=removed;sellable_quantity=0,not_recorded,0,synced,,website_projection_missing;kiosk_projection_not_recorded
1,connected,local-inventory-a30ff293-2f78-4fcc-9b55-35fc7dac120f,272a07b6-f5b7-3852-10a4-2680597b06df,メタモン,PUG-9CDAB845,removed,1,,not_recorded,,,,not_recorded,visibility=hidden;status=removed;sellable_quantity=0,not_recorded,0,synced,,website_projection_missing;kiosk_projection_not_recorded
1,connected,local-inventory-8e00072f-977e-4aab-90dc-dfc8a7c85f25,0d5f1506-8493-f3f8-947d-deba2ab39498,Rotom ex,PUG-15382949,available,3,,not_recorded,ZL5J3WK25JLX2W2FTAPAP4WC,3,3,not_recorded,visibility=visible;status=available;sellable_quantity=3,not_recorded,0,synced,,website_projection_missing;kiosk_projection_not_recorded
1,connected,local-inventory-603b5380-852e-4eb7-9d0d-0766a5fc136f,b1df0fbb-417a-4b4c-fb31-ecbc886ed4f5,Sandy Shocks ex,PUG-7CAFE6D1-01,available,1,,not_recorded,RHJABJX42W5QBP6MNGQLPD4P,1,1,not_recorded,visibility=visible;status=available;sellable_quantity=1,not_recorded,0,no_sync_record,,website_projection_missing;kiosk_projection_not_recorded
1,connected,local-inventory-88bc2b74-79cd-4f07-be01-f9962b87fc18,60e42205-1ce6-8cf4-e66b-b7604fcb7c7c,Sandy Shocks ex,PUG-7CAFE6D1-02,available,1,,not_recorded,VY7JWWUAHBHBXWJGZB3LXSNL,1,1,not_recorded,visibility=visible;status=available;sellable_quantity=1,not_recorded,0,no_sync_record,,website_projection_missing;kiosk_projection_not_recorded
1,connected,local-inventory-409a43e2-5e78-448a-a6f3-84e79662826a,e0045871-1477-8bbb-a230-5d21164f2228,Sandy Shocks ex,PUG-7CAFE6D1-03,available,1,,not_recorded,CNFUPHZRCKS2YH3QBVGODB6I,1,1,not_recorded,visibility=visible;status=available;sellable_quantity=1,not_recorded,0,no_sync_record,,website_projection_missing;kiosk_projection_not_recorded
1,connected,local-inventory-67384dc8-9255-4cec-a828-2159ac2294ec,585df2f7-daad-eb30-614d-8399944a6b6d,Sandy Shocks ex,PUG-7CAFE6D1-04,available,1,,not_recorded,GSPB2EM4NXHNMGVP4VQHOFSK,1,1,not_recorded,visibility=visible;status=available;sellable_quantity=1,not_recorded,0,no_sync_record,,website_projection_missing;kiosk_projection_not_recorded
1,connected,local-inventory-23e55619-b57b-4e96-979e-e682b5f05d28,5913b622-d9e8-2ca3-4653-7e63cff1f146,Scovillain ex,PUG-E7EB3A37,available,4,,not_recorded,5QD2WULCNT4VMVVAOWKWOF6G,4,4,not_recorded,visibility=visible;status=available;sellable_quantity=4,not_recorded,0,synced,,website_projection_missing;kiosk_projection_not_recorded
1,connected,local-inventory-4a3d5630-0bfd-4449-ace1-0ced979eee1a,8a49d454-210a-5d00-e203-e2e38e9b692c,Reshiram ex,PUG-9BC7E06A-01,removed,1,,not_recorded,PT6J5Y25SEFIGVRCF4MT4ZBG,0,0,not_recorded,visibility=hidden;status=removed;sellable_quantity=0,not_recorded,0,synced,,website_projection_missing;kiosk_projection_not_recorded
1,connected,local-inventory-5588f9a9-5045-4397-973b-9f55ee57e74f,98980d75-956d-b9e4-19ab-0efda0bcad79,Reshiram ex,PUG-9BC7E06A-02,removed,1,,not_recorded,MABMB5ZLSAGFGIDP7PMIBAT7,0,0,not_recorded,visibility=hidden;status=removed;sellable_quantity=0,not_recorded,0,synced,,website_projection_missing;kiosk_projection_not_recorded
1,connected,local-inventory-d9606590-156d-456e-8961-c7dc5090a5b8,37807b5b-8862-65ac-2011-18ced46a2054,Reshiram ex,PUG-9BC7E06A-03,removed,1,,not_recorded,SWEPHPR24VBJLKNDV7JJSI2T,0,0,not_recorded,visibility=hidden;status=removed;sellable_quantity=0,not_recorded,0,synced,,website_projection_missing;kiosk_projection_not_recorded
1,connected,local-inventory-20b4f09a-ef6d-46b2-8f36-26fa72784d5d,2941b69a-afe5-6525-d848-7d4ada85d0ea,Reshiram ex,PUG-9BC7E06A-04,removed,1,,not_recorded,MNBZGHJDEBEAAJJKSPR2P25D,0,0,not_recorded,visibility=hidden;status=removed;sellable_quantity=0,not_recorded,0,synced,,website_projection_missing;kiosk_projection_not_recorded
1,connected,local-inventory-fc8abcd8-5c6f-4a00-9482-f35c9ae14705,6b5dc32f-7df2-31b9-de63-544d45cbcfaf,Reshiram ex,PUG-9BC7E06A-05,removed,1,,not_recorded,KTIBPBQGBRWXTBMFFNJKGBWZ,0,0,not_recorded,visibility=hidden;status=removed;sellable_quantity=0,not_recorded,0,synced,,website_projection_missing;kiosk_projection_not_recorded
1,connected,local-inventory-6beac9e8-09d2-4aaa-b3dc-3b921b9ec7df,359ca852-802f-5141-9433-7f670471b332,Reshiram ex,PUG-9BC7E06A-06,removed,1,,not_recorded,XQOP7T6KONGWVMPMFX6DJUS2,0,0,not_recorded,visibility=hidden;status=removed;sellable_quantity=0,not_recorded,0,synced,,website_projection_missing;kiosk_projection_not_recorded
1,connected,local-inventory-d4f71eb8-8017-4e90-b3fe-fcab89cb1756,a00fa91c-606e-daad-5a24-5a7cfbcd3e10,Reshiram ex,PUG-9BC7E06A-07,removed,1,,not_recorded,REDHBI52UH4U7OMMMMTXPH53,0,0,not_recorded,visibility=hidden;status=removed;sellable_quantity=0,not_recorded,0,synced,,website_projection_missing;kiosk_projection_not_recorded
1,connected,local-inventory-d709d309-0ebe-45eb-ae63-63602a6d6fa1,596bf0cc-742d-f463-0fd5-502e1bb91f66,Rocket's Persian ex,PUG-0F1AE511,available,1,,not_recorded,KC3RI64FWTFWYXX7S4JY2XQV,1,1,not_recorded,visibility=visible;status=available;sellable_quantity=1,not_recorded,0,synced,,website_projection_missing;kiosk_projection_not_recorded
1,connected,local-inventory-3ba36edc-978c-427a-8cd0-bc00266bd338,bdc6a9cf-ef29-a519-2392-8fb02ccebf98,Nami,PUG-FD4A689D,available,1,,not_recorded,5VO36XO2HOYFNMYVGMRDSQOH,1,1,not_recorded,visibility=visible;status=available;sellable_quantity=1,not_recorded,0,synced,,website_projection_missing;kiosk_projection_not_recorded
1,connected,local-inventory-82c9800c-cc6f-4ca3-a1a6-8ce69b4c0492,890be0d6-8e52-078c-f952-240fdb45a4d8,Serperior ex,PUG-80609309,available,2,,not_recorded,INTXYGLUGFQMHVDI7A6TR5UM,2,2,not_recorded,visibility=visible;status=available;sellable_quantity=2,not_recorded,0,no_sync_record,,website_projection_missing;kiosk_projection_not_recorded
1,connected,local-inventory-ded8396f-6a1a-448f-8c0f-6cfe05387fc1,bcbe69cd-4d90-fab4-1003-04447dbd5f35,Sinistcha ex,PUG-8C804BE6-01,available,1,,not_recorded,7JSPZXOGSRLQ7UADAPBYGNUH,1,1,not_recorded,visibility=visible;status=available;sellable_quantity=1,not_recorded,0,synced,,website_projection_missing;kiosk_projection_not_recorded
1,connected,local-inventory-ef6be5d6-1da4-46fc-857c-341e71eb7aed,ba68b5aa-0e93-e8b0-b752-833f3af81c90,Sinistcha ex,PUG-8C804BE6-02,available,1,,not_recorded,XOMFKJJBKGJHJIH2OEAUAWW5,1,1,not_recorded,visibility=visible;status=available;sellable_quantity=1,not_recorded,0,synced,,website_projection_missing;kiosk_projection_not_recorded
1,connected,local-inventory-2006c668-dcba-4701-8662-1b6a085c4241,206fa925-5a9b-001a-e809-5b5a5fb93274,Sinistcha ex,PUG-8C804BE6-03,available,1,,not_recorded,RUXA72OVUJ3QKLZM643ECVJ3,1,1,not_recorded,visibility=visible;status=available;sellable_quantity=1,not_recorded,0,synced,,website_projection_missing;kiosk_projection_not_recorded
1,connected,local-inventory-63cbbaaf-6c97-4496-a035-ffcf35f7e7de,72900032-1c86-945d-ae8d-e174c6ad7455,Sinistcha ex,PUG-8C804BE6-04,available,1,,not_recorded,2GSSWUTK5BCP42J5FCUWURYH,1,1,not_recorded,visibility=visible;status=available;sellable_quantity=1,not_recorded,0,synced,,website_projection_missing;kiosk_projection_not_recorded
1,connected,local-inventory-9d4e75ff-2a44-4a3c-993f-e6f8b64a4e56,2458a4c9-cad9-7357-f0ec-d511e9b74d41,Sinistcha ex,PUG-8C804BE6-05,available,1,,not_recorded,ZZ5F63DQMU3Q2G6GNN7JQD2J,1,1,not_recorded,visibility=visible;status=available;sellable_quantity=1,not_recorded,0,synced,,website_projection_missing;kiosk_projection_not_recorded
1,connected,local-inventory-2dafa3a7-7f97-4bd3-9582-bb3d1a1ea2ea,4da9c0fe-adf1-6366-f8b9-7ee0f0d33855,Sinistcha ex,PUG-8C804BE6-06,available,1,,not_recorded,PTZ3EASOANA7YXSKYJKZOXGM,1,1,not_recorded,visibility=visible;status=available;sellable_quantity=1,not_recorded,0,synced,,website_projection_missing;kiosk_projection_not_recorded
1,connected,local-inventory-c9697184-6982-45d5-9db6-0e14ce6aeedf,fc6501a2-0d61-fd71-f045-81b0ddd8765c,Sinistcha ex,PUG-8C804BE6-07,available,1,,not_recorded,4L2JVRDJWQAT2S5P75DDPSBC,1,1,not_recorded,visibility=visible;status=available;sellable_quantity=1,not_recorded,0,synced,,website_projection_missing;kiosk_projection_not_recorded
1,connected,local-inventory-74e0f684-b1d7-4bd1-b534-dbe5a0bf1f70,55028d1a-10bc-50bd-b4b5-e1dfd24d7349,Sinistcha ex,PUG-8C804BE6-08,available,1,,not_recorded,33WOOS6DRBGHOMFT6ZGZEBIX,1,1,not_recorded,visibility=visible;status=available;sellable_quantity=1,not_recorded,0,synced,,website_projection_missing;kiosk_projection_not_recorded
1,connected,local-inventory-4029961b-b78c-47fe-b27d-c7303953f7f0,32b6fbe1-d8a7-e50c-929c-3b72c0d191be,Sinistcha ex,PUG-8C804BE6-09,available,1,,not_recorded,PIIVP2ELG3GWEVZLDK3X3MRT,1,1,not_recorded,visibility=visible;status=available;sellable_quantity=1,not_recorded,0,synced,,website_projection_missing;kiosk_projection_not_recorded
1,connected,local-inventory-9dde726f-507f-4991-ad85-f1296c818ae3,287ff323-faaa-3985-fce2-a18fc17b09e7,Sinistcha ex,PUG-8C804BE6-10,available,1,,not_recorded,OVE6RP4LUKXLKH6RBIVPLSXF,1,1,not_recorded,visibility=visible;status=available;sellable_quantity=1,not_recorded,0,synced,,website_projection_missing;kiosk_projection_not_recorded
1,connected,local-inventory-50ba464e-4caf-4da7-856f-d20e5bd9b8d1,8e317e35-0e32-a18f-56ab-34c646a16d09,Sinistcha ex,PUG-8C804BE6-11,available,1,,not_recorded,WQOJ66JIIVG6HSRJVSB27RA5,1,1,not_recorded,visibility=visible;status=available;sellable_quantity=1,not_recorded,0,synced,,website_projection_missing;kiosk_projection_not_recorded
1,connected,local-inventory-f57990c4-a4bb-4860-a783-40fa7445cb64,4f23e019-7f17-8280-e7b2-1d445f98d72b,Dracule Mihawk,PUG-02A9E862,available,1,status=available;quantity=1;online=visible;kiosk=visible,not_recorded,AV77Q735EMIB3QINBFA2IZ7T,1,1,not_recorded,visibility=visible;status=available;sellable_quantity=1,not_recorded,0,synced,,kiosk_projection_not_recorded
1,connected,local-inventory-d135f5e7-b896-4fac-83b8-44b779e129dd,6988cb54-5af4-6e72-de4a-cb879d9310ef,Basilisk Collar,PUG-FD400B42,available,1,,not_recorded,PWJHPGYOMRAAGBY5VG4UPL4R,1,0,not_recorded,visibility=visible;status=available;sellable_quantity=1,not_recorded,0,synced,,website_projection_missing;square_count_mismatch;kiosk_projection_not_recorded
1,connected,local-inventory-c2bff91e-df95-49b2-a1a1-557f22032abd,ab44799e-c52a-41cb-3e85-0a408bdc5d7c,Spidops ex,PUG-D7D283CD-01,removed,0,,not_recorded,XDVIKC2R5DQRHUF25S5GDDU2,0,0,not_recorded,visibility=hidden;status=removed;sellable_quantity=0,not_recorded,0,synced,,website_projection_missing;kiosk_projection_not_recorded
1,connected,local-inventory-9725c91c-a4ed-4d2d-bed4-63dcb4bb595c,63805dd3-6272-cada-ce8f-dbb08caebbba,Spidops ex,PUG-D7D283CD-02,removed,0,,not_recorded,4RWVLJYL7UXWSSDBIVS7KWMR,0,0,not_recorded,visibility=hidden;status=removed;sellable_quantity=0,not_recorded,0,synced,,website_projection_missing;kiosk_projection_not_recorded
1,connected,local-inventory-e9145b9c-b3b9-4a36-9066-7b80638bf80e,e0ba757e-76a7-04ab-ec90-d431b9037d8c,Spidops ex,PUG-D7D283CD-03,removed,0,,not_recorded,3XT222L2NDGUZF5DKE6OJO6N,0,0,not_recorded,visibility=hidden;status=removed;sellable_quantity=0,not_recorded,0,synced,,website_projection_missing;kiosk_projection_not_recorded
1,connected,local-inventory-a271efbd-03b5-44c7-bc23-52d13980a704,4007be7b-54ce-ab22-b2b6-94d1c8631e21,Spidops ex,PUG-D7D283CD-04,removed,0,,not_recorded,WACEPEREO2EFKF6R2TSKWZSI,0,0,not_recorded,visibility=hidden;status=removed;sellable_quantity=0,not_recorded,0,synced,,website_projection_missing;kiosk_projection_not_recorded
1,connected,local-inventory-c6a1c5f5-bd77-473c-bf57-053d2d4f779d,a13aabf8-3e16-db45-714c-88b90c957eb6,Spidops ex,PUG-D7D283CD-05,removed,0,,not_recorded,H4WKHQETFO2DUQZW2AYMSAE5,0,0,not_recorded,visibility=hidden;status=removed;sellable_quantity=0,not_recorded,0,synced,,website_projection_missing;kiosk_projection_not_recorded
1,connected,local-inventory-db5a9bca-f217-4b17-9caf-748b1a0f72cf,a04eef31-65aa-2f34-445d-92acc821964d,Spidops ex,PUG-D7D283CD-06,removed,0,,not_recorded,QSJG62K3UN3RF7OZNGCCEGSA,0,0,not_recorded,visibility=hidden;status=removed;sellable_quantity=0,not_recorded,0,synced,,website_projection_missing;kiosk_projection_not_recorded
1,connected,local-inventory-dcc7ae56-2a99-4ff4-bd0b-86efa51561d1,ee19ad93-58ae-496e-b7aa-edee83fe6350,Spidops ex,PUG-D7D283CD-07,removed,0,,not_recorded,FINATMA2TOIIRL7XOXXTMU5R,0,0,not_recorded,visibility=hidden;status=removed;sellable_quantity=0,not_recorded,0,synced,,website_projection_missing;kiosk_projection_not_recorded
1,connected,local-inventory-fa011f45-5b1d-4f21-b8ee-c6aae8976852,5787da4a-a450-1004-7991-1f98ea8127a7,Spidops ex,PUG-D7D283CD-08,removed,0,,not_recorded,SQWURSMREJJSROT7HKIMDO7F,0,0,not_recorded,visibility=hidden;status=removed;sellable_quantity=0,not_recorded,0,synced,,website_projection_missing;kiosk_projection_not_recorded
1,connected,local-inventory-ac5bce22-7c8f-4f03-9daf-9a1c08b0583f,606eb612-b314-0089-06e0-367629aa6ad3,Spidops ex,PUG-D7D283CD-09,removed,0,,not_recorded,BCPG5ONIWYUFOXZIEF4TPRXP,0,0,not_recorded,visibility=hidden;status=removed;sellable_quantity=0,not_recorded,0,synced,,website_projection_missing;kiosk_projection_not_recorded
1,connected,local-inventory-036d1426-318a-49ef-b1ae-1a75a7c9fbc2,9bf5ceae-789a-6217-1c7d-afa4ef7707c3,Spidops ex,PUG-D7D283CD-10,available,16,,not_recorded,GGRK7ILFM4N6S27LZVH6KBTE,16,16,not_recorded,visibility=visible;status=available;sellable_quantity=16,not_recorded,0,synced,,website_projection_missing;kiosk_projection_not_recorded
1,connected,local-inventory-a342b1d0-a4bf-4f41-ad13-b695924e99fd,6819a98d-7662-8279-b703-04c3ab54b2f5,Spidops ex,PUG-D7D283CD-11,removed,0,,not_recorded,ZLMXEPGOWZA356TGGNQCRBFZ,0,0,not_recorded,visibility=hidden;status=removed;sellable_quantity=0,not_recorded,0,synced,,website_projection_missing;kiosk_projection_not_recorded
1,connected,local-inventory-49b417c6-59ae-48ac-b5d3-f8d100caa393,0651fe06-35a4-acdf-fddb-3d9f4e5e4b52,Spidops ex,PUG-D7D283CD-12,removed,0,,not_recorded,MNGXTHCYHH7ZUD2UGP5AFOGJ,0,0,not_recorded,visibility=hidden;status=removed;sellable_quantity=0,not_recorded,0,synced,,website_projection_missing;kiosk_projection_not_recorded
1,connected,local-inventory-b010d06b-4eb3-4454-a1db-1472a16628f3,28d91787-441c-f9c8-2239-725963ee0204,Squawkabilly ex,PUG-AC6BB8BE-01,available,1,,not_recorded,7QKHSTUNVDYUPE4DNAF5NKC7,1,1,not_recorded,visibility=visible;status=available;sellable_quantity=1,not_recorded,0,no_sync_record,,website_projection_missing;kiosk_projection_not_recorded
1,connected,local-inventory-b5738146-d697-4fdb-a3d0-e44078a2da3c,abd741eb-7244-6540-b50a-366ab3e6592b,Squawkabilly ex,PUG-AC6BB8BE-02,available,1,,not_recorded,JAQAVBVCOJO4HUVR7MDN6BOY,1,1,not_recorded,visibility=visible;status=available;sellable_quantity=1,not_recorded,0,no_sync_record,,website_projection_missing;kiosk_projection_not_recorded
1,connected,local-inventory-0e88cf5d-ea96-4a4d-8b6d-0b7f737b5149,22b856ab-e9c2-b416-f245-d24291dea721,Squawkabilly ex,PUG-AC6BB8BE-03,available,1,,not_recorded,722MXNHM3T2YJ5K3JDSGR7KF,1,1,not_recorded,visibility=visible;status=available;sellable_quantity=1,not_recorded,0,no_sync_record,,website_projection_missing;kiosk_projection_not_recorded
1,connected,local-inventory-15544b1f-f0fc-416e-b5d5-1fd72b0f5936,dccee735-0250-f96d-92c9-3a13ebcbefc5,Stunfisk ex,PUG-D7BC04A5,available,2,,not_recorded,562DERXBG6CMBGPKQOYH7F5C,2,1,not_recorded,visibility=visible;status=available;sellable_quantity=2,not_recorded,0,synced,,website_projection_missing;square_count_mismatch;kiosk_projection_not_recorded
1,connected,local-inventory-4fcf58d2-0b72-4483-a9ca-e36274c72739,601add9f-ea0b-42d7-d3a9-48071aea6cb1,Twinflame Tyrant,PUG-7754E63D,sold,0,,not_recorded,MBCFXZ4YJ5F5HDZTOGRLAPR4,0,0,not_recorded,visibility=visible;status=sold;sellable_quantity=0,not_recorded,0,no_sync_record,,website_projection_missing;kiosk_projection_not_recorded
1,connected,local-inventory-1aeb417a-55d4-4249-abea-4003aca40218,867b28f7-e69a-15da-4272-68d80f9adbd3,Tapu Koko ex,PUG-9A7D0ECC,available,1,,not_recorded,7CVI4KRL64ZO64T5ZCBZJ2OV,1,0,not_recorded,visibility=visible;status=available;sellable_quantity=1,not_recorded,0,no_sync_record,,website_projection_missing;square_count_mismatch;kiosk_projection_not_recorded
1,connected,local-inventory-812c389f-c448-4056-bb0c-81a6d3b810e6,117c450e-b552-d052-f9c0-118ec3ce8a85,"Najeela, the Blade-Blossom",PUG-ABC6C821,available,1,,not_recorded,RDJZLKRM5UKEXZI5UQOCCDOA,1,1,not_recorded,visibility=visible;status=available;sellable_quantity=1,not_recorded,0,synced,,website_projection_missing;kiosk_projection_not_recorded
1,connected,local-inventory-49fd148b-717c-4fa6-9907-2b7c443c726c,3370a124-deb9-1bb4-50da-92c92e734d4a,Tinkaton ex,PUG-9C8A1E6B,available,1,,not_recorded,7RGEXRVTI7O3DUDVBV5FLLXZ,1,1,not_recorded,visibility=visible;status=available;sellable_quantity=1,not_recorded,0,synced,,website_projection_missing;kiosk_projection_not_recorded
1,connected,local-inventory-36df55cb-98f1-4a5e-80b2-cdcab3b5c0ba,89794cc9-b7ab-9c18-3067-c71e38b7eff6,Impostor Syndrome,PUG-E05A2363,sold,0,,not_recorded,Y5MO6EYNPBXYH2LEP6C2NJPW,0,0,not_recorded,visibility=visible;status=sold;sellable_quantity=0,not_recorded,0,no_sync_record,,website_projection_missing;kiosk_projection_not_recorded
1,connected,local-inventory-867633e6-90b9-4e6c-a6fc-34fe593aed49,fef29641-2ba8-f9b8-109c-996bbfe5c629,Toedscruel ex,PUG-2A5A3756-01,removed,0,,not_recorded,XEGLK6JPW5SCJG56XIKV62JS,0,0,not_recorded,visibility=hidden;status=removed;sellable_quantity=0,not_recorded,0,synced,,website_projection_missing;kiosk_projection_not_recorded
1,connected,local-inventory-d4e8f266-cfe7-44b9-8e9f-04ceca4478d8,e1493025-0d68-cbc5-82cc-b62f78f2762e,Toedscruel ex,PUG-2A5A3756-02,removed,0,,not_recorded,QJYDIO4PIECV5CDFAGS4UI7O,0,0,not_recorded,visibility=hidden;status=removed;sellable_quantity=0,not_recorded,0,synced,,website_projection_missing;kiosk_projection_not_recorded
1,connected,local-inventory-4d20f051-fd44-4df2-9b0e-7bce26ef3fac,8d3d3e43-b65a-b387-0185-fe8d7504ccca,Toedscruel ex,PUG-2A5A3756-03,removed,0,,not_recorded,DC275V6KNM75W5DXBPQNCMBQ,0,0,not_recorded,visibility=hidden;status=removed;sellable_quantity=0,not_recorded,0,synced,,website_projection_missing;kiosk_projection_not_recorded
1,connected,local-inventory-85cea370-db46-4d35-8de3-7f7c2cc33473,5d011f1f-044a-98f0-6b1a-3376824df8de,Toedscruel ex,PUG-2A5A3756-04,removed,0,,not_recorded,F2PIQQ7S7LOGCU6TC6WSI7FN,0,0,not_recorded,visibility=hidden;status=removed;sellable_quantity=0,not_recorded,0,synced,,website_projection_missing;kiosk_projection_not_recorded
1,connected,local-inventory-af01c579-e162-4b3a-ae14-9345bc7aa98f,65950309-f34b-b367-c385-4996f545c1e0,Toedscruel ex,PUG-2A5A3756-05,removed,0,,not_recorded,IMIWS2BQMLR2YVETVBOTMUDE,0,0,not_recorded,visibility=hidden;status=removed;sellable_quantity=0,not_recorded,0,synced,,website_projection_missing;kiosk_projection_not_recorded
1,connected,local-inventory-ccf0cad7-cb64-4aff-9b69-1ee9185f64d1,95a56293-c961-0e98-85e4-8c930c5d69f4,Toedscruel ex,PUG-2A5A3756-06,removed,0,,not_recorded,ZWGSLPCO6MEAVJMEKSUXU3LB,0,0,not_recorded,visibility=hidden;status=removed;sellable_quantity=0,not_recorded,0,synced,,website_projection_missing;kiosk_projection_not_recorded
1,connected,local-inventory-592cf2f2-dd70-499e-bf45-1905beceb3e7,b4e79e9a-0ae9-bb2b-d0cc-5a97a0b8e1c5,Toedscruel ex,PUG-2A5A3756-07,removed,0,,not_recorded,LAC4RT6QUBFOMEMNY25WOWTW,0,0,not_recorded,visibility=hidden;status=removed;sellable_quantity=0,not_recorded,0,synced,,website_projection_missing;kiosk_projection_not_recorded
1,connected,local-inventory-f9b74c2c-bef4-437a-90d8-fb538fe1f2b1,27249fe5-43a5-3aa4-bc74-895e3b5608ae,Toedscruel ex,PUG-2A5A3756-08,removed,0,,not_recorded,SKRLRSAU6BN27PTKYNH7AO5C,0,0,not_recorded,visibility=hidden;status=removed;sellable_quantity=0,not_recorded,0,synced,,website_projection_missing;kiosk_projection_not_recorded
1,connected,local-inventory-061fdaa2-2b2a-43aa-9f04-6fa00d3fc773,8b243653-4e5e-344a-9fc2-7346e11b2739,Toedscruel ex,PUG-2A5A3756-09,removed,0,,not_recorded,A5Z4M3ACOTOJGV22TMG6NDLA,0,0,not_recorded,visibility=hidden;status=removed;sellable_quantity=0,not_recorded,0,synced,,website_projection_missing;kiosk_projection_not_recorded
1,connected,local-inventory-02c23594-dc6d-40fc-a89d-be65ecd960b9,6962daa8-7d16-dd5b-df6d-9e056272dae9,Toedscruel ex,PUG-2A5A3756-10,available,14,,not_recorded,STT5KIYMJ2IQPPJ34TDORFJL,14,14,not_recorded,visibility=visible;status=available;sellable_quantity=14,not_recorded,0,synced,,website_projection_missing;kiosk_projection_not_recorded
1,connected,local-inventory-8ece3177-c0b6-4fa8-8e4a-40f851b90fc2,98fa7df5-6e72-e3a0-464f-7a5f0d28c42f,Elemental Eruption,PUG-DFBF6CFF,available,1,,not_recorded,ZT47HP6SE2Q2563S32IZIYFR,1,1,not_recorded,visibility=visible;status=available;sellable_quantity=1,not_recorded,0,synced,,website_projection_missing;kiosk_projection_not_recorded
1,connected,local-inventory-3dabe42c-6352-4880-89aa-fa5b8b8bc728,cb43dc14-b1eb-9fd9-f798-90aa71e2bbcc,Godless Shrine,PUG-F6875DD2,sold,0,,not_recorded,DIV44NRGLI5MZUJDTIKNHE2A,0,0,not_recorded,visibility=visible;status=sold;sellable_quantity=0,not_recorded,0,no_sync_record,,website_projection_missing;kiosk_projection_not_recorded
1,connected,local-inventory-6d21f218-6ef2-4f12-a82f-86130f2801cf,e22889f9-2506-1082-ed73-341adebd2f3d,Multiversal Passage,PUG-F75FDE15,available,1,,not_recorded,UBROFDUK44XRGKFPEBRDBSPP,1,1,not_recorded,visibility=visible;status=available;sellable_quantity=1,not_recorded,0,synced,,website_projection_missing;kiosk_projection_not_recorded
1,connected,local-inventory-89f498e6-a493-49db-9b66-b19e8e585c26,d962fe64-8752-a254-412c-3cddec28da52,Emberwilde Captain,PUG-6009522F,available,1,,not_recorded,HWHYD6F3EK3NQWJUKHGTAZID,1,1,not_recorded,visibility=visible;status=available;sellable_quantity=1,not_recorded,0,synced,,website_projection_missing;kiosk_projection_not_recorded
1,connected,local-inventory-57c225c3-1898-45a8-a3b9-1376ee71f0c7,2ba465b4-e2dc-3244-41ec-a810a5bf9e4f,Toxicroak ex,PUG-04916A02,available,2,,not_recorded,GFEH2IP6P7Y45WAH2WFFHMPV,2,2,not_recorded,visibility=visible;status=available;sellable_quantity=2,not_recorded,0,no_sync_record,,website_projection_missing;kiosk_projection_not_recorded
1,connected,local-inventory-787d8534-5c09-46f0-ad66-d724cbe525c3,b6c1483e-0ae2-ea6d-d6af-079295e81397,Altaria ex,PUG-B31A1538,available,1,,not_recorded,IVG4HERLU7PU2H3N757WNMY5,1,1,not_recorded,visibility=visible;status=available;sellable_quantity=1,not_recorded,0,synced,,website_projection_missing;kiosk_projection_not_recorded
1,connected,local-inventory-9eb3a9ec-b087-4e8a-9baa-371509bc9040,dd17a3b4-2393-708d-2553-1c814a915a85,Fable of the Mirror-Breaker // Reflection of Kiki-Jiki,PUG-F28B5725-01,available,1,,not_recorded,H7LTPJ3PMZWLIB32QDK35QUZ,1,1,not_recorded,visibility=visible;status=available;sellable_quantity=1,not_recorded,0,synced,,website_projection_missing;kiosk_projection_not_recorded
1,connected,local-inventory-a4b4c54e-230a-4558-ba1e-3021fe5adabb,0583b9fc-679d-8e03-e02f-c291bc20b3af,Fable of the Mirror-Breaker // Reflection of Kiki-Jiki,PUG-F28B5725-02,available,1,,not_recorded,5UVXNC7YGIE4EWDWV5A3UU4D,1,1,not_recorded,visibility=visible;status=available;sellable_quantity=1,not_recorded,0,synced,,website_projection_missing;kiosk_projection_not_recorded
1,connected,local-inventory-908e29f8-bdef-446f-94be-cbd35c036bff,4963e73d-8bba-82f7-7243-64db88909d2c,Litten,PUG-3F10841A,available,1,,not_recorded,JQ2C6WC4BISLCCI7QFU3ZGVD,1,1,not_recorded,visibility=visible;status=available;sellable_quantity=1,not_recorded,0,synced,,website_projection_missing;kiosk_projection_not_recorded
1,connected,local-inventory-d007f57f-2810-4e3d-b800-8f84d433402c,675a7a73-a4f2-513b-cb7b-c7a92e7c8311,Fated Firepower,PUG-E8052236,available,1,,not_recorded,LPL2IAQUV7OTIX2Z23T3FCRY,1,0,not_recorded,visibility=visible;status=available;sellable_quantity=1,not_recorded,0,synced,,website_projection_missing;square_count_mismatch;kiosk_projection_not_recorded
1,connected,local-inventory-aaaa7a17-a3e4-48d6-8223-b917b112692f,4a6100d1-d0b1-921c-d403-32060e52b6cd,Popplio,PUG-DC096C0C,available,1,,not_recorded,6CTQUFQEX7VSGAC475EHCDDU,1,1,not_recorded,visibility=visible;status=available;sellable_quantity=1,not_recorded,0,synced,,website_projection_missing;kiosk_projection_not_recorded
1,connected,local-inventory-f215533c-a543-4475-bc65-7edb88420f09,a0c334e0-659a-35b9-aa33-8c0e0bca202d,Yanmega ex,PUG-D1327C97-01,available,1,,not_recorded,T7KH2IVNRWS7DU2JBKYNDUIF,1,1,not_recorded,visibility=visible;status=available;sellable_quantity=1,not_recorded,0,synced,,website_projection_missing;kiosk_projection_not_recorded
1,connected,local-inventory-07fa1baa-720e-43c9-9ed2-52016c5596d8,12fbb157-0cd1-4b24-ab18-82009e5bebfe,Yanmega ex,PUG-D1327C97-02,available,1,,not_recorded,N6SWEE6TTVCXAJ45CV2BH5RG,1,1,not_recorded,visibility=visible;status=available;sellable_quantity=1,not_recorded,0,synced,,website_projection_missing;kiosk_projection_not_recorded
1,connected,local-inventory-98058ab4-65cb-421d-bc91-97da635584b1,b91d7533-cd6b-d5c0-d5da-49d6660a44c4,Yanmega ex,PUG-D1327C97-03,available,1,,not_recorded,CEBHZSSFLUBPYBBB25KEVW5M,1,1,not_recorded,visibility=visible;status=available;sellable_quantity=1,not_recorded,0,synced,,website_projection_missing;kiosk_projection_not_recorded
1,connected,local-inventory-5618a202-7e81-4d23-8da6-7d5b4f2360b7,2dac2393-a88f-5b9c-560f-06a77995ec07,Yanmega ex,PUG-D1327C97-04,available,1,,not_recorded,2X3BEHOO7ZED7S6QSSAIK3MM,1,1,not_recorded,visibility=visible;status=available;sellable_quantity=1,not_recorded,0,synced,,website_projection_missing;kiosk_projection_not_recorded
1,connected,local-inventory-d8ecd37a-20da-4f5e-a7c9-4278dfa887d0,4eb40981-12b7-c72f-6f65-7a5127fc7e07,Yanmega ex,PUG-D1327C97-05,available,1,,not_recorded,ISJCM77OCMQKUP4YIWSSH7XH,1,1,not_recorded,visibility=visible;status=available;sellable_quantity=1,not_recorded,0,synced,,website_projection_missing;kiosk_projection_not_recorded
1,connected,local-inventory-664f3eb2-eff0-4342-9e2b-1e0cf1268526,a9c14292-a978-7891-4cdc-b7bd268fa305,Yanmega ex,PUG-D1327C97-06,available,1,,not_recorded,X6KDQJQKB6IG5BXEQQFCV2K2,1,1,not_recorded,visibility=visible;status=available;sellable_quantity=1,not_recorded,0,synced,,website_projection_missing;kiosk_projection_not_recorded
1,connected,local-inventory-6adfca54-2b14-498f-86b7-69472baa8c00,2926a10b-c22a-353b-17a6-249af750fc65,Rowlet,PUG-A42D0027,removed,1,,not_recorded,,,,not_recorded,visibility=hidden;status=removed;sellable_quantity=0,not_recorded,0,synced,,website_projection_missing;kiosk_projection_not_recorded
1,connected,local-inventory-6eabb310-04b7-4910-bd8a-e14a828f369c,2c837b17-4099-781d-4211-e6fca97b1d28,Volcanion ex,PUG-48B255A5-01,available,1,,not_recorded,MNPSYZOPQTRURPT3KTEUCYWD,1,1,not_recorded,visibility=visible;status=available;sellable_quantity=1,not_recorded,0,no_sync_record,,website_projection_missing;kiosk_projection_not_recorded
1,connected,local-inventory-332aac25-7798-45c9-9071-11c7fecd7383,35c22e77-0a6a-3741-3142-eb9f698a8e9a,Volcanion ex,PUG-48B255A5-02,available,1,,not_recorded,HNB5Q3EEEG3AEKSFE4K5H4TR,1,1,not_recorded,visibility=visible;status=available;sellable_quantity=1,not_recorded,0,no_sync_record,,website_projection_missing;kiosk_projection_not_recorded
1,connected,local-inventory-2260cdb4-5518-4abe-8a51-10a0a9064afa,bbf62008-30ae-7faf-5052-47a4753a00c8,Volcanion ex,PUG-48B255A5-03,available,1,,not_recorded,VVS4D7WUSZT2BVVIRHWOWA27,1,1,not_recorded,visibility=visible;status=available;sellable_quantity=1,not_recorded,0,no_sync_record,,website_projection_missing;kiosk_projection_not_recorded
1,connected,local-inventory-e34bb1e0-2809-4d58-b8a9-26b196d7d281,fbeb95f8-bff7-93b7-c409-a4a8ce51bdfb,Volcanion ex,PUG-48B255A5-04,available,1,,not_recorded,PGJOMTWDYKR5BOZVHM3YD6KV,1,1,not_recorded,visibility=visible;status=available;sellable_quantity=1,not_recorded,0,no_sync_record,,website_projection_missing;kiosk_projection_not_recorded
1,connected,local-inventory-dc2d7ffa-77e5-492b-a06e-b23453ea687a,370384cb-998a-3d09-2486-67d329dd584e,Volcanion ex,PUG-48B255A5-05,available,1,,not_recorded,GTXQEAA46PPMGYGL4HQEHEWX,1,1,not_recorded,visibility=visible;status=available;sellable_quantity=1,not_recorded,0,no_sync_record,,website_projection_missing;kiosk_projection_not_recorded
1,connected,local-inventory-daff5898-abc3-4e84-9e76-e2c983c50698,dc6f10a6-8807-cfa4-655b-635013497db1,Volcanion ex,PUG-48B255A5-06,available,1,,not_recorded,363R32RH4BOURZJHKR7WCCW3,1,1,not_recorded,visibility=visible;status=available;sellable_quantity=1,not_recorded,0,no_sync_record,,website_projection_missing;kiosk_projection_not_recorded
1,connected,local-inventory-35dfa80c-b61f-45c4-9345-6d0cba2927a4,5f5cb5b8-022b-11ca-8c92-42aa0e47e9e2,Whimsicott ex,PUG-7E1A1D52-01,available,1,,not_recorded,ACADM6SMLQEBLO4MQ4JURD4D,1,1,not_recorded,visibility=visible;status=available;sellable_quantity=1,not_recorded,0,no_sync_record,,website_projection_missing;kiosk_projection_not_recorded
1,connected,local-inventory-24c75fb3-2383-474e-9fd1-912d304e6d9b,6d26f170-5754-9001-a4b9-f4ae6313f697,Whimsicott ex,PUG-7E1A1D52-02,available,1,,not_recorded,JIVCCXVPZRZU2IQV72NYVJPE,1,1,not_recorded,visibility=visible;status=available;sellable_quantity=1,not_recorded,0,no_sync_record,,website_projection_missing;kiosk_projection_not_recorded
1,connected,local-inventory-9ec29686-adfb-4efd-a0b0-fab80de7e553,ceffd785-f42e-9ee6-0c5c-95a99b48c659,Whimsicott ex,PUG-7E1A1D52-03,available,1,,not_recorded,ZRUAVS2TZJFRN6MEYOOBMEFD,1,1,not_recorded,visibility=visible;status=available;sellable_quantity=1,not_recorded,0,no_sync_record,,website_projection_missing;kiosk_projection_not_recorded
1,connected,local-inventory-78a81847-c2b1-457a-9dca-931d1975ddcc,1f84cb1e-d58b-0dcd-2bf1-3f094aeb3508,Whimsicott ex,PUG-7E1A1D52-04,available,1,,not_recorded,FTJB4KTK7V33GBQ3MSYO5WO4,1,1,not_recorded,visibility=visible;status=available;sellable_quantity=1,not_recorded,0,no_sync_record,,website_projection_missing;kiosk_projection_not_recorded
1,connected,local-inventory-3d3f44fb-8b98-45a2-8f26-ccf7d80dadec,60d1982e-be6b-09e4-92b1-455a9bb22cf3,Whimsicott ex,PUG-7E1A1D52-05,available,1,,not_recorded,MANNQEND53QBZZEJTUHQ3ZKR,1,1,not_recorded,visibility=visible;status=available;sellable_quantity=1,not_recorded,0,no_sync_record,,website_projection_missing;kiosk_projection_not_recorded
1,connected,local-inventory-d668577a-653f-4f6e-a355-813ace77ecab,5f085226-ff8d-05e1-07eb-ce5c7b41e33d,Whimsicott ex,PUG-7E1A1D52-06,available,1,,not_recorded,TJ6HHDEMF7SXXVVD6ZZI2HRL,1,1,not_recorded,visibility=visible;status=available;sellable_quantity=1,not_recorded,0,no_sync_record,,website_projection_missing;kiosk_projection_not_recorded
1,connected,local-inventory-3cb1d098-1402-4c14-80e6-aa5cdc4b375f,3018be82-6d0e-63a0-0491-261462b7ba5f,Fiery Emancipation,PUG-AF889BA0,available,1,,not_recorded,RVKCIKA2PTFULR6X7B6FL3WM,1,1,not_recorded,visibility=visible;status=available;sellable_quantity=1,not_recorded,0,synced,,website_projection_missing;kiosk_projection_not_recorded
1,connected,local-inventory-fdbff24e-4170-47e5-87f2-b509dcd1d859,21282d27-6ac5-b181-a427-90e6ff939b6e,Generous Plunderer,PUG-62911628,available,1,,not_recorded,UOFPMTVJVSEKAV3EQPLVRFMX,1,1,not_recorded,visibility=visible;status=available;sellable_quantity=1,not_recorded,0,synced,,website_projection_missing;kiosk_projection_not_recorded
1,connected,local-inventory-bbacd681-9a63-4e64-8edc-4e0044dbefce,4b05c2da-1168-5169-9a1d-bef32981249c,Wo-Chien ex,PUG-A5C86BF7-01,available,1,,not_recorded,UZDHXIZGD76CWFX4C6L4VPMU,1,1,not_recorded,visibility=visible;status=available;sellable_quantity=1,not_recorded,0,no_sync_record,,website_projection_missing;kiosk_projection_not_recorded
1,connected,local-inventory-afc6715d-328a-4f9b-b36d-275ce134aed8,1a21dc04-4f8e-7ff2-3a25-74e636127a21,Wo-Chien ex,PUG-A5C86BF7-02,available,1,,not_recorded,WUZ4CCYJFVETKUKV3UCLHSHI,1,1,not_recorded,visibility=visible;status=available;sellable_quantity=1,not_recorded,0,no_sync_record,,website_projection_missing;kiosk_projection_not_recorded
1,connected,local-inventory-355f054f-4768-4bbf-afc2-4b39b4dfb8dc,695969bc-aa2d-1cbb-9c2d-0da4a4619999,Wo-Chien ex,PUG-A5C86BF7-03,available,1,,not_recorded,5RO2XKB7RBTEZ6JT7EBQ4DFE,1,1,not_recorded,visibility=visible;status=available;sellable_quantity=1,not_recorded,0,no_sync_record,,website_projection_missing;kiosk_projection_not_recorded
1,connected,local-inventory-de024e92-0f17-41a6-8928-77db460a27f1,9f37abf9-5e10-83a3-e9f3-236bd19c4614,"Ilharg, the Raze-Boar",PUG-E079BD4A,available,1,,not_recorded,Y5FHHKLR4PQ3RHPC5BLQGF4A,1,1,not_recorded,visibility=visible;status=available;sellable_quantity=1,not_recorded,0,synced,,website_projection_missing;kiosk_projection_not_recorded
1,connected,local-inventory-c68d3c1a-c8ef-4356-aa2a-07311c1e3d1b,c4eba109-8c34-6ee3-f73b-9bb06de88655,Kin'emon,PUG-69FD9805-01,available,1,,not_recorded,IK3YGSNDL2VMUUXZJGX4IBHF,1,1,not_recorded,visibility=visible;status=available;sellable_quantity=1,not_recorded,0,synced,,website_projection_missing;kiosk_projection_not_recorded
1,connected,local-inventory-6557e8f9-6472-48c0-b287-11a67d01cb12,b92fd108-176a-51ab-16a4-df4b0b58f2c3,Kin'emon,PUG-69FD9805-02,available,1,,not_recorded,M7FDEE6ACV3LNCQIDT5HUMPY,1,1,not_recorded,visibility=visible;status=available;sellable_quantity=1,not_recorded,0,synced,,website_projection_missing;kiosk_projection_not_recorded
1,connected,local-inventory-52b13910-48e1-4c11-9b28-f391e39520d2,5c46b005-257f-b533-2796-274118bff804,Kin'emon,PUG-69FD9805-03,sold,0,,not_recorded,OETFEG2ODCJIQC2G2ESKZW5I,0,0,not_recorded,visibility=visible;status=sold;sellable_quantity=0,not_recorded,0,no_sync_record,,website_projection_missing;kiosk_projection_not_recorded
1,connected,local-inventory-a3a88563-ac7b-41cf-9957-0e851069d75f,25b2318a-5f9a-2dec-e4ce-8e7bf081c280,Hellkite Charger,PUG-27368646,available,1,,not_recorded,32ZOTMMQHJ7CYLEKCEDBPWKQ,1,0,not_recorded,visibility=visible;status=available;sellable_quantity=1,not_recorded,0,synced,,website_projection_missing;square_count_mismatch;kiosk_projection_not_recorded
1,connected,local-inventory-96744d3c-8a3b-4a69-bc50-84b7c1b1fefa,e79be772-2175-3a88-8668-786da2e32e08,Gut Shot,PUG-D7EDD60A-01,available,1,,not_recorded,46YE5B3WXWGAGOEHCVQTAE2Z,1,1,not_recorded,visibility=visible;status=available;sellable_quantity=1,not_recorded,0,synced,,website_projection_missing;kiosk_projection_not_recorded
1,connected,local-inventory-ebac6ae3-4768-4bac-9db5-80497488659f,e4aa6907-4818-836a-3630-f0bc851941ec,Gut Shot,PUG-D7EDD60A-02,available,1,,not_recorded,SOTFAJXK6BIQ2YZ7IKYU7RD5,1,1,not_recorded,visibility=visible;status=available;sellable_quantity=1,not_recorded,0,synced,,website_projection_missing;kiosk_projection_not_recorded
1,connected,local-inventory-472f2017-f1ae-4ce8-a828-f26d42af1d7b,ff1c41df-d5da-6e61-bf92-e4bb2775bbdd,Marshall.D.Teach,PUG-EC8B9033-01,available,1,,not_recorded,XN4725AFUFK4QRVS5S2W5K7C,1,1,not_recorded,visibility=visible;status=available;sellable_quantity=1,not_recorded,0,synced,,website_projection_missing;kiosk_projection_not_recorded
1,connected,local-inventory-92cbd091-84f9-4561-a737-b53e928d12c9,50e0f861-e575-a397-f7ff-4b61c9348720,Marshall.D.Teach,PUG-EC8B9033-02,available,1,,not_recorded,PGQPIZ6ADTI5P7MMBGQLMYIE,1,1,not_recorded,visibility=visible;status=available;sellable_quantity=1,not_recorded,0,synced,,website_projection_missing;kiosk_projection_not_recorded
1,connected,local-inventory-63fb8c6e-2491-4c14-ac71-5531faf2d309,22212c47-1ff9-0bd7-4af2-c250bed442ca,Donquixote Doflamingo,PUG-C63E22F4,available,1,,not_recorded,E7U6AUJTF56TLCZBKWCFRVGH,1,1,not_recorded,visibility=visible;status=available;sellable_quantity=1,not_recorded,0,synced,,website_projection_missing;kiosk_projection_not_recorded
1,connected,local-inventory-6af823c0-b1a9-4cbc-8d98-4ccecc6316d7,621bd488-4677-38dc-4588-04b7cebbec9a,Kindler,PUG-09806D99,sold,5,,not_recorded,LVJDBSDL4CLAXK3UN5TL73SE,0,4,not_recorded,visibility=visible;status=sold;sellable_quantity=0,not_recorded,0,synced,,website_projection_missing;square_count_mismatch;kiosk_projection_not_recorded
1,connected,local-inventory-a2ab65ab-1749-4fe2-8d8e-495c1a47777a,21efc2f6-df82-26cd-8794-057de2afb812,Confusion in the Ranks,PUG-B7E28A53,available,1,,not_recorded,6TUVPY4I7W6KXSRSFYTMFJ4C,1,1,not_recorded,visibility=visible;status=available;sellable_quantity=1,not_recorded,0,no_sync_record,,website_projection_missing;kiosk_projection_not_recorded
1,connected,local-inventory-fbd581d4-0539-4aba-b508-a2cae4341eec,3a852e5d-f658-07ac-3fa2-df99ce412c2e,Edward.Newgate,PUG-AB3B77BA,available,1,,not_recorded,KDWWQV5JNV3RKVFHZNWYSNFV,1,1,not_recorded,visibility=visible;status=available;sellable_quantity=1,not_recorded,0,synced,,website_projection_missing;kiosk_projection_not_recorded
1,connected,local-inventory-9ad53343-4f8d-4aa2-9082-45fea416691a,ffecf940-8f6d-9845-f883-7ac7068a3e4c,Ace & Sabo & Luffy,PUG-3FE8E922,sold,0,,not_recorded,VH2SJKZFUVKBJU5OQ5E3G67K,0,0,not_recorded,visibility=visible;status=sold;sellable_quantity=0,not_recorded,0,no_sync_record,,website_projection_missing;kiosk_projection_not_recorded
1,connected,local-inventory-774e0436-04df-479e-90c2-b0108581ab79,0bbd414d-a083-6117-ccee-7fb4aba6afe1,Improvisation Capstone,PUG-55675B78-01,available,1,,not_recorded,HJRC4CZHAYGTHP6NAFYJVYT7,1,1,not_recorded,visibility=visible;status=available;sellable_quantity=1,not_recorded,0,synced,,website_projection_missing;kiosk_projection_not_recorded
1,connected,local-inventory-c791e038-a328-46df-8bf3-bce7f5bc448c,12f30690-22a7-7b5b-bc3b-5e551e472c18,Improvisation Capstone,PUG-55675B78-02,available,1,,not_recorded,KV2AQ6HE2JVCMNDJCH75LDFX,1,1,not_recorded,visibility=visible;status=available;sellable_quantity=1,not_recorded,0,synced,,website_projection_missing;kiosk_projection_not_recorded
1,connected,local-inventory-8be410f7-6a8e-4721-9b47-623ed2e30fe7,e474cdbb-90ee-4429-5259-e34ebc89f458,Tyme,PUG-378F0F01,available,1,,not_recorded,D4SSZEAKQDQBU4RFLSAIBGFO,1,1,not_recorded,visibility=visible;status=available;sellable_quantity=1,not_recorded,0,no_sync_record,,website_projection_missing;kiosk_projection_not_recorded
1,connected,local-inventory-976a23ca-3b94-4a4b-a0a3-5f0cab8726a1,c6874341-83af-0585-17a3-b1c7cdec93af,Nico Robin,PUG-F62FB776,available,1,,not_recorded,XG6NZGIA27MVMUMGRVSFALZC,1,0,not_recorded,visibility=visible;status=available;sellable_quantity=1,not_recorded,0,no_sync_record,,website_projection_missing;square_count_mismatch;kiosk_projection_not_recorded
1,connected,local-inventory-cbd958a4-247f-4d4d-ae84-2a028f9969ab,208b3347-34f9-c473-a1c1-c55f2d04dc19,Mela,PUG-1A2CA726-01,sold,1,,not_recorded,HVB2FYECC3WPVXQ4P75IX6DY,0,0,not_recorded,visibility=visible;status=sold;sellable_quantity=0,not_recorded,0,synced,,website_projection_missing;kiosk_projection_not_recorded
1,connected,local-inventory-130b29d1-e294-4848-94dd-7b80d01231f4,66974174-40e7-24f5-f35f-d994fececc4e,Mela,PUG-1A2CA726-02,sold,1,,not_recorded,SB6FDFA2TCRLT4HJLV5Q23HY,0,0,not_recorded,visibility=visible;status=sold;sellable_quantity=0,not_recorded,0,synced,,website_projection_missing;kiosk_projection_not_recorded
1,connected,local-inventory-86a750f6-4bd2-42c4-afbd-b6181b9af38e,1a1c5461-24df-027e-1aaf-e1d2b46e0ab9,Mela,PUG-1A2CA726-03,sold,1,,not_recorded,UVXIYU465EMHUYMVLC2LWVJD,0,1,not_recorded,visibility=visible;status=sold;sellable_quantity=0,not_recorded,0,synced,,website_projection_missing;square_count_mismatch;kiosk_projection_not_recorded
1,connected,local-inventory-af3de545-fcf7-475e-b7b8-cffe2aab251c,a6464738-0bd7-d9df-2066-61a974ee2207,Rosinante & Law,PUG-EDB55808,available,1,,not_recorded,YUJTVKI76USSZBKNGDURB7E4,1,1,not_recorded,visibility=visible;status=available;sellable_quantity=1,not_recorded,0,synced,,website_projection_missing;kiosk_projection_not_recorded
1,connected,local-inventory-629b8068-4fb0-41f7-9518-23674f21927b,f33205ea-29ea-1692-a514-2c6d0bd510f3,Candela,PUG-6F23B34B,available,1,,not_recorded,JTBQKRZOP3BDYEI67ILN2ANT,1,1,not_recorded,visibility=visible;status=available;sellable_quantity=1,not_recorded,0,synced,,website_projection_missing;kiosk_projection_not_recorded
1,connected,local-inventory-ecb23ddc-1e25-41aa-9b0b-9d193b2e7ac4,c1113407-9da9-21c5-2b46-c310bf05a16e,Improvisation Capstone,PUG-8B46E92A,available,1,,not_recorded,FMYTO3LDHSYEO5SRYZCP2TYR,1,0,not_recorded,visibility=visible;status=available;sellable_quantity=1,not_recorded,0,synced,,website_projection_missing;square_count_mismatch;kiosk_projection_not_recorded
1,connected,local-inventory-29fe3480-e04f-43a1-8223-ab91e317a73d,30e8b945-83fc-c8e4-340f-d9053f374382,Egg Incubator,PUG-6BBED2AA,available,1,,not_recorded,476DMQXJYU4ZFY6MDNJ7PKAM,1,0,not_recorded,visibility=visible;status=available;sellable_quantity=1,not_recorded,0,no_sync_record,,website_projection_missing;square_count_mismatch;kiosk_projection_not_recorded
1,connected,local-inventory-d63f401f-3a77-4486-ac96-54520d66b13d,9e12263f-3533-5a69-4a9f-2b4b50422a45,Scoop Up Cyclone,PUG-B57DCC28,available,1,,not_recorded,BWU45CLEI7KFXAQ3QIRSPEXW,1,1,not_recorded,visibility=visible;status=available;sellable_quantity=1,not_recorded,0,no_sync_record,,website_projection_missing;kiosk_projection_not_recorded
1,connected,local-inventory-5eb7cbfc-302b-44bb-8892-ea601822261a,c4d78341-e311-da63-f9df-2cc6ecdd2f9c,"Jeska, Thrice Reborn",PUG-812617BD,available,1,,not_recorded,OYFH5P2RERI7ESLNDUNBK7SU,1,0,not_recorded,visibility=visible;status=available;sellable_quantity=1,not_recorded,0,synced,,website_projection_missing;square_count_mismatch;kiosk_projection_not_recorded
1,connected,local-inventory-07fdef38-72f7-4e3e-869e-5c3e4143f2b1,12ddce86-3b95-a716-4ff2-27f3438a2fce,Wyper,PUG-676859B7,sold,0,,not_recorded,GPEWJBAOLF26X5Z7XG3PJALD,0,1,not_recorded,visibility=visible;status=sold;sellable_quantity=0,not_recorded,0,pending:external_sync_state,,website_projection_missing;square_count_mismatch;kiosk_projection_not_recorded
1,connected,local-inventory-ea702b8e-eea1-405c-80e6-2ae4c943a0ed,aa640488-8bb0-c18b-cd01-42bf0525294c,Jeska's Will,PUG-5D7865E8,available,1,,not_recorded,DOEIGBR3EZOASLWQFD7DUJP7,1,1,not_recorded,visibility=visible;status=available;sellable_quantity=1,not_recorded,0,synced,,website_projection_missing;kiosk_projection_not_recorded
1,connected,local-inventory-7b475a72-1ed3-4db6-841c-e38745953cff,79975f7c-d4e5-56ee-a337-bc738de9d5b9,Unfair Stamp,PUG-AAEA009C,removed,0,,not_recorded,BLRFGRC7SIWQZXPDWI2FUNDI,0,0,not_recorded,visibility=hidden;status=removed;sellable_quantity=0,not_recorded,0,synced,,website_projection_missing;kiosk_projection_not_recorded
1,connected,local-inventory-a01c9f58-9740-4ca7-9243-e11f2e079e53,03f178cf-fcff-b50c-a249-2551d5981c6f,Karplusan Minotaur,PUG-028BE07C,available,1,,not_recorded,BAC7SKB3ATJBF27YOPL4HYEC,1,1,not_recorded,visibility=visible;status=available;sellable_quantity=1,not_recorded,0,no_sync_record,,website_projection_missing;kiosk_projection_not_recorded
1,connected,local-inventory-f29bdb27-caec-4343-af7a-58e3327f17c4,603eb964-eecc-5303-a94d-28db71765f34,Boa Hancock,PUG-CA2CBA35,available,1,,not_recorded,AFFKAIGSYZ4UX7Y3JFUCBVX7,1,1,not_recorded,visibility=visible;status=available;sellable_quantity=1,not_recorded,0,synced,,website_projection_missing;kiosk_projection_not_recorded
1,connected,local-inventory-0826774a-063a-4e83-9cdf-4d2e5c5efa2f,0ea2e650-b163-8ad1-45e7-87f522fbf749,Ms. All Sunday,PUG-2D1C1A3F,available,1,,not_recorded,PPBXBJB4WUWQJPI3PL6QQ3PW,1,0,not_recorded,visibility=visible;status=available;sellable_quantity=1,not_recorded,0,synced,,website_projection_missing;square_count_mismatch;kiosk_projection_not_recorded
1,connected,local-inventory-6928f313-ba4a-4e25-80f0-772a302edafa,256cb80b-cc97-2e52-fab4-160a9e5b277c,Legion Extruder,PUG-5F360621,available,1,,not_recorded,BPLMAGTYIX36UBG4Y6PWF5Y4,1,1,not_recorded,visibility=visible;status=available;sellable_quantity=1,not_recorded,0,synced,,website_projection_missing;kiosk_projection_not_recorded
1,connected,local-inventory-a84b3ba8-059b-4546-8d26-7193c3bd6c4d,73da60d8-7522-4238-2fcc-6f48319a063f,Boa Hancock,PUG-013960F8,available,1,status=available;quantity=1;online=visible;kiosk=visible,not_recorded,DAKRQBXNAC7GCYFKEJE3KNZP,1,1,not_recorded,visibility=visible;status=available;sellable_quantity=1,not_recorded,0,synced,,kiosk_projection_not_recorded
1,connected,local-inventory-1c0e6d31-2fd9-4b3e-9d4b-c9585f9665cc,411717cd-3978-43e7-7eed-f81539e18d5e,Mr. Briney's Compassion,PUG-C4B11A46,available,1,,not_recorded,EW2EJ4K7AX3J7KYVV32NVK4N,1,1,not_recorded,visibility=visible;status=available;sellable_quantity=1,not_recorded,0,synced,,website_projection_missing;kiosk_projection_not_recorded
1,connected,local-inventory-743107a8-7729-446a-b817-438ce7bb1db9,808e6d06-227d-b8f6-58bd-1550b29e6f90,Koala,PUG-7ECAFB65,available,1,,not_recorded,SKXZ5QB3P5PWOW6DOHUMYWNX,1,1,not_recorded,visibility=visible;status=available;sellable_quantity=1,not_recorded,0,synced,,website_projection_missing;kiosk_projection_not_recorded
1,connected,local-inventory-0bd6508b-1382-4a2c-b9bb-15493cb7e312,bf1000f8-8d09-2fac-529a-7a79b6b75971,Molten Echoes,PUG-ABB5E518,available,1,,not_recorded,Z6LLZ353A36TSW4PFMKYBNEN,1,1,not_recorded,visibility=visible;status=available;sellable_quantity=1,not_recorded,0,synced,,website_projection_missing;kiosk_projection_not_recorded
1,connected,local-inventory-a7672acb-e6d3-4dd7-a681-4ec2402b4794,d0e78625-9d2b-9047-ed37-97f5f183383e,Choice Band,PUG-CDF04E3F,available,1,,not_recorded,AXYXZVXA5COHHTKTTP6P7KOI,1,1,not_recorded,visibility=visible;status=available;sellable_quantity=1,not_recorded,0,no_sync_record,,website_projection_missing;kiosk_projection_not_recorded
1,connected,local-inventory-8ae94ed4-f2c1-4d86-8c41-13fadbe11c01,e3802d2c-1e1e-1129-7633-af3ab1141ecf,Monkey.D.Luffy,PUG-029FE993,available,1,,not_recorded,FTQLTSAZHPYFDFCTQIZ2VSYY,1,1,not_recorded,visibility=visible;status=available;sellable_quantity=1,not_recorded,0,synced,,website_projection_missing;kiosk_projection_not_recorded
1,connected,local-inventory-4428f51e-cc41-4303-9943-6051c5e0cc50,af3edadb-df82-30a6-f431-90ac03f1aaee,Molten Echoes,PUG-3F437EC7,available,1,,not_recorded,UYCMZNZ3P3VDD23J7WSK3QBL,1,1,not_recorded,visibility=visible;status=available;sellable_quantity=1,not_recorded,0,synced,,website_projection_missing;kiosk_projection_not_recorded
1,connected,local-inventory-05f8bd24-8c96-49b8-9beb-591dcc1be7f0,cc0abb0f-f64a-12ef-da04-5be304c587cd,Perona,PUG-B0AEE278,available,1,,not_recorded,XIYDX3OHW3IRTRC2FG5HRCNV,1,1,not_recorded,visibility=visible;status=available;sellable_quantity=1,not_recorded,0,synced,,website_projection_missing;kiosk_projection_not_recorded
1,connected,local-inventory-cd6c5801-3d5b-4e4f-a3fb-616ab75063af,b9affc20-972d-7e03-39fc-79990826328f,Mizzix's Mastery,PUG-7ABC3D94,sold,0,,not_recorded,V3UGMLWRULLIEODEO2UIG6MG,0,0,not_recorded,visibility=visible;status=sold;sellable_quantity=0,not_recorded,0,no_sync_record,,website_projection_missing;kiosk_projection_not_recorded
1,connected,local-inventory-f2845c8f-1759-479c-bdd4-857b2baa35dd,df5dbce1-e1f5-a921-88f2-efd75c83ba0d,Perona,PUG-1BC54478,available,1,status=available;quantity=1;online=visible;kiosk=visible,not_recorded,JRG5EAKFXPNVBS2OZDP4M6FB,1,1,not_recorded,visibility=visible;status=available;sellable_quantity=1,not_recorded,0,synced,,kiosk_projection_not_recorded
1,connected,local-inventory-ba477954-c2d4-46bb-aa04-744538864065,e7447495-8b3b-1369-cfd8-a2e332f3fcc4,N's Zoroark ex,PUG-F84EA793-01,available,1,status=available;quantity=1;online=visible;kiosk=visible,not_recorded,Z3LJBSAWRZJPEZ3REP3A3VGJ,1,1,not_recorded,visibility=visible;status=available;sellable_quantity=1,not_recorded,0,synced,,kiosk_projection_not_recorded
1,connected,local-inventory-80781134-d82a-4676-9870-ed4339d482ed,8ebb7f85-1c5d-3229-cabb-515ea1be2e7a,N's Zoroark ex,PUG-F84EA793-02,available,1,,not_recorded,IBO5VSJWKOLYPJOJ3VYKPW7T,1,1,not_recorded,visibility=visible;status=available;sellable_quantity=1,not_recorded,0,synced,,website_projection_missing;kiosk_projection_not_recorded
1,connected,local-inventory-6e89b195-0d9d-4679-9612-eefa1d00d2a9,460d18d6-e797-0373-3d9c-374f7e577448,Trafalgar Law,PUG-2F2F6EFE,available,1,,not_recorded,7KLRPBJQR3RYHVNOWPJZXRQ4,1,1,not_recorded,visibility=visible;status=available;sellable_quantity=1,not_recorded,0,synced,,website_projection_missing;kiosk_projection_not_recorded
1,connected,local-inventory-ce3fd23d-23e1-4da4-ac0c-8aae78fded16,df83d9f8-cba8-92b7-680d-71167c0cc95d,"Neheb, the Eternal",PUG-3A59C76E,available,1,,not_recorded,JL4QXHIOBBX7BP5FMQUSEYTK,1,1,not_recorded,visibility=visible;status=available;sellable_quantity=1,not_recorded,0,synced,,website_projection_missing;kiosk_projection_not_recorded
1,connected,local-inventory-f4d68e44-a9d4-463d-82b9-07ebb7a432de,30cba497-57d0-f031-c8b7-de0130002aae,Seal of Fire,PUG-ADA112B4,available,1,,not_recorded,CKIORFZNGWGTOM7YLYJVDQSP,1,1,not_recorded,visibility=visible;status=available;sellable_quantity=1,not_recorded,0,synced,,website_projection_missing;kiosk_projection_not_recorded
1,connected,local-inventory-9399382c-aaa4-4911-8029-561f4d64b912,9d8e6dc7-3e8e-bc5b-5ed0-8fffc7134a23,Emma,PUG-6FD82F4E,sold,1,,not_recorded,IBCVK3KGJYN4DDA32KEOFN54,0,0,not_recorded,visibility=visible;status=sold;sellable_quantity=0,not_recorded,0,synced,,website_projection_missing;kiosk_projection_not_recorded
1,connected,local-inventory-8377f5d4-e7a5-4642-8619-4b394e7e6bd2,bcfecade-f0c8-8719-7376-8d30fdbce728,Sundown Pass,PUG-1C8E1C28,sold,0,,not_recorded,YWWYW74CEE2O75A4SNCWZRYO,0,0,not_recorded,visibility=visible;status=sold;sellable_quantity=0,not_recorded,0,no_sync_record,,website_projection_missing;kiosk_projection_not_recorded
1,connected,local-inventory-cd59918f-e4c9-4c70-8683-19a5ec5f39b0,e06a4116-13c9-e895-da5e-8f5cee080c83,Seasoned Pyromancer,PUG-0F3AC4DF,available,1,,not_recorded,O2FWQ7G3UXNRNHB6ABS7PVXM,1,1,not_recorded,visibility=visible;status=available;sellable_quantity=1,not_recorded,0,synced,,website_projection_missing;kiosk_projection_not_recorded
1,connected,local-inventory-512e6edb-e3e8-4797-b9b8-471450bdc042,1264e972-20b2-38e6-b602-2753698a4a9e,Ting-Lu ex,PUG-97C40C08,removed,1,,not_recorded,Z4UAT7NGAVT2EDCZ3VKIQDPF,0,0,not_recorded,visibility=hidden;status=removed;sellable_quantity=0,not_recorded,0,synced,,website_projection_missing;kiosk_projection_not_recorded
1,connected,local-inventory-6235fbc9-e223-418b-8feb-54c5c4a9d48f,7e0485ec-b765-20b2-6c47-d368905b2900,Kingambit,PUG-D7F3A301,available,1,,not_recorded,TTHUSJC3C3WBYD5A6PYIYQ5F,1,1,not_recorded,visibility=visible;status=available;sellable_quantity=1,not_recorded,0,synced,,website_projection_missing;kiosk_projection_not_recorded
1,connected,local-inventory-03bb83bf-d417-402d-9a83-0dddf08fbe39,c26ad842-a8a9-73ae-e286-3c98015e3cfe,Seasoned Pyromancer,PUG-10FB3FBF-01,sold,0,,not_recorded,ISPY2ARG5OZEYE3EUTGVDFWL,0,0,not_recorded,visibility=visible;status=sold;sellable_quantity=0,not_recorded,0,no_sync_record,,website_projection_missing;kiosk_projection_not_recorded
1,connected,local-inventory-3ac1aac2-bdb4-4562-a3a1-8df6b0eb1ddf,8e5860cf-d132-113d-d956-84c63f992fa7,Seasoned Pyromancer,PUG-10FB3FBF-02,sold,0,,not_recorded,A6K4EVVUWHSTMW66LJ35XRBE,0,0,not_recorded,visibility=visible;status=sold;sellable_quantity=0,not_recorded,0,no_sync_record,,website_projection_missing;kiosk_projection_not_recorded
1,connected,local-inventory-c1464c35-d920-43f9-8305-412472e48a47,e188cb6e-82b6-ca0e-b929-d30f2889f56b,Seize the Day,PUG-63D47CB5,available,1,,not_recorded,FRFSRF5N6YUZGO3KPXQA4HRZ,1,1,not_recorded,visibility=visible;status=available;sellable_quantity=1,not_recorded,0,synced,,website_projection_missing;kiosk_projection_not_recorded
1,connected,local-inventory-b8f6ae95-f41f-401d-97fd-4ad8873f713f,6860a8a5-fb2c-82b7-3273-6489aa72b341,Bootleggers' Stash,PUG-4376EF57,sold,0,,not_recorded,CR6IMZ37H32M2Y5MDRPIY6HO,0,0,not_recorded,visibility=visible;status=sold;sellable_quantity=0,not_recorded,0,no_sync_record,,website_projection_missing;kiosk_projection_not_recorded
1,connected,local-inventory-a260c392-a04c-44b9-a9c1-1d7de3f831dd,34a3df42-adca-571e-3170-65dd9d65e44d,Shivan Dragon,PUG-F874C1B6,available,1,,not_recorded,2JLTHUTPWXPB7FLDDLG45G3J,1,1,not_recorded,visibility=visible;status=available;sellable_quantity=1,not_recorded,0,synced,,website_projection_missing;kiosk_projection_not_recorded
1,connected,local-inventory-83bd3cb2-286a-462b-94f0-43745a3a3067,69af1f05-c8f0-fb53-9c68-ffd9c813a757,Emeritus of Woe // Demonic Tutor,PUG-A3B896E4,available,1,,not_recorded,ZGMOXEH4TNTFWM5YSDW2QC2D,1,1,not_recorded,visibility=visible;status=available;sellable_quantity=1,not_recorded,0,synced,,website_projection_missing;kiosk_projection_not_recorded
1,connected,local-inventory-fd3d8ff5-bf80-4a96-8a30-9c743eee6450,1273687a-66ca-6324-bafd-1ceeef9480ca,Slickshot Show-Off,PUG-D944A9EC,available,1,,not_recorded,WIU7GHSRVAVX4AQQ4CFGCHSA,1,1,not_recorded,visibility=visible;status=available;sellable_quantity=1,not_recorded,0,synced,,website_projection_missing;kiosk_projection_not_recorded
1,connected,local-inventory-6c11b468-fd02-4322-a864-d43a02f7b8a0,58e8541c-2a17-9acc-29cd-1c5f012adb99,"Aurelia, the Warleader",PUG-072EC042,available,1,,not_recorded,BUAOAMI6JZVNHV7UKWARERET,1,0,not_recorded,visibility=visible;status=available;sellable_quantity=1,not_recorded,0,synced,,website_projection_missing;square_count_mismatch;kiosk_projection_not_recorded
1,connected,local-inventory-963099ab-cfce-4bc5-a8da-a9d49534f62f,c0fe20ae-3111-b983-dea7-12db4433d25b,Slickshot Show-Off,PUG-B2361307,available,1,,not_recorded,QL3PMQW3PEHLPDCZB7RGLRDA,1,1,not_recorded,visibility=visible;status=available;sellable_quantity=1,not_recorded,0,synced,,website_projection_missing;kiosk_projection_not_recorded
1,connected,local-inventory-068cd8bc-eaa4-4116-9619-5ea2d51734d1,028963e3-43d5-db92-5988-920d4b85fa1e,Slickshot Show-Off,PUG-0C672439,available,1,,not_recorded,3CDLBAPK4SD3IR23LV5FEY6H,1,1,not_recorded,visibility=visible;status=available;sellable_quantity=1,not_recorded,0,synced,,website_projection_missing;kiosk_projection_not_recorded
1,connected,local-inventory-8b0ad429-094f-4f6a-a5c5-db8e9565c199,ca279760-ef06-3715-7168-a48f147a1ac9,Harmonic Prodigy,PUG-62147E2B,available,1,,not_recorded,LH7667WBIFRDVYFLMEDU47FZ,1,1,not_recorded,visibility=visible;status=available;sellable_quantity=1,not_recorded,0,synced,,website_projection_missing;kiosk_projection_not_recorded
1,connected,local-inventory-57ef51e0-44ac-4718-8d8b-cd527874a7d8,0917c1f2-cb14-45c5-c011-f0c113e427bd,Sneak Attack,PUG-7872286D-01,available,1,,not_recorded,EU2RBN63SHHTC3CHU46BABQA,1,0,not_recorded,visibility=visible;status=available;sellable_quantity=1,not_recorded,0,synced,,website_projection_missing;square_count_mismatch;kiosk_projection_not_recorded
1,connected,local-inventory-d0e6cf38-1aec-49b7-9260-5b5192eeaf14,6ca5bb63-eb90-e576-3257-d91d924ff2ca,Sneak Attack,PUG-7872286D-02,available,1,,not_recorded,2CV2OE2VAQSCXO64ZZMHLC25,1,1,not_recorded,visibility=visible;status=available;sellable_quantity=1,not_recorded,0,synced,,website_projection_missing;kiosk_projection_not_recorded
1,connected,local-inventory-e18dd613-0f9b-440c-a8e5-c584106785ea,c44e7b01-11bb-2935-1a0e-ac15315f2525,Sneak Attack,PUG-7872286D-03,available,1,,not_recorded,KD47COAQDKP2HK46VHP4ZKPJ,1,1,not_recorded,visibility=visible;status=available;sellable_quantity=1,not_recorded,0,synced,,website_projection_missing;kiosk_projection_not_recorded
1,connected,local-inventory-cd80fa0b-54bd-451c-abd0-4d73f3a4716a,12ed910f-5644-f105-f0ad-7d407233eeb6,Sneak Attack,PUG-1174DCB9,available,1,,not_recorded,NS44OT5PFVCGTYVYPOU55B4R,1,1,not_recorded,visibility=visible;status=available;sellable_quantity=1,not_recorded,0,synced,,website_projection_missing;kiosk_projection_not_recorded
1,connected,local-inventory-de53cd75-f0d6-42ba-ae3c-f6bff1383d07,baa53f9e-2117-2fdb-75ea-e0603ce7d2e3,Restoration Seminar,PUG-37F51FB1,sold,0,,not_recorded,Q4677PAJ62UNUO456HEPSMM4,0,0,not_recorded,visibility=visible;status=sold;sellable_quantity=0,not_recorded,0,no_sync_record,,website_projection_missing;kiosk_projection_not_recorded
1,connected,local-inventory-4807fd35-d52c-44e3-8fff-62f4ac632a91,20b55817-e9d9-246d-7bee-4a1e362c7ce3,Durant ex,PUG-62047D58-01,sold,0,,not_recorded,UNIBI5PKVSRSWVGUJWOCTQET,0,0,not_recorded,visibility=visible;status=sold;sellable_quantity=0,not_recorded,0,no_sync_record,,website_projection_missing;kiosk_projection_not_recorded
1,connected,local-inventory-a0b13058-9bd5-472b-b1c1-54a493d8eb57,80c0f15b-07f0-04cb-d998-e734fcba8445,Durant ex,PUG-62047D58-02,available,1,,not_recorded,UBH6HFQGKJHYKBNG3L5J64QT,1,1,not_recorded,visibility=visible;status=available;sellable_quantity=1,not_recorded,0,no_sync_record,,website_projection_missing;kiosk_projection_not_recorded
1,connected,local-inventory-d3bdc7aa-c396-4dae-96fb-7a6f6d0e7f9c,48f69b4e-54aa-398e-472f-b5991398eb4f,Durant ex,PUG-62047D58-03,available,1,,not_recorded,RHTS4LGHORO5WOY2FYEYTNLE,1,1,not_recorded,visibility=visible;status=available;sellable_quantity=1,not_recorded,0,no_sync_record,,website_projection_missing;kiosk_projection_not_recorded
1,connected,local-inventory-e4a00ed3-e4d6-43a1-a90d-0689d96b2e7d,68482a8c-2447-2044-1d80-723c11d912fb,"Prismari, the Inspiration",PUG-754D3BD4,available,1,,not_recorded,7JB7VC6FYNO23IISPKIMQ2DR,1,0,not_recorded,visibility=visible;status=available;sellable_quantity=1,not_recorded,0,synced,,website_projection_missing;square_count_mismatch;kiosk_projection_not_recorded
1,connected,local-inventory-677006fc-5533-4222-8519-0f7cc75ca3a2,58752c5a-0ad1-ae55-cec6-1471a327d282,Soul Immolation,PUG-228D7274,available,1,,not_recorded,6NMNLSCOTP67OIRSC3SKUSKN,1,0,not_recorded,visibility=visible;status=available;sellable_quantity=1,not_recorded,0,no_sync_record,,website_projection_missing;square_count_mismatch;kiosk_projection_not_recorded
1,connected,local-inventory-9c5009e5-0c20-45cf-accf-8adf67324ea0,3b1ad4bc-51d7-4c41-c63e-3f413c1b8c58,Dark Charizard,PUG-F08D3B75,removed,1,,not_recorded,CBHXN2T64NEKYRU5SCC3LIPC,0,0,not_recorded,visibility=hidden;status=removed;sellable_quantity=0,not_recorded,0,synced,,website_projection_missing;kiosk_projection_not_recorded
1,connected,local-inventory-9de25b61-012a-45ea-bc32-f0d02e8e2a07,d57be473-4bc2-455a-e4c8-5d46644b8610,Celebi V,PUG-AFDD78CC,available,1,,not_recorded,QEKMEPHYI5H3WR5WIXGCHQ7H,1,1,not_recorded,visibility=visible;status=available;sellable_quantity=1,not_recorded,0,synced,,website_projection_missing;kiosk_projection_not_recorded
1,connected,local-inventory-46361b56-225d-4467-be73-a76a5ab22a57,116eb07b-1d23-10bb-7545-5765116f7bbb,Spiked Corridor // Torture Pit,PUG-CECD1BF6,available,1,,not_recorded,VWCN6ECLL5CMRBMDCJ5QAUMW,1,1,not_recorded,visibility=visible;status=available;sellable_quantity=1,not_recorded,0,synced,,website_projection_missing;kiosk_projection_not_recorded
1,connected,local-inventory-361609c4-ffa6-46ab-9f39-6e70c9f88505,d43bb244-1af9-52ba-e969-d5e20e2caea0,Celebi,PUG-0D183E7A,available,1,,not_recorded,ARIBFL7LIL5DV4S2JCYOYFYF,1,1,not_recorded,visibility=visible;status=available;sellable_quantity=1,not_recorded,0,synced,,website_projection_missing;kiosk_projection_not_recorded
1,connected,local-inventory-7ed2ca1e-dbc7-4ff6-af22-0a0e4df4b3f0,8d03ca34-8b8a-c37a-b9b1-1b1e04543a3b,Spiteful Banditry,PUG-8B436E36,available,1,,not_recorded,Y63SI4VTZ6OX2GJ4ZG4GBSJR,1,1,not_recorded,visibility=visible;status=available;sellable_quantity=1,not_recorded,0,synced,,website_projection_missing;kiosk_projection_not_recorded
1,connected,local-inventory-fc5dce2b-bde1-459e-b034-e483b49cbe89,43c4a350-d77e-86bd-c587-1b833a0ba4d1,Subterranean Tremors,PUG-EDD31EF4,available,1,,not_recorded,HXRN6JPMT6VGXMGRDKZDGZ6T,1,0,not_recorded,visibility=visible;status=available;sellable_quantity=1,not_recorded,0,synced,,website_projection_missing;square_count_mismatch;kiosk_projection_not_recorded
1,connected,local-inventory-df394394-5a3d-458f-ad3f-74d271c0d77e,b6c8cb08-9643-4b3f-ac31-8d2d7bdc1129,Venusaur ex,PUG-8641D50D,available,1,,not_recorded,WVMZ5NOUFEOOYKFC4MVPH5WY,1,1,not_recorded,visibility=visible;status=available;sellable_quantity=1,not_recorded,0,synced,,website_projection_missing;kiosk_projection_not_recorded
1,connected,local-inventory-e85eb1c4-ee00-4c70-8fa2-b3e7b3a5d301,788879ce-d2cd-3731-5ad1-72b1aced1a42,Blissey ex,PUG-EDE088A0,available,1,,not_recorded,7HTHL5U7OGOZWZ2EOFNU2XUU,1,0,not_recorded,visibility=visible;status=available;sellable_quantity=1,not_recorded,0,no_sync_record,,website_projection_missing;square_count_mismatch;kiosk_projection_not_recorded
1,connected,local-inventory-c9ddc2c2-dee7-4bf5-ad72-0a3299d02f7c,ea08bb19-f4b5-c3d9-d55a-ee7db08c5c2f,Entei V,PUG-77052C26,available,1,,not_recorded,NV57BG7HXKU3GNF7ETCNXJBT,1,1,not_recorded,visibility=visible;status=available;sellable_quantity=1,not_recorded,0,synced,,website_projection_missing;kiosk_projection_not_recorded
1,connected,local-inventory-3004309f-ede1-40b9-a6e9-c3a75dc5bd31,f956fff3-aa8f-b71c-0790-bce164b49fc3,Origin Forme Palkia VSTAR,PUG-31F9DAA1,available,1,,not_recorded,6MZ4HXEHMIQLX7EJAWW5I4GO,1,1,not_recorded,visibility=visible;status=available;sellable_quantity=1,not_recorded,0,synced,,website_projection_missing;kiosk_projection_not_recorded
1,connected,local-inventory-5a2bcc58-010c-475e-bb4d-c754887c58dd,5e633fba-ba7f-a56c-d246-8485bfc00549,"Varchild, Betrayer of Kjeldor",PUG-DF86444F,available,1,,not_recorded,VEBPOBPRGB57QGFJJMTE6OSV,1,1,not_recorded,visibility=visible;status=available;sellable_quantity=1,not_recorded,0,synced,,website_projection_missing;kiosk_projection_not_recorded
1,connected,local-inventory-2bfb5df4-aa4e-4af8-81cf-eaef67479e07,8c0695fe-c034-d1ea-e3fa-dbdfa0e322f9,Varchild's War-Riders,PUG-54417464,available,1,,not_recorded,QKDPIRL67CHEB24KV6IAETPM,1,1,not_recorded,visibility=visible;status=available;sellable_quantity=1,not_recorded,0,no_sync_record,,website_projection_missing;kiosk_projection_not_recorded
1,connected,local-inventory-b7b86251-be79-49fb-a4e3-3103f812a193,6759fe18-ab2a-d167-aefb-b1f93e5b31cd,War's Toll,PUG-7D6A719C,available,1,,not_recorded,YM2SQFFILDXWPI5YTVYAS3BZ,1,1,not_recorded,visibility=visible;status=available;sellable_quantity=1,not_recorded,0,synced,,website_projection_missing;kiosk_projection_not_recorded
1,connected,local-inventory-61af4530-d68d-48d3-8d16-ef9d7284775d,3aac250d-4df9-50b8-6981-81ffdc759f98,Simulacrum Synthesizer,PUG-0CE133B7,removed,1,,not_recorded,PCTI5RKV6EQ7NW3PXBDSYZKN,0,0,not_recorded,visibility=hidden;status=removed;sellable_quantity=0,not_recorded,0,synced,,website_projection_missing;kiosk_projection_not_recorded
1,connected,local-inventory-1257c601-ced5-42ea-8f5c-d5fd41f5d7db,b22952c2-75f7-4741-b098-2b81ad688760,"Ragavan, Nimble Pilferer",PUG-C5B07248,removed,0,,not_recorded,HVYKQXVQMAQNSMEJ3UP55T47,0,0,not_recorded,visibility=hidden;status=removed;sellable_quantity=0,not_recorded,0,synced,,website_projection_missing;kiosk_projection_not_recorded
1,connected,local-inventory-16640de0-72e7-49d1-92b9-f192949ffa0f,64be9330-d92b-6142-9b1c-fa316c8e0a9f,Carpet of Flowers,PUG-222F3CEF,sold,0,,not_recorded,TZBYDRFYJHDIXTQSF2SQ52CI,0,0,not_recorded,visibility=visible;status=sold;sellable_quantity=0,not_recorded,0,no_sync_record,,website_projection_missing;kiosk_projection_not_recorded
1,connected,local-inventory-d516eb97-668b-4c8f-98af-b7cf8b90d058,b454e4d3-8f9d-431e-b515-1d8b3c4fedc5,Twinflame Tyrant,PUG-B79AA4E2,available,1,,not_recorded,35KXUJLS4KR4DHU7LO5N7NJW,1,0,not_recorded,visibility=visible;status=available;sellable_quantity=1,not_recorded,0,synced,,website_projection_missing;square_count_mismatch;kiosk_projection_not_recorded
1,connected,local-inventory-8d8b3675-d9fc-4535-b700-a9d9bc7cad4d,285f03e5-7c15-e175-d617-968e4d56a2be,Twinflame Tyrant,PUG-774FEF1F,available,1,,not_recorded,CUN5WWVODFXNXND2JLYPIFDU,1,1,not_recorded,visibility=visible;status=available;sellable_quantity=1,not_recorded,0,synced,,website_projection_missing;kiosk_projection_not_recorded
1,connected,local-inventory-4501ea41-c8b6-4d9b-ae09-c6c82ae73e87,d6098d97-44e0-b055-26e1-85bc79e8abf3,"Bladewing, Deathless Tyrant",PUG-6AB811B5,available,1,,not_recorded,IURBFTVSNCNKHZSYMMDEVJNC,1,0,not_recorded,visibility=visible;status=available;sellable_quantity=1,not_recorded,0,synced,,website_projection_missing;square_count_mismatch;kiosk_projection_not_recorded
1,connected,local-inventory-15e84cbd-43ca-4c36-a769-f5634d397fdd,746560e7-7d4f-8bf2-930b-0df315a45c62,Miss.Valentine(Mikita),PUG-5E7C078D,available,1,,not_recorded,LMDTXP6JVK5Y4U5QSSVHUZJZ,1,1,not_recorded,visibility=visible;status=available;sellable_quantity=1,not_recorded,0,synced,,website_projection_missing;kiosk_projection_not_recorded
1,connected,local-inventory-6b7dbef1-c0bc-4c7a-8681-da4bf1f56fce,7663971d-949d-1cdf-7a31-f3bfdbf53ab9,"Minas Morgul, Dark Fortress",PUG-C85E648C,available,1,,not_recorded,X74VCQRDYVZYCDG72PURJAWB,1,0,not_recorded,visibility=visible;status=available;sellable_quantity=1,not_recorded,0,synced,,website_projection_missing;square_count_mismatch;kiosk_projection_not_recorded
1,connected,local-inventory-34c63ea0-fde9-458b-b846-7c19ebadedbd,754a10f8-d39a-400f-7920-621a35bfef0f,Silvers Rayleigh,PUG-62D92CB7,available,1,,not_recorded,USTQL4Q47MXZPTRLHMW72FJZ,1,1,not_recorded,visibility=visible;status=available;sellable_quantity=1,not_recorded,0,synced,,website_projection_missing;kiosk_projection_not_recorded
1,connected,local-inventory-04991706-724d-481a-a75d-5ea9f7f9a70a,7b0b66b8-b70f-6258-6bb6-ec87f8da51ba,Tashigi,PUG-E3A96762,available,1,,not_recorded,ATN33VHXGPM5GOQJLSYTDVCR,1,0,not_recorded,visibility=visible;status=available;sellable_quantity=1,not_recorded,0,synced,,website_projection_missing;square_count_mismatch;kiosk_projection_not_recorded
1,connected,local-inventory-4716e25e-1ec8-4420-b2b4-d8bbe903b0b0,53a4b7b6-c8d6-1396-e4d5-eab9123a4610,"Eustass""Captain""Kid",PUG-325206F4,available,1,,not_recorded,KTAW42JNDCNX5ELTTN3K7B2P,1,1,not_recorded,visibility=visible;status=available;sellable_quantity=1,not_recorded,0,no_sync_record,,website_projection_missing;kiosk_projection_not_recorded
1,connected,local-inventory-5a723472-c5e6-448b-9fb2-63d2138c5246,9836412f-69b9-0977-3948-65b13bcf618a,"Zuko, Firebending Master",PUG-21BDCC1F,available,1,,not_recorded,PJ4YMMMCXPZRT5VQTYBEXQJG,1,1,not_recorded,visibility=visible;status=available;sellable_quantity=1,not_recorded,0,synced,,website_projection_missing;kiosk_projection_not_recorded
1,connected,local-inventory-969b4d07-a755-4062-b06d-b16b1b875171,56407341-d368-41aa-f795-25b4293ed45b,Aladine,PUG-6B5E560E-01,available,1,,not_recorded,DHPZE57VL6EGDWX6TJZ6CPAB,1,1,not_recorded,visibility=visible;status=available;sellable_quantity=1,not_recorded,0,synced,,website_projection_missing;kiosk_projection_not_recorded
1,connected,local-inventory-a098d86e-d434-4ef5-b7ef-5218ac38f14d,9419cf7f-38f5-5161-22ac-46ce212f15aa,Aladine,PUG-6B5E560E-02,available,1,,not_recorded,Q7HDJF4IS46U6ENEPHR45FSB,1,1,not_recorded,visibility=visible;status=available;sellable_quantity=1,not_recorded,0,synced,,website_projection_missing;kiosk_projection_not_recorded
1,connected,local-inventory-81289679-19ef-441c-b9b3-9fb71c855a59,6bee3585-200b-d4ca-33a2-5c46594c929f,ピカチュウ,PUG-14D2073C,available,1,,not_recorded,4AGTRDDBWS7N6Z2BH7IZ3FBC,1,1,not_recorded,visibility=visible;status=available;sellable_quantity=1,not_recorded,0,synced,,website_projection_missing;kiosk_projection_not_recorded
1,connected,local-inventory-78e504da-267e-45e0-86de-f31d61c8ea07,0ba440e5-3187-ca0e-4d18-97622d7865e1,Cufant,PUG-81339085-01,available,1,,not_recorded,3MB7QUI3LZKDJ6BMCRCZCAPW,1,1,not_recorded,visibility=visible;status=available;sellable_quantity=1,not_recorded,0,synced,,website_projection_missing;kiosk_projection_not_recorded
1,connected,local-inventory-128e9efa-ec19-449a-954a-b937704522d2,4f0483ea-5913-aeb4-9a5b-d54acde51bc7,Cufant,PUG-81339085-02,available,1,,not_recorded,YVP2YSLVC2G2LYQGKH7ZY35S,1,1,not_recorded,visibility=visible;status=available;sellable_quantity=1,not_recorded,0,synced,,website_projection_missing;kiosk_projection_not_recorded
1,connected,local-inventory-acb919e0-a404-4537-a86d-9efad532e408,1a3f3523-daa0-1764-f5a9-0c441af48aec,Cufant,PUG-81339085-03,available,1,,not_recorded,ZQJB6KAOE7TGTBHSJTHLHXHF,1,1,not_recorded,visibility=visible;status=available;sellable_quantity=1,not_recorded,0,synced,,website_projection_missing;kiosk_projection_not_recorded
1,connected,local-inventory-e14067c5-cba8-4ee0-afc9-eb35db14eec7,8005da5a-b560-f4b3-5912-e0727445ccec,Cufant,PUG-81339085-04,available,1,,not_recorded,4YZLZ3VOALRUQDJRKVINR3QP,1,1,not_recorded,visibility=visible;status=available;sellable_quantity=1,not_recorded,0,synced,,website_projection_missing;kiosk_projection_not_recorded
1,connected,local-inventory-74dd1f07-f1cb-4904-90b1-97d4a705655d,cd27abf2-8581-6b05-398f-6074057d5ced,Cufant,PUG-81339085-05,available,1,,not_recorded,TOTDTUEAQIGFAVQZK7FR4AHA,1,1,not_recorded,visibility=visible;status=available;sellable_quantity=1,not_recorded,0,synced,,website_projection_missing;kiosk_projection_not_recorded
1,connected,local-inventory-7e8662b0-889a-493a-adeb-26b889614d98,9540edaa-860d-a04a-9661-033aa787903e,Cufant,PUG-81339085-06,available,1,,not_recorded,RDMQ7QZLP5UWZVKIV55GHDUT,1,1,not_recorded,visibility=visible;status=available;sellable_quantity=1,not_recorded,0,synced,,website_projection_missing;kiosk_projection_not_recorded
1,connected,local-inventory-3acefe09-73e4-4315-a94f-aff10f1d9bb4,5c213959-cd00-1de2-6880-535da10d7b82,リザードンex,PUG-98A17872-01,available,1,,not_recorded,BACBPGM3A67RDXOKPC7KUZFV,1,1,not_recorded,visibility=visible;status=available;sellable_quantity=1,not_recorded,0,synced,,website_projection_missing;kiosk_projection_not_recorded
1,connected,local-inventory-76b6774c-8f2e-4429-bb64-b7e0dd49f14b,a036d7a8-a5cd-f169-5ca1-3b09758837f6,リザードンex,PUG-98A17872-02,available,1,,not_recorded,RJGRIVEC63ESJNWYRMZGEOLO,1,1,not_recorded,visibility=visible;status=available;sellable_quantity=1,not_recorded,0,synced,,website_projection_missing;kiosk_projection_not_recorded
1,connected,local-inventory-16e075a6-ed8b-48bb-a1b3-ee23f4dd1a6d,44b3570d-cfba-e127-a903-948b4cba014a,リザードンex,PUG-98A17872-03,available,1,,not_recorded,WWWRRWXG2ML6COFSEB33P6KD,1,1,not_recorded,visibility=visible;status=available;sellable_quantity=1,not_recorded,0,synced,,website_projection_missing;kiosk_projection_not_recorded
1,connected,local-inventory-5ced3238-e498-438a-b809-deb294bee84d,44e0c136-6a88-b08a-b6ba-474f99d870a4,リザードンex,PUG-98A17872-04,available,1,,not_recorded,DXONMSRON2IITAIJ3T6WXDTG,1,1,not_recorded,visibility=visible;status=available;sellable_quantity=1,not_recorded,0,synced,,website_projection_missing;kiosk_projection_not_recorded
1,connected,local-inventory-384711f5-2017-4eab-8917-c8cf77762c0a,3058bd48-708b-c245-b682-c62f7173a86c,Birds of Paradise // Birds of Paradise,PUG-DA2831F1,available,1,,not_recorded,NR6UGVPUWOEFMUS6IFSK2QHR,1,1,not_recorded,visibility=visible;status=available;sellable_quantity=1,not_recorded,0,synced,,website_projection_missing;kiosk_projection_not_recorded
1,connected,local-inventory-981974fe-2e61-42cf-9431-51b79c0d9be0,f365b3d4-9c7d-264e-9603-80dffbc1a98c,Berserk,PUG-01F3AFB1,available,1,,not_recorded,RRWENOP6WNR6MI53VP6N3BNS,1,1,not_recorded,visibility=visible;status=available;sellable_quantity=1,not_recorded,0,synced,,website_projection_missing;kiosk_projection_not_recorded
1,connected,local-inventory-695751ad-5949-4b20-9d98-1408071b4c48,edbd4ee4-d547-5e13-4dfd-3d951d30f244,Carpet of Flowers,PUG-B30C79DF,available,1,,not_recorded,262SBVNGTS2WY5Z7M7EFEZTO,1,1,not_recorded,visibility=visible;status=available;sellable_quantity=1,not_recorded,0,synced,,website_projection_missing;kiosk_projection_not_recorded
1,connected,local-inventory-b09536f1-46a4-4b37-80bf-f20ca6bad432,02ecd3b0-7e08-77bc-f465-5d320610add0,フェローチェ&マッシブーンGX,PUG-371B5D07,removed,1,,not_recorded,,,,not_recorded,visibility=hidden;status=removed;sellable_quantity=0,not_recorded,0,synced,,website_projection_missing;kiosk_projection_not_recorded
1,connected,local-inventory-25299dfc-9b54-4a2d-9789-72a1ac8ade47,3cbe0b9a-4042-fc1c-977b-4078d1749d24,Conduit of Worlds,PUG-3FA8E6FE,available,1,,not_recorded,KS4KUNYFHVWDMLSWEAP3WJ6C,1,1,not_recorded,visibility=visible;status=available;sellable_quantity=1,not_recorded,0,no_sync_record,,website_projection_missing;kiosk_projection_not_recorded
1,connected,local-inventory-3165c9ec-ae2f-4de5-ba35-3baa581dbe56,e073638e-a74c-4566-b956-3dfc89fa81c5,フェローチェ&マッシブーンGX,PUG-E8457081-01,sold,0,,not_recorded,6ZB2MGSRB4PAUSCPJKCPKXPI,0,0,not_recorded,visibility=visible;status=sold;sellable_quantity=0,not_recorded,0,synced,,website_projection_missing;kiosk_projection_not_recorded
1,connected,local-inventory-ae14ccd0-4d5d-40d4-a62f-36c2395f8fe1,84d1eed6-fc86-ce53-55f6-69885c33b49b,フェローチェ&マッシブーンGX,PUG-E8457081-02,removed,1,,not_recorded,,,,not_recorded,visibility=hidden;status=removed;sellable_quantity=0,not_recorded,0,synced,,website_projection_missing;kiosk_projection_not_recorded
1,connected,local-inventory-575b4196-4123-49f0-bc15-2aeb8cf368bc,a885b562-99c1-1f73-1676-373632ef79f5,フェローチェ&マッシブーンGX,PUG-E8457081-03,removed,0,,not_recorded,,,,not_recorded,visibility=hidden;status=removed;sellable_quantity=0,not_recorded,0,synced,,website_projection_missing;kiosk_projection_not_recorded
1,connected,local-inventory-e7332f47-6a07-414f-95c5-eead33ea0ee0,8ee3f46a-da82-12da-e2b0-00a145f187d2,フェローチェ&マッシブーンGX,PUG-E8457081-04,removed,0,,not_recorded,,,,not_recorded,visibility=hidden;status=removed;sellable_quantity=0,not_recorded,0,synced,,website_projection_missing;kiosk_projection_not_recorded
1,connected,local-inventory-23b55512-0d72-4eee-8423-27c09344691f,b5860dff-4797-853a-46a0-fd6c1a394290,Elvish Reclaimer,PUG-41764223,removed,1,,not_recorded,,,,not_recorded,visibility=hidden;status=removed;sellable_quantity=0,not_recorded,0,synced,,website_projection_missing;kiosk_projection_not_recorded
1,connected,local-inventory-7bd77c6e-4503-4079-a1ca-8358cce84c3b,2cf0149b-32c1-d759-9452-2327c9478a25,フェローチェ&マッシブーンGX,PUG-CF316772,sold,0,,not_recorded,O533VKDXM7BHASD74TSQHNJI,0,0,not_recorded,visibility=visible;status=sold;sellable_quantity=0,not_recorded,0,synced,,website_projection_missing;kiosk_projection_not_recorded
1,connected,local-inventory-98c6368e-ab52-43cb-bde1-a8d8d4ebaa65,b6f466f4-d82f-460c-fe36-7281411b2a7e,Enduring Vitality,PUG-F18CBC67-01,removed,2,,not_recorded,,,,not_recorded,visibility=hidden;status=removed;sellable_quantity=0,not_recorded,0,synced,,website_projection_missing;kiosk_projection_not_recorded
1,connected,local-inventory-647d1cd1-9f73-4726-b58d-ad1d9c4aac9d,c81644c5-701f-1789-c891-35fcb3535220,Enduring Vitality,PUG-F18CBC67-02,removed,0,,not_recorded,,,,not_recorded,visibility=hidden;status=removed;sellable_quantity=0,not_recorded,0,synced,,website_projection_missing;kiosk_projection_not_recorded
1,connected,local-inventory-1d28fc9b-ecc5-4452-b577-494bc350db37,9bb80c06-a948-71f8-a6f0-d0e3cd5b36f7,Enduring Vitality,PUG-A4B5ABC1,available,1,,not_recorded,35BZBRMH3U2FMW46YSNXZLSD,1,1,not_recorded,visibility=visible;status=available;sellable_quantity=1,not_recorded,0,synced,,website_projection_missing;kiosk_projection_not_recorded
1,connected,local-inventory-b3877d5f-cf64-451c-9bc0-bec879e3777b,b3b5ffae-9b94-b58a-b016-5fc6d6ca7c9a,フェローチェ&マッシブーンGX,PUG-EF8C0A57,removed,0,,not_recorded,,,,not_recorded,visibility=hidden;status=removed;sellable_quantity=0,not_recorded,0,synced,,website_projection_missing;kiosk_projection_not_recorded
1,connected,local-inventory-50e44c3c-4ecd-40af-beed-f896f7c4118a,85c35f88-4e69-a8f5-d72f-7689dc055972,Enduring Vitality,PUG-23C3ECEB,sold,0,,not_recorded,EVCUMETFD2LFP3NFWFHB7JM5,0,0,not_recorded,visibility=visible;status=sold;sellable_quantity=0,not_recorded,0,no_sync_record,,website_projection_missing;kiosk_projection_not_recorded
1,connected,local-inventory-68978795-c2a3-4dad-be33-250291733b8c,4fb00bf9-9235-c3bb-1e89-0e71a566edbb,フェローチェ&マッシブーンGX,PUG-A81F7558,available,1,,not_recorded,OWCO35FZFMOM53YWZAW3JWRS,1,1,not_recorded,visibility=visible;status=available;sellable_quantity=1,not_recorded,0,synced,,website_projection_missing;kiosk_projection_not_recorded
1,connected,local-inventory-3f25635c-ebb5-4d51-9076-ff9e753c9f50,fb9e7ae1-ad68-3f72-a8e2-3b1454e4417c,Exploration,PUG-A8A79B0F,available,1,,not_recorded,CZMKTPYLLVVSIO2YUTT7CPUJ,1,1,not_recorded,visibility=visible;status=available;sellable_quantity=1,not_recorded,0,synced,,website_projection_missing;kiosk_projection_not_recorded
1,connected,local-inventory-3bbb731f-101a-4d38-ba0b-8f6b4b2cb08d,833ee51c-4d81-75b3-fe75-13624627765e,Fanatic of Rhonas,PUG-A08E47D2,sold,0,,not_recorded,BTVLR6W64Z5HYKHZWY2E3OWJ,0,0,not_recorded,visibility=visible;status=sold;sellable_quantity=0,not_recorded,0,no_sync_record,,website_projection_missing;kiosk_projection_not_recorded
1,connected,local-inventory-57139038-044f-4eda-ad8f-9d4dd431879a,c1e7e54d-939d-1082-df17-e77090ae0a4f,"Ghalta, Stampede Tyrant",PUG-7EC4734B,available,1,,not_recorded,4AI7KWGAUPFVBYBY745DOA4G,1,1,not_recorded,visibility=visible;status=available;sellable_quantity=1,not_recorded,0,synced,,website_projection_missing;kiosk_projection_not_recorded
1,connected,local-inventory-d19f177a-a4d6-4e17-87e1-0ae5bcfacdd2,9927718f-bfd9-3657-2d3a-3bb286c40a6a,Glimpse of Nature,PUG-301A630B,available,1,,not_recorded,IRX5YSDD54PFNT7KOFWEYVYK,1,1,not_recorded,visibility=visible;status=available;sellable_quantity=1,not_recorded,0,synced,,website_projection_missing;kiosk_projection_not_recorded
1,connected,local-inventory-918231f0-16cc-445b-8d5d-b537f0bfa23b,a2e42175-ddb7-92b1-213f-fab4314d46ea,Hall of Gemstone,PUG-89A044D6,available,1,,not_recorded,V56L4EFLEVXZ5GN3KVSTM73M,1,1,not_recorded,visibility=visible;status=available;sellable_quantity=1,not_recorded,0,synced,,website_projection_missing;kiosk_projection_not_recorded
1,connected,local-inventory-5963083c-3733-4b0d-9260-e4d793ef8743,bb95fcae-46ef-18d0-8475-c0cb1119a08d,Hatchery Sliver,PUG-2F4977E8,available,1,,not_recorded,PDOYWJJRXIR2ALYZ3MYW3MMV,1,1,not_recorded,visibility=visible;status=available;sellable_quantity=1,not_recorded,0,synced,,website_projection_missing;kiosk_projection_not_recorded
1,connected,local-inventory-f133fdb7-2d66-4bff-a4ae-70e595ce8fb6,f804dd0c-be37-c47e-9707-8c91adbc9b3e,Hidden Gibbons,PUG-4C2755D6-01,available,1,,not_recorded,BGXWTMMQ4F6XRJ23EKR33SZF,1,1,not_recorded,visibility=visible;status=available;sellable_quantity=1,not_recorded,0,synced,,website_projection_missing;kiosk_projection_not_recorded
1,connected,local-inventory-b27cbe4d-13a8-4a2b-ae2a-ded9ccbaa5b6,c165d63f-d89e-0d61-8af8-bbd19ea097f6,Hidden Gibbons,PUG-4C2755D6-02,available,1,,not_recorded,HE5SEJTIQP2RJCRUK4MJQX7E,1,1,not_recorded,visibility=visible;status=available;sellable_quantity=1,not_recorded,0,synced,,website_projection_missing;kiosk_projection_not_recorded
1,connected,local-inventory-f0497cb6-0aee-4bc2-a03d-6c12c1c4fa76,b1e05927-051c-de09-55b0-2e1ca58b3729,"Nissa, Resurgent Animist",PUG-D88C7B48,available,1,,not_recorded,EQP7UYOIJYKGDQQX7U6CYJTT,1,1,not_recorded,visibility=visible;status=available;sellable_quantity=1,not_recorded,0,synced,,website_projection_missing;kiosk_projection_not_recorded
1,connected,local-inventory-4181b1b5-ba69-4f5e-8ad1-04bc0bd20435,b0844b9b-b062-69f3-3b90-9e8f2a5dba80,"Ozolith, the Shattered Spire",PUG-A1FFCD5A,available,1,,not_recorded,EFINKZ6TTMB2RJSTOKQKNF6J,1,1,not_recorded,visibility=visible;status=available;sellable_quantity=1,not_recorded,0,synced,,website_projection_missing;kiosk_projection_not_recorded
1,connected,local-inventory-65390292-2b6a-4fba-ac0a-27505b7bb07e,699855ff-3207-95ea-8e86-d87163df76f4,Parallel Lives,PUG-47A190B6,available,1,,not_recorded,KDO6BCHX6ONBAB2NW2S22GYK,1,1,not_recorded,visibility=visible;status=available;sellable_quantity=1,not_recorded,0,synced,,website_projection_missing;kiosk_projection_not_recorded
1,connected,local-inventory-5a908e82-ad0d-484a-9f7c-27942f98f064,b78dd8ea-7678-0a89-8164-706411714280,Polyraptor,PUG-B5B4A47E,available,1,,not_recorded,YYCHURFOVOAP3EBDLQ3W4O6E,1,1,not_recorded,visibility=visible;status=available;sellable_quantity=1,not_recorded,0,synced,,website_projection_missing;kiosk_projection_not_recorded
1,connected,local-inventory-8789dd0e-c454-438d-8e3c-dbaa2ffc91b6,a5cd2699-e1dd-9a50-2017-30484a60bc6e,Primalcrux,PUG-C84963E5,available,1,,not_recorded,XL2E62YLAR2M63PARMGT2HT3,1,0,not_recorded,visibility=visible;status=available;sellable_quantity=1,not_recorded,0,synced,,website_projection_missing;square_count_mismatch;kiosk_projection_not_recorded
1,connected,local-inventory-27e2f768-9e27-4404-9bd7-abae8b05df90,b7bd1fba-2726-6a48-0ea3-40b0f58ef518,Revelation,PUG-64164EE8,available,1,,not_recorded,UUKGADASYFP5V4PAPK2NU3WW,1,1,not_recorded,visibility=visible;status=available;sellable_quantity=1,not_recorded,0,synced,,website_projection_missing;kiosk_projection_not_recorded
1,connected,local-inventory-4b5a19eb-cfb6-4670-9a02-045497a17b26,f0d1bd73-8e05-fa57-6a9d-d436bbcb0bd2,Mewtwo,PUG-B4A7C923,available,1,,not_recorded,OSEWR7U4JHXJUXMRILDLDCOK,1,1,not_recorded,visibility=visible;status=available;sellable_quantity=1,not_recorded,0,synced,,website_projection_missing;kiosk_projection_not_recorded
1,connected,local-inventory-ac023d97-5aed-437b-8446-013261be06a2,82e08014-dee9-8aa2-4460-7b70adb46cc4,Sylvan Library,PUG-D9B8EAA0,available,1,,not_recorded,HCKNVHHNRSKRCBUYKSGOEJMI,1,1,not_recorded,visibility=visible;status=available;sellable_quantity=1,not_recorded,0,no_sync_record,,website_projection_missing;kiosk_projection_not_recorded
1,connected,local-inventory-258e2ff5-881b-4abc-b755-3c57e6fee43d,6ab12cf1-2476-ad96-8209-f1a997df2a38,Greninja ☆,PUG-7D92C89E,sold,0,,not_recorded,2R2XEPOEJJTRPPNWR47FMW2P,0,0,not_recorded,visibility=visible;status=sold;sellable_quantity=0,not_recorded,0,synced,,website_projection_missing;kiosk_projection_not_recorded
1,connected,local-inventory-31513de9-c2e8-45cf-9183-afe3dc94219c,2abb5a00-b6f4-dd44-78a3-c0b213811710,Three Visits,PUG-EC2FA6DA,removed,1,,not_recorded,,,,not_recorded,visibility=hidden;status=removed;sellable_quantity=0,not_recorded,0,synced,,website_projection_missing;kiosk_projection_not_recorded
1,connected,local-inventory-1e123a93-dc39-4ef1-b5ba-5e4a636c1272,e1131de0-36b0-4288-6d07-8528afaa9983,Three Visits,PUG-BD6619A7,available,1,,not_recorded,GYHBMM7J2SON53G2ULFP7C3F,1,1,not_recorded,visibility=visible;status=available;sellable_quantity=1,not_recorded,0,synced,,website_projection_missing;kiosk_projection_not_recorded
1,connected,local-inventory-4dc772c4-bd60-47d4-bbbd-a91b900febc2,92845592-b1fa-a66a-f8e6-371206693c9d,Espeon ex,PUG-69108E77-01,sold,0,,not_recorded,DARLCYTQMT2PTK5C6IOUZOJA,0,0,not_recorded,visibility=visible;status=sold;sellable_quantity=0,not_recorded,0,no_sync_record,,website_projection_missing;kiosk_projection_not_recorded
1,connected,local-inventory-ab781505-e24f-4453-ac49-a1d58a7d59aa,0abcacb5-8962-0095-7952-3d4f58f39fe2,Espeon ex,PUG-69108E77-02,available,1,status=available;quantity=1;online=visible;kiosk=visible,not_recorded,5KI5HMOSPW33TQDBPKZCEP7Z,1,1,not_recorded,visibility=visible;status=available;sellable_quantity=1,not_recorded,0,synced,,kiosk_projection_not_recorded
1,connected,local-inventory-0efbb362-0b50-44fc-adac-78f1e1d07dce,ac419b6e-9a22-c5f6-dca3-d64b1c3ee761,Vengevine,PUG-B3E963BA,removed,0,,not_recorded,,,,not_recorded,visibility=hidden;status=removed;sellable_quantity=0,not_recorded,0,synced,,website_projection_missing;kiosk_projection_not_recorded
1,connected,local-inventory-a990c715-3185-4398-a17d-ef92112ffbb7,52f0c23a-2361-8160-e905-9801d145d9b3,Umbreon ex,PUG-2482EDB6,sold,0,,not_recorded,45QHHOZRAHPGSHOKU73O4VRI,0,0,not_recorded,visibility=visible;status=sold;sellable_quantity=0,not_recorded,0,no_sync_record,,website_projection_missing;kiosk_projection_not_recorded
1,connected,local-inventory-bdd73787-da0b-4662-a26a-b9379647856a,2e72f2df-7e0d-7c99-49d4-4b7bf8118a36,Vengevine,PUG-6F52E705,available,1,,not_recorded,LRAR3OLWRJVQ64KUCRYNTSRM,1,1,not_recorded,visibility=visible;status=available;sellable_quantity=1,not_recorded,0,synced,,website_projection_missing;kiosk_projection_not_recorded
1,connected,local-inventory-c47c14a7-3fa6-426d-b929-e8ded27d25ef,3a8b19ba-5f21-b5f7-a617-008e108519d0,Vengevine,PUG-89E747B1-01,available,1,,not_recorded,QN6HUZZPG7ZINJUCPDNFPTQQ,1,1,not_recorded,visibility=visible;status=available;sellable_quantity=1,not_recorded,0,synced,,website_projection_missing;kiosk_projection_not_recorded
1,connected,local-inventory-5dcb72d6-2545-4795-9843-b68d0fa6264f,01ea684b-b8e4-7928-6b7b-08ecf4af4b98,Vengevine,PUG-89E747B1-02,available,1,,not_recorded,ZX2TUARSUASUK5SDSU4FQ7LZ,1,1,not_recorded,visibility=visible;status=available;sellable_quantity=1,not_recorded,0,synced,,website_projection_missing;kiosk_projection_not_recorded
1,connected,local-inventory-ea9fd4f7-0e8a-465c-a01c-6abf34c157f7,5d9749b5-f783-ac9b-6675-6fe89e3621a3,Beast Whisperer,PUG-97250FFB,sold,0,,not_recorded,QGC3UBXZPPHUGECGWQD4LVL7,0,0,not_recorded,visibility=visible;status=sold;sellable_quantity=0,not_recorded,0,no_sync_record,,website_projection_missing;kiosk_projection_not_recorded
1,connected,local-inventory-782b07e1-8e8f-46de-afc9-d6b46b978912,ceffa942-252a-3f41-438a-84bc8710396d,Sanctum Weaver,PUG-9A24C264-01,available,1,,not_recorded,WQQAGPD5EDIUSMNO7SNZNP34,1,1,not_recorded,visibility=visible;status=available;sellable_quantity=1,not_recorded,0,synced,,website_projection_missing;kiosk_projection_not_recorded
1,connected,local-inventory-57fe887f-11b5-47e7-b0a5-0ccf7765f6ce,f1e228be-3c58-fd21-5dbd-f3141ec3bf69,Sanctum Weaver,PUG-9A24C264-02,available,1,,not_recorded,PWPFGDTNDA3A7W57EQOPLQI3,1,1,not_recorded,visibility=visible;status=available;sellable_quantity=1,not_recorded,0,synced,,website_projection_missing;kiosk_projection_not_recorded
1,connected,local-inventory-6f7d022d-095c-4177-95e9-3616b3b486fe,135fd5e0-b5d5-5ead-c442-dd1785d6e642,Sanctum Weaver,PUG-EA0A51E5,available,1,,not_recorded,YK5IAWYRAAOJV3WQ5DUBVSJY,1,1,not_recorded,visibility=visible;status=available;sellable_quantity=1,not_recorded,0,synced,,website_projection_missing;kiosk_projection_not_recorded
1,connected,local-inventory-affa9418-ff8e-4082-8faa-fc3e6cfba3f9,70772a7f-8c25-c4d9-df76-2f1b0859a5d5,Entei,PUG-E70AA368,sold,0,,not_recorded,YDYHXXKK3DOL5PU6C273OADN,0,0,not_recorded,visibility=visible;status=sold;sellable_quantity=0,not_recorded,0,no_sync_record,,website_projection_missing;kiosk_projection_not_recorded
1,connected,local-inventory-6d0201a7-0f74-45ab-af09-da42e122809e,5964d58a-93ff-f653-50ea-e2fe3fc6c030,"Anikthea, Hand of Erebos",PUG-676910EB,available,1,,not_recorded,V3TZBLFNADLNBN7DX4DKB3LJ,1,1,not_recorded,visibility=visible;status=available;sellable_quantity=1,not_recorded,0,synced,,website_projection_missing;kiosk_projection_not_recorded
1,connected,local-inventory-e17c88e0-a980-4632-93b1-768042a7b932,a5b9897d-4d4c-74be-e692-a848ee61744d,Pikachu,PUG-AB78ED17,available,1,,not_recorded,3S45FJCSSZO55MMZC7KQ73Z7,1,1,not_recorded,visibility=visible;status=available;sellable_quantity=1,not_recorded,0,synced,,website_projection_missing;kiosk_projection_not_recorded
1,connected,local-inventory-a66f97b1-6782-4821-87f4-c74fd9f5dc6d,ba96af60-7750-56d9-aa93-f39ae582015d,Charizard V,PUG-F12469B2,available,1,,not_recorded,KYIITJPCU7SDJ6RQJB7IVBOU,1,1,not_recorded,visibility=visible;status=available;sellable_quantity=1,not_recorded,0,synced,,website_projection_missing;kiosk_projection_not_recorded
1,connected,local-inventory-9c961167-69f7-43ce-bf01-50919e53c585,03ca96b6-c725-28a6-1c3d-351d44f48795,"Arcades, the Strategist",PUG-01953BC9,available,1,,not_recorded,YQEVYKSYYBYTHOXEGDQQ66DF,1,1,not_recorded,visibility=visible;status=available;sellable_quantity=1,not_recorded,0,synced,,website_projection_missing;kiosk_projection_not_recorded
1,connected,local-inventory-cf2d3d31-5eda-4dd4-8752-09341e843cf5,ed870d98-94fc-c7ca-b17d-f48d91ee97b8,"Calix, Guided by Fate",PUG-A20D7DBD,available,1,,not_recorded,5SODJKPTMG3SDULET5OM6GC4,1,0,not_recorded,visibility=visible;status=available;sellable_quantity=1,not_recorded,0,synced,,website_projection_missing;square_count_mismatch;kiosk_projection_not_recorded
1,connected,local-inventory-01069f7d-8ea5-47a4-892a-dc289c38084c,98368662-9bb7-b089-f840-944f204753c5,Vial Smasher the Fierce,PUG-3BA732DD,sold,0,,not_recorded,D2W5ZN7SOJNKZQRJNKNCASB7,0,0,not_recorded,visibility=visible;status=sold;sellable_quantity=0,not_recorded,0,no_sync_record,,website_projection_missing;kiosk_projection_not_recorded
1,connected,local-inventory-bb51edf8-2d17-43ae-bd01-c1b7de5db563,04abbc4e-6669-bc71-38a7-fdee8566bd1d,Constant Mists,PUG-45BD47CB,available,1,,not_recorded,IOB56EQXH7HB5CMNBEMA7SKT,1,1,not_recorded,visibility=visible;status=available;sellable_quantity=1,not_recorded,0,synced,,website_projection_missing;kiosk_projection_not_recorded
1,connected,local-inventory-6d6bffbd-3f66-40be-a9d9-3a36226d41ce,2e5acd9c-2c3c-76b5-7053-829ae9d33673,Fezandipiti ex,PUG-C168CECE,available,3,,not_recorded,5C6IK5GNTLNJOS6DH4HTIFVU,3,3,not_recorded,visibility=visible;status=available;sellable_quantity=3,not_recorded,0,synced,,website_projection_missing;kiosk_projection_not_recorded
1,connected,local-inventory-103427fa-96dd-4e9b-945f-9bb4582a87e4,6a21f1ea-d13f-8fc0-0ec5-eabc42aa0983,Gallade V,PUG-B598D409,sold,0,,not_recorded,U3QBAHDBWYHMRARQHTMZPYSJ,0,0,not_recorded,visibility=visible;status=sold;sellable_quantity=0,not_recorded,0,no_sync_record,,website_projection_missing;kiosk_projection_not_recorded
1,connected,local-inventory-6404a810-21f0-4d6d-8339-c845c6edc9f8,61707f17-af8e-9c0b-c0c9-fe4da109511b,Deceit,PUG-A83ADB07,available,1,,not_recorded,335WVP5FOG2SS2R7RYDS4ZDE,1,1,not_recorded,visibility=visible;status=available;sellable_quantity=1,not_recorded,0,synced,,website_projection_missing;kiosk_projection_not_recorded
1,connected,local-inventory-566d9d52-7ad4-4ebf-81d3-fb5c67dd75bb,421ea877-1a7e-3777-d9ed-fabbbe2fd36e,Drapion,PUG-BB936175,sold,0,,not_recorded,5PCY75WPWDW7IKTJZBHRTKXP,0,0,not_recorded,visibility=visible;status=sold;sellable_quantity=0,not_recorded,0,no_sync_record,,website_projection_missing;kiosk_projection_not_recorded
1,connected,local-inventory-9521ba48-7734-471a-96d6-12b6e6fd56e1,2dfee93e-f634-5bcd-1b2f-4974d1a5b249,Espurr,PUG-D132891E,sold,1,,not_recorded,T6ZWAPJNULV7NCR3AMRDWTWD,0,1,not_recorded,visibility=visible;status=sold;sellable_quantity=0,not_recorded,0,synced,,website_projection_missing;square_count_mismatch;kiosk_projection_not_recorded
1,connected,local-inventory-bdf29133-2adb-4d4d-8432-be64fce1e558,178f95ad-a4db-17ea-6cd8-a6d7348b82f9,"Dihada, Binder of Wills",PUG-1D90B5BD,available,1,,not_recorded,7QYM7QIPUFRMF44QJLSZEEMG,1,0,not_recorded,visibility=visible;status=available;sellable_quantity=1,not_recorded,0,synced,,website_projection_missing;square_count_mismatch;kiosk_projection_not_recorded
1,connected,local-inventory-c3da1ff6-bd3d-4bd5-94d4-e65938123106,1872483b-7e82-95e3-8f74-284782cc5fcd,メタモン,PUG-7128B697,available,1,,not_recorded,O4QAGZCD6IIXJ3W4YC44AQ4G,1,1,not_recorded,visibility=visible;status=available;sellable_quantity=1,not_recorded,0,synced,,website_projection_missing;kiosk_projection_not_recorded
1,connected,local-inventory-8d67e8d6-4812-45d9-9c2b-0d10ce22bdfa,2d072311-2178-3190-4a28-106f9403e6b0,Dragon Broodmother,PUG-357A709B,removed,1,,not_recorded,C4AAJTAOHU2O3EVS6IWNZ2DK,0,0,not_recorded,visibility=hidden;status=removed;sellable_quantity=0,not_recorded,0,synced,,website_projection_missing;kiosk_projection_not_recorded
1,connected,local-inventory-27216399-1228-4f45-bdd4-54091d75effd,cc2ba02f-8d4d-9fca-736a-c0178c2006b6,Dragonlord Kolaghan,PUG-DE7B8FB0,available,1,,not_recorded,TQXPYLYX6XM2ARHO55IXMC4W,1,0,not_recorded,visibility=visible;status=available;sellable_quantity=1,not_recorded,0,synced,,website_projection_missing;square_count_mismatch;kiosk_projection_not_recorded
1,connected,local-inventory-e084557b-1223-4e09-b571-c6b07045bf52,56ea5a30-5d55-04e6-7329-939a08094473,Expressive Iteration,PUG-3D0559B2,sold,0,,not_recorded,MFHVZJZDT2ZE6CRKWEFLA7NT,0,0,not_recorded,visibility=hidden;status=sold;sellable_quantity=0,not_recorded,0,synced,,website_projection_missing;kiosk_projection_not_recorded
1,connected,local-inventory-e9475744-cfe5-4466-a28f-ff5cb8ee4edd,c74ecc88-3bca-6a02-24e9-3b8dd027f93c,Alakazam,PUG-3E4523DE,removed,1,,not_recorded,MLBNBXCTXCLQKUFVCFY5LGAP,0,0,not_recorded,visibility=hidden;status=removed;sellable_quantity=0,not_recorded,0,synced,,website_projection_missing;kiosk_projection_not_recorded
1,connected,local-inventory-6c522f90-eacf-40c0-8bc5-86e92e728c87,f86fa303-0afd-415b-dcff-bf6510c6d89a,Fallen Shinobi,PUG-6F1A613D,available,1,,not_recorded,YZ46NAEX6TC654Z7NW3UI4QC,1,1,not_recorded,visibility=visible;status=available;sellable_quantity=1,not_recorded,0,synced,,website_projection_missing;kiosk_projection_not_recorded
1,connected,local-inventory-c9049ecf-a3ff-46c4-af89-f4775b359ea2,281825ca-03ef-af08-9318-e50687d6468b,Clefairy,PUG-40F9E5ED,removed,1,,not_recorded,A6RW2KC2FIVXKVMLPSMUVIHN,0,0,not_recorded,visibility=hidden;status=removed;sellable_quantity=0,not_recorded,0,synced,,website_projection_missing;kiosk_projection_not_recorded
1,connected,local-inventory-de1b66bf-561f-4696-a80a-ef75755b0a5f,5a808573-5c0c-0c19-1a64-d8c229d051f9,Fallen Shinobi,PUG-0ACE166B,available,1,,not_recorded,RYQDGBK2MVGJQGUQZ27G65AE,1,1,not_recorded,visibility=visible;status=available;sellable_quantity=1,not_recorded,0,synced,,website_projection_missing;kiosk_projection_not_recorded
1,connected,local-inventory-c3e45698-5093-4c8f-9e92-924f0fa6d030,095d8c23-71e4-1a3d-8cc7-c2d7fecc6dba,Grim Feast,PUG-33E4C6FB,available,1,,not_recorded,Y4DOSGWQVIESSNOICRP2RIR6,1,0,not_recorded,visibility=visible;status=available;sellable_quantity=1,not_recorded,0,synced,,website_projection_missing;square_count_mismatch;kiosk_projection_not_recorded
1,connected,local-inventory-8027de51-9347-4dba-b5db-902a8153af9e,493196f9-33bd-8b38-542e-e6ebdf002441,Hurl Through Hell,PUG-01235A14,available,1,,not_recorded,AZWLVEVOSFM5QW7TL2YY3NFC,1,1,not_recorded,visibility=visible;status=available;sellable_quantity=1,not_recorded,0,synced,,website_projection_missing;kiosk_projection_not_recorded
1,connected,local-inventory-337da810-c8ab-4a46-a3a7-0444c4cba92c,cad194d0-5cdb-614e-7c91-41943ba26382,"Journey to Eternity // Atzal, Cave of Eternity",PUG-EF2B3B6C,removed,1,,not_recorded,6P3FAWZPHUYRJT7NCWZ6MOCA,0,0,not_recorded,visibility=hidden;status=removed;sellable_quantity=0,not_recorded,0,synced,,website_projection_missing;kiosk_projection_not_recorded
1,connected,local-inventory-61fd8bad-a5f6-4913-9528-a0955fd7dab5,34920923-2c82-4e1d-68b9-7aa1afc8543d,"Kaito, Bane of Nightmares",PUG-19EBCBFF,available,1,,not_recorded,ZFMJ4IVBI3N3WKSV2SVAI5YG,1,1,not_recorded,visibility=visible;status=available;sellable_quantity=1,not_recorded,0,synced,,website_projection_missing;kiosk_projection_not_recorded
1,connected,local-inventory-b3de3590-c376-4b9c-9446-c4a4ec1f773a,16c50762-ada0-b7ea-c2bb-3c24b035e26a,"Kambal, Profiteering Mayor",PUG-B53CA5F3,sold,2,,not_recorded,ZQ6ZKFGHGQ4HMBKZ3AVRNHKQ,0,0,not_recorded,visibility=visible;status=sold;sellable_quantity=0,not_recorded,0,synced,,website_projection_missing;kiosk_projection_not_recorded
1,connected,local-inventory-1fafe730-a9f2-4bbc-93d1-4a918899257f,5704ea06-d065-393a-44b0-3c4ea59225b8,"Lightning, Army of One",PUG-CDB7FD08,sold,0,,not_recorded,ALIVNX3HKJJN2HF5H5LN3IDR,0,0,not_recorded,visibility=visible;status=sold;sellable_quantity=0,not_recorded,0,no_sync_record,,website_projection_missing;kiosk_projection_not_recorded
1,connected,local-inventory-44a8f6b8-7548-42f2-b232-b36a6eb141f0,59bf5ab4-c56e-a2c8-7721-07579eeba9d5,Manamorphose,PUG-DD3F2DB7,available,1,,not_recorded,IUYXYWHXVGPA7UFJW4L6OPPA,1,0,not_recorded,visibility=visible;status=available;sellable_quantity=1,not_recorded,0,synced,,website_projection_missing;square_count_mismatch;kiosk_projection_not_recorded
1,connected,local-inventory-66df1c5a-88e5-41a9-b674-fa495f7f28ce,258c4784-e7e8-4dcb-9ed1-b8e95aaba063,"Mr. House, President and CEO",PUG-0D784F4B,sold,0,,not_recorded,LCCIFBJPEG34PMVZZD7JM4RR,0,0,not_recorded,visibility=visible;status=sold;sellable_quantity=0,not_recorded,0,no_sync_record,,website_projection_missing;kiosk_projection_not_recorded
1,connected,local-inventory-2bf9b962-dbd5-4c2e-ad01-c82885f5fb07,e24eb990-7b1a-55ba-a910-92c215418847,"Mr. House, President and CEO",PUG-0D6C18F9,available,1,,not_recorded,2HCSS55H7LXOFFKTA6KIWFMF,1,1,not_recorded,visibility=visible;status=available;sellable_quantity=1,not_recorded,0,synced,,website_projection_missing;kiosk_projection_not_recorded
1,connected,local-inventory-8e696524-cdbc-4935-9066-dea791aac83c,69ca4cc2-83e9-4a2e-2d06-264e2debc69c,"Olivia, Crimson Bride",PUG-1D100D5F,available,1,,not_recorded,J7RAA4WVWYTTZZKCGOZIH2KV,1,0,not_recorded,visibility=visible;status=available;sellable_quantity=1,not_recorded,0,synced,,website_projection_missing;square_count_mismatch;kiosk_projection_not_recorded
1,connected,local-inventory-cceba9a0-8d48-45de-a89f-41ebb8f2a898,9dc1c9a7-6bd5-636b-bd6c-0f9010933723,Phelddagrif,PUG-4A2578FA,sold,0,,not_recorded,DWWQ3R3EJA7KRA3X6XPF24M7,0,0,not_recorded,visibility=visible;status=sold;sellable_quantity=0,not_recorded,0,synced,,website_projection_missing;kiosk_projection_not_recorded
1,connected,local-inventory-26fbcd32-b862-4ad7-8f32-8c4dcce26fe0,ed1e2fdb-a044-9ff0-b054-c204945f8cae,Phelddagrif,PUG-96BE5BD9,sold,0,,not_recorded,57GPJNU3NQQCFLYU5U3XFSWI,0,0,not_recorded,visibility=visible;status=sold;sellable_quantity=0,not_recorded,0,synced,,website_projection_missing;kiosk_projection_not_recorded
1,connected,local-inventory-6effb15c-e5ff-4d69-85db-4a368513d4e5,f7079005-6587-f292-1476-56c5e4465045,Ramses Overdark,PUG-023BA161,sold,0,,not_recorded,7U3N5DE6FJ5KR3VH737NCPXV,0,0,not_recorded,visibility=visible;status=sold;sellable_quantity=0,not_recorded,0,synced,,website_projection_missing;kiosk_projection_not_recorded
1,connected,local-inventory-7bb2dada-b503-42b1-877d-be6f1e02311c,1cde243f-d3f2-ce66-445b-4338fa4a63f0,Resonating Lute,PUG-932BC77D,sold,0,,not_recorded,E63JMC6WLWIGUUJDHTFSX5ZB,0,0,not_recorded,visibility=visible;status=sold;sellable_quantity=0,not_recorded,0,synced,,website_projection_missing;kiosk_projection_not_recorded
1,connected,local-inventory-fd97c406-f880-455c-94f6-98e619ed520e,9418e3a2-a130-d1f6-8366-a804f3ec0218,"Sauron, the Dark Lord",PUG-6C292A58,sold,0,,not_recorded,RTFTLSLEEFGESEB2OADP4LAC,0,0,not_recorded,visibility=visible;status=sold;sellable_quantity=0,not_recorded,0,synced,,website_projection_missing;kiosk_projection_not_recorded
1,connected,local-inventory-93910d88-a288-4640-9d39-e858a2ff8482,c58c751d-66b9-7590-aaf7-67e4a2de342b,Take the Bait,PUG-E5BBCF55,sold,0,,not_recorded,NKWZBKWZ23ZR6INR54N3QSM6,0,0,not_recorded,visibility=visible;status=sold;sellable_quantity=0,not_recorded,0,synced,,website_projection_missing;kiosk_projection_not_recorded
1,connected,local-inventory-f509d3f3-de01-457e-932b-a1ce32998637,ac3ff03f-64fc-ade3-e290-d544d12248c5,The Scorpion God,PUG-64800839,sold,0,,not_recorded,ROHT3TRCECIPDMKZPH5REE7L,0,0,not_recorded,visibility=visible;status=sold;sellable_quantity=0,not_recorded,0,synced,,website_projection_missing;kiosk_projection_not_recorded
1,connected,local-inventory-847cbc09-28f6-4226-ade0-22f1ead42517,4580fa37-1ee9-628b-f8b2-908781b30309,"Toph, Greatest Earthbender",PUG-897373B2,available,1,,not_recorded,RPB4JP2H27WCXJAXIR3OZUO2,1,1,not_recorded,visibility=visible;status=available;sellable_quantity=1,not_recorded,0,synced,,website_projection_missing;kiosk_projection_not_recorded
1,connected,local-inventory-fb1ae79c-d0e4-4858-ad49-8c3a4397c150,f8d51fbe-f6ce-57d5-9cac-9d3c35f53a86,Gecko Moria,PUG-0D300D29,sold,0,,not_recorded,B5IRJGUQKBTHVDJ4NDZOSO7O,0,0,not_recorded,visibility=visible;status=sold;sellable_quantity=0,not_recorded,0,synced,,website_projection_missing;kiosk_projection_not_recorded
1,connected,local-inventory-a4c68c0d-88d8-40bb-8f15-fd535912e39c,efe79807-bd71-cef3-e6c4-d5d206dbf923,Monkey.D.Luffy,PUG-E0022AFD,sold,0,,not_recorded,EDD2SREATOY3S6IWQIF3BNF6,0,0,not_recorded,visibility=visible;status=sold;sellable_quantity=0,not_recorded,0,synced,,website_projection_missing;kiosk_projection_not_recorded
1,connected,local-inventory-3177e3e8-d8f8-457c-8275-0ec69e10efa7,3b55c577-41c0-af86-666f-217c746dd026,Monkey.D.Luffy,PUG-29C3BDD1,sold,0,,not_recorded,AS5SUQXXJOGRKLYYUL3IKEVX,0,0,not_recorded,visibility=visible;status=sold;sellable_quantity=0,not_recorded,0,synced,,website_projection_missing;kiosk_projection_not_recorded
1,connected,local-inventory-2f418853-7e4a-40d3-bf83-34379ef7b6c7,8a08d777-2728-9a49-4c35-15a6c3fe1d42,Tyvar the Bellicose,PUG-F0AB5E11-01,sold,0,,not_recorded,AT5ZYYHKVF77ITB6XCJR42F3,0,0,not_recorded,visibility=visible;status=sold;sellable_quantity=0,not_recorded,0,synced,,website_projection_missing;kiosk_projection_not_recorded
1,connected,local-inventory-961cda41-24a8-4290-8612-6a630e5fc6d8,484e1718-c19f-f76e-9099-8c2fcee70e25,Tyvar the Bellicose,PUG-F0AB5E11-02,sold,0,,not_recorded,GNFCV5CJN6UKL2LDM64YKQNY,0,0,not_recorded,visibility=visible;status=sold;sellable_quantity=0,not_recorded,0,synced,,website_projection_missing;kiosk_projection_not_recorded
1,connected,local-inventory-85ebe2b6-2042-4b7e-95d8-626748befbcc,eee40da2-26a7-c082-4e11-036dfb4dc21e,"Quake, Agent of S.H.I.E.L.D.",PUG-DB4FD376,sold,0,,not_recorded,JLIURAQUFGFZGUXIA5OFDSGG,0,0,not_recorded,visibility=visible;status=sold;sellable_quantity=0,not_recorded,0,synced,,website_projection_missing;kiosk_projection_not_recorded
1,connected,local-inventory-d48f4329-e255-4234-870a-e0baa058676b,16c5b7dc-79bf-63e1-67a2-2032e3640ec2,Agent Maria Hill,PUG-E9B82533,sold,0,,not_recorded,FOHBBUIHLU33U26MNTCW5GX2,0,0,not_recorded,visibility=visible;status=sold;sellable_quantity=0,not_recorded,0,synced,,website_projection_missing;kiosk_projection_not_recorded
1,connected,local-inventory-c515d872-7fc1-437f-9dcb-d23952452d9b,265f347b-4256-e5ae-ffca-0d847bab5232,"Quake, Agent of S.H.I.E.L.D.",PUG-B907899F,sold,0,,not_recorded,NWYRVCYZUKQDILTPOKF5OCGK,0,0,not_recorded,visibility=visible;status=sold;sellable_quantity=0,not_recorded,0,synced,,website_projection_missing;kiosk_projection_not_recorded
1,connected,local-inventory-beea3630-f44c-45ca-baa3-08b2500b7e23,6db297d8-7c0e-e3a9-35b4-0940f7492034,カメックスex,PUG-9CFAABA0,sold,0,,not_recorded,RMFMOQXDOVC42B4JTHDJDCQC,0,0,not_recorded,visibility=visible;status=sold;sellable_quantity=0,not_recorded,0,synced,,website_projection_missing;kiosk_projection_not_recorded
1,connected,local-inventory-23c32a43-feff-43b1-b8dc-bb7412d04a1f,fbd3ad0c-ba82-183a-1983-307c0eb2921c,Tyvar the Bellicose,PUG-34E78C61,sold,0,,not_recorded,IWUR7NRPY5KVR7ULOLO52Z46,0,0,not_recorded,visibility=visible;status=sold;sellable_quantity=0,not_recorded,0,synced,,website_projection_missing;kiosk_projection_not_recorded
1,connected,local-inventory-501e6029-4fd6-4087-9604-40da6ecec43e,0198541e-4024-13d2-7edd-3187ed3f04c8,Mew ex,PUG-2FBA9DB2,sold,0,,not_recorded,DJGZAFVBLFT74JBSLBD6JEEN,0,0,not_recorded,visibility=visible;status=sold;sellable_quantity=0,not_recorded,0,synced,,website_projection_missing;kiosk_projection_not_recorded
1,connected,local-inventory-c4da4c06-e9f0-4cb9-a324-6389bd4e98bc,76d5cde2-655d-cf4a-616a-482764063318,"Irma, Part-Time Mutant",PUG-F0CA5F43,sold,0,,not_recorded,XHCYBNWFPVJ2K6XHNILEZSAA,0,0,not_recorded,visibility=visible;status=sold;sellable_quantity=0,not_recorded,0,synced,,website_projection_missing;kiosk_projection_not_recorded
1,connected,local-inventory-522961c4-5ad5-467e-8651-777a006dc645,73663601-05e8-1351-6c9c-7251bfc2c8a8,Flow State,PUG-7D102E6E,sold,0,,not_recorded,OFJRW2KX6NUJKKOW64QRYSO4,0,0,not_recorded,visibility=visible;status=sold;sellable_quantity=0,not_recorded,0,synced,,website_projection_missing;kiosk_projection_not_recorded
1,connected,local-inventory-e6f33ac9-06f6-4472-906b-2609034172bb,d73ae88f-e6f5-e5a2-4d45-351d54f3707e,Patchwork Banner,PUG-1ABFC63A,sold,0,,not_recorded,W7WZCGYO5OHT6J5UDGWHEZAN,0,0,not_recorded,visibility=visible;status=sold;sellable_quantity=0,not_recorded,0,synced,,website_projection_missing;kiosk_projection_not_recorded
1,connected,local-inventory-c361b93f-15c9-4677-9d8c-bde3e612efc9,79bb8393-eeb7-e292-ff09-1b9836bb1a58,Continue?,PUG-8DEACDD2,sold,0,,not_recorded,EC25A7RIIU4OOMBQV4453QPG,0,0,not_recorded,visibility=visible;status=sold;sellable_quantity=0,not_recorded,0,synced,,website_projection_missing;kiosk_projection_not_recorded
1,connected,local-inventory-c1591faf-b611-4bb8-811c-d2b69b1c6ff5,2dc6d170-8df6-e97c-da19-6ccfba75fdc1,Mew ex,PUG-46991E10,sold,0,,not_recorded,LEWNNW5OYD4CY4MFZHEQQZG3,0,0,not_recorded,visibility=visible;status=sold;sellable_quantity=0,not_recorded,0,synced,,website_projection_missing;kiosk_projection_not_recorded
1,connected,local-inventory-c1a4c6c2-6031-4739-b4d0-7ac255b05330,955f5561-d308-74a8-d6fd-11849df9552f,Endless Foot Assault,PUG-5CBE3765,sold,0,,not_recorded,UGTQEKSCDRLZXB5N5TOX57AN,0,0,not_recorded,visibility=visible;status=sold;sellable_quantity=0,not_recorded,0,synced,,website_projection_missing;kiosk_projection_not_recorded
1,connected,local-inventory-22c91ed9-c854-4b0c-8ab4-0b8c366b119c,e77c6058-42ed-e869-6af1-475b9e19cd8d,"Irma, Part-Time Mutant",PUG-5B435021,sold,0,,not_recorded,V7LQUVICX4BSRZZ6WZM266TM,0,0,not_recorded,visibility=visible;status=sold;sellable_quantity=0,not_recorded,0,synced,,website_projection_missing;kiosk_projection_not_recorded
1,connected,local-inventory-7b7b662b-b3e4-43bd-811d-55b591b15ca5,6ebb1103-0fab-6ccb-aeaa-6de18b521716,United Front,PUG-F7CD86B7,sold,0,,not_recorded,VCA3QHSE7IGS5ODQ2ZGELPB7,0,0,not_recorded,visibility=visible;status=sold;sellable_quantity=0,not_recorded,0,synced,,website_projection_missing;kiosk_projection_not_recorded
1,connected,local-inventory-c71f1306-34f5-4b3d-bddf-d1ce20950951,92525c55-eb05-f99a-e75f-0edaa3188c3a,Flow State,PUG-73B5C2AA,sold,0,,not_recorded,6VN6CJDJPJXCGDMZDXBO4Q5R,0,0,not_recorded,visibility=visible;status=sold;sellable_quantity=0,not_recorded,0,synced,,website_projection_missing;kiosk_projection_not_recorded
1,connected,local-inventory-13ab3375-c58e-43f2-b7e7-119ec5cc98ca,41607148-b042-19fa-43c6-caaa0f271e91,Dovin's Veto,PUG-774B72CB,sold,0,,not_recorded,SV4TQQUA5AARSWAZ44O337MA,0,0,not_recorded,visibility=visible;status=sold;sellable_quantity=0,not_recorded,0,synced,,website_projection_missing;kiosk_projection_not_recorded
1,connected,local-inventory-7f1ffa88-e9e1-4428-88f5-8d52e80010c9,531f53ed-23d3-7f7d-43ee-4212517b1d91,Patchwork Banner,PUG-27E7228E,sold,0,,not_recorded,QS5N36732WKYWDHDHXM3MEGW,0,0,not_recorded,visibility=visible;status=sold;sellable_quantity=0,not_recorded,0,synced,,website_projection_missing;kiosk_projection_not_recorded
1,connected,local-inventory-e1947576-b994-4941-bd66-786af26b731a,288f3b82-71bf-3fb5-2d12-aa1a99cbc4b5,Continue?,PUG-0F61D8FB,sold,0,,not_recorded,K7WUTKXSLR3QVNKEG6UODWZN,0,0,not_recorded,visibility=visible;status=sold;sellable_quantity=0,not_recorded,0,synced,,website_projection_missing;kiosk_projection_not_recorded
1,connected,local-inventory-57ff6fa4-6f2a-4d30-a609-f6800afed536,b46f01e6-8501-1db5-4c23-9f1e539223a2,Fabled Passage,PUG-5D8E72F2,sold,0,,not_recorded,SJOVBEWLE25LJKTOWWPKPME7,0,0,not_recorded,visibility=visible;status=sold;sellable_quantity=0,not_recorded,0,synced,,website_projection_missing;kiosk_projection_not_recorded
1,connected,local-inventory-6f4ef48b-e711-453e-97f8-a572881f330c,78da841c-7082-2a48-daf2-3ac5f0798572,Endless Foot Assault,PUG-3815150D,sold,0,,not_recorded,BG2I3PK4XG4GD3NWVI5TICGM,0,0,not_recorded,visibility=visible;status=sold;sellable_quantity=0,not_recorded,0,synced,,website_projection_missing;kiosk_projection_not_recorded
1,connected,local-inventory-f9fb7c37-e6db-4a91-8097-3bc0908f058e,1236e895-4291-67cb-6a43-4becaf9b8bae,Cleffa,PUG-54DDE567,sold,1,,not_recorded,N6WFMM5MRKEOYKMEV5KEIXGN,0,0,not_recorded,visibility=visible;status=sold;sellable_quantity=0,not_recorded,0,synced,,website_projection_missing;kiosk_projection_not_recorded
1,connected,local-inventory-30c08cfd-e058-40e7-80cd-a8f02d88e963,e7eca270-e8e8-ce4e-8cb9-689907c034c8,United Front,PUG-2A1736A9,sold,0,,not_recorded,3QNGEPNNPZVGUWTFAJ7FUOYZ,0,0,not_recorded,visibility=visible;status=sold;sellable_quantity=0,not_recorded,0,synced,,website_projection_missing;kiosk_projection_not_recorded
1,connected,local-inventory-1dd03a35-1405-4416-be9c-d89234281b4b,31088067-32d4-1d33-34ba-3d3ad8f20fcd,Chi-Yu ex,PUG-E29CE75A,sold,0,,not_recorded,MB63P7SGN4RYQY77OR2PUJ4S,0,0,not_recorded,visibility=visible;status=sold;sellable_quantity=0,not_recorded,0,synced,,website_projection_missing;kiosk_projection_not_recorded
1,connected,local-inventory-fd700e0b-e36f-4d8d-9967-685148ac9e55,ea93a516-6417-e6e1-5827-bae4fb046a06,Dovin's Veto,PUG-D0084DEB,sold,0,,not_recorded,ZGNRUKTY2F5G5PWRFEELFRSU,0,0,not_recorded,visibility=visible;status=sold;sellable_quantity=0,not_recorded,0,synced,,website_projection_missing;kiosk_projection_not_recorded
1,connected,local-inventory-30694b98-3bde-4d64-afb0-6fa3ee6cd879,c3fcba4f-9372-4c14-7921-64a4c90bb838,Seeker of Skybreak,PUG-5162C849,sold,0,,not_recorded,IWJRVGTIR6IG5S6E4W5CB5NG,0,0,not_recorded,visibility=visible;status=sold;sellable_quantity=0,not_recorded,0,synced,,website_projection_missing;kiosk_projection_not_recorded
1,connected,local-inventory-5db06f29-ae2b-4029-a146-ba9bb44c8fd2,83e02337-4866-b8f9-c360-488ec2a9ab26,Fabled Passage,PUG-D9F6F3CF,sold,0,,not_recorded,VNJTBV3CV4UBVWJL22QE2CWC,0,0,not_recorded,visibility=visible;status=sold;sellable_quantity=0,not_recorded,0,synced,,website_projection_missing;kiosk_projection_not_recorded
1,connected,local-inventory-508b274d-3529-4844-b894-1cfdb4a1de09,34285fb9-ca0a-7915-394d-6112e28daf66,Seeker of Skybreak,PUG-2B81B7D3,sold,0,,not_recorded,5UDAOPLL6US3NO4SSWJ6JKXP,0,0,not_recorded,visibility=visible;status=sold;sellable_quantity=0,not_recorded,0,synced,,website_projection_missing;kiosk_projection_not_recorded
1,connected,local-inventory-d95cd8fb-d1b3-4006-a6ef-7a1494086696,1b9f51af-a97b-9031-0c28-76cbb59ce3b8,Cleffa,PUG-CD0C6AA5,sold,0,,not_recorded,4NPM5ZFFWPFAGC5CM2O6WUOS,0,0,not_recorded,visibility=visible;status=sold;sellable_quantity=0,not_recorded,0,synced,,website_projection_missing;kiosk_projection_not_recorded
1,connected,local-inventory-dfae29ec-6c7e-4637-aac3-5b7765877354,7f40dd6a-2dfb-41e5-7288-1a7c6986c552,Mega Gengar ex,PUG-0073F923,sold,0,,not_recorded,3JHD3HH35XWF3BCNV7ZIHLOI,0,0,not_recorded,visibility=visible;status=sold;sellable_quantity=0,not_recorded,0,synced,,website_projection_missing;kiosk_projection_not_recorded
1,connected,local-inventory-aa9a7c47-f537-413e-9443-72d2223864aa,cf40e000-ced5-2a67-ff5f-9c0b44aba863,Chi-Yu ex,PUG-67C61243,sold,0,,not_recorded,5OTCL5UVK7YZRI2IZ4JGPUUI,0,0,not_recorded,visibility=visible;status=sold;sellable_quantity=0,not_recorded,0,synced,,website_projection_missing;kiosk_projection_not_recorded
1,connected,local-inventory-05d493d8-f2da-4933-84f3-957a06094892,bd5ad5d2-aa65-72cc-555e-5a36771ff5db,Radiant Greninja,PUG-51DA2678,sold,0,,not_recorded,KIGNBHTGHV2AP6E4JVASJTW7,0,0,not_recorded,visibility=visible;status=sold;sellable_quantity=0,not_recorded,0,synced,,website_projection_missing;kiosk_projection_not_recorded
1,connected,local-inventory-15923411-e3c8-43fe-8434-df1b2a04cd92,cc87b738-65a0-0b32-83ac-2e6f3c13fc2b,Seeker of Skybreak,PUG-9799B7B3,sold,0,,not_recorded,N7V7OIJOQCTJV76TEKBVP3W5,0,0,not_recorded,visibility=visible;status=sold;sellable_quantity=0,not_recorded,0,synced,,website_projection_missing;kiosk_projection_not_recorded
1,connected,local-inventory-91905fb0-4600-4e2d-aa84-e04a653ee71c,ca813b2f-f2ac-b54c-2e89-a168394acf1e,Mechtitan,PUG-6F953FEA,sold,0,,not_recorded,F4CJWRCOXRSKTLUU6AXBR2NH,0,0,not_recorded,visibility=visible;status=sold;sellable_quantity=0,not_recorded,0,synced,,website_projection_missing;kiosk_projection_not_recorded
1,connected,local-inventory-b704cb7f-f990-4a7d-a96d-4c3bc5673dba,b2edb9a2-304a-2c8b-956b-256605e1e5c4,Seeker of Skybreak,PUG-6C906165,sold,0,,not_recorded,3JNORIGT3HABWXJRUE5S276R,0,0,not_recorded,visibility=visible;status=sold;sellable_quantity=0,not_recorded,0,synced,,website_projection_missing;kiosk_projection_not_recorded
1,connected,local-inventory-d348ca52-c035-43be-98d3-7b4934bd799f,635dd742-9799-4548-1ef4-54519d398608,Mega Gengar ex,PUG-C2FA16AF,sold,0,,not_recorded,ZNDTRZCM3FOLSE2PZWZWKUVX,0,0,not_recorded,visibility=visible;status=sold;sellable_quantity=0,not_recorded,0,synced,,website_projection_missing;kiosk_projection_not_recorded
1,connected,local-inventory-7dba36ac-cae2-4259-9947-01daeb1c5258,db9471f4-0f44-d3fc-0ec5-95ddea2c49a0,Radiant Greninja,PUG-FFF1A352,sold,0,,not_recorded,2FRWTNLTHW4ILOWYTXMI77IA,0,0,not_recorded,visibility=visible;status=sold;sellable_quantity=0,not_recorded,0,synced,,website_projection_missing;kiosk_projection_not_recorded
1,connected,local-inventory-fb2fc38b-b424-4c16-a8df-d7bdd8b1aeed,de6c9249-75c7-f488-7ea5-8c45e167e22c,Mechtitan,PUG-51327EF8,sold,0,,not_recorded,DJUI5UUOQ4KEJX36GGB74Z27,0,0,not_recorded,visibility=visible;status=sold;sellable_quantity=0,not_recorded,0,synced,,website_projection_missing;kiosk_projection_not_recorded
1,connected,local-inventory-3b15b183-b52a-4a4d-b57f-bae0934b575c,5a2472d2-9ab0-ccd4-6863-3f3480da6ec0,Mew ex,PUG-410B1A37,sold,0,,not_recorded,UALWCRTKQZKSHZKT6ZVS4SPP,0,0,not_recorded,visibility=visible;status=sold;sellable_quantity=0,not_recorded,0,synced,,website_projection_missing;kiosk_projection_not_recorded
1,connected,local-inventory-94c2797e-159a-47bc-ba3f-df9bb818a319,452e1bf8-8ae3-7934-42bd-05273c0a9e3f,Flow State,PUG-CFFE493C,sold,0,,not_recorded,YC7E2OIHCDHYX7MBOE3354T4,0,0,not_recorded,visibility=visible;status=sold;sellable_quantity=0,not_recorded,0,synced,,website_projection_missing;kiosk_projection_not_recorded
1,connected,local-inventory-ddce2fc8-827a-4bec-97d8-1a021749fbd1,733091f2-74d5-d27f-291b-28b97ddc434a,Patchwork Banner,PUG-D9D9E67F,sold,0,,not_recorded,32GJBRWG3N5LDTUER3YK2HDR,0,0,not_recorded,visibility=visible;status=sold;sellable_quantity=0,not_recorded,0,synced,,website_projection_missing;kiosk_projection_not_recorded
1,connected,local-inventory-00a89d54-9f8d-4405-b7cd-7c6dc81650b8,b6f96667-5e90-d089-319a-b4282a1d1daa,Continue?,PUG-8F3AEDE7,sold,0,,not_recorded,PXUDB2UBCFSQRNIZSRDLAAZQ,0,0,not_recorded,visibility=visible;status=sold;sellable_quantity=0,not_recorded,0,synced,,website_projection_missing;kiosk_projection_not_recorded
1,connected,local-inventory-fc71d12d-6ba3-4512-ac0e-26123af14b92,343bbb9c-4631-2925-97cf-dd7f2926fb02,Endless Foot Assault,PUG-5CE57EF6,sold,0,,not_recorded,WKV2EPG3GHOGRJGMNB7GYRYV,0,0,not_recorded,visibility=visible;status=sold;sellable_quantity=0,not_recorded,0,synced,,website_projection_missing;kiosk_projection_not_recorded
1,connected,local-inventory-e96f0e98-9e52-4672-a839-61536a22094b,0325e462-9594-ffb3-a0d7-36b4e6bd4cfd,United Front,PUG-02BFFDA5,sold,0,,not_recorded,EKQ6ZALCTNRITYPHMHX7RJQM,0,0,not_recorded,visibility=visible;status=sold;sellable_quantity=0,not_recorded,0,synced,,website_projection_missing;kiosk_projection_not_recorded
1,connected,local-inventory-b171cbe1-1d52-47d8-877c-025602a7d851,ac94008c-e3fc-7ca1-c388-313dc2acdb35,Dovin's Veto,PUG-3DAB67BD,sold,0,,not_recorded,IM7ENQEIKPRQ22I6LJGKUJQZ,0,0,not_recorded,visibility=visible;status=sold;sellable_quantity=0,not_recorded,0,synced,,website_projection_missing;kiosk_projection_not_recorded
1,connected,local-inventory-3643df5f-5270-42e7-be08-6c8e067f14d2,fe7db8d3-454f-32cf-a758-df6c0ffc5ce2,Fabled Passage,PUG-105F21E3,sold,0,,not_recorded,AAR3KX2AL64P3PSDB6YXQLDV,0,0,not_recorded,visibility=visible;status=sold;sellable_quantity=0,not_recorded,0,synced,,website_projection_missing;kiosk_projection_not_recorded
1,connected,local-inventory-20e3c191-e0fe-4b87-ba2e-477f012e6e38,4dd97c66-2b89-1b9b-03bb-311e296c0895,Cleffa,PUG-9970056F,sold,0,,not_recorded,MH6LHHYPFGFIQC4ONFJWWMW4,0,0,not_recorded,visibility=visible;status=sold;sellable_quantity=0,not_recorded,0,synced,,website_projection_missing;kiosk_projection_not_recorded
1,connected,local-inventory-4cc1b7aa-ed63-4860-9954-f7589702afc7,7199d91e-ec9a-26e3-d802-ed4259b5f358,Chi-Yu ex,PUG-F4F8DD3E,sold,0,,not_recorded,CXG326QF3JZ6POBKZI57CEIU,0,0,not_recorded,visibility=visible;status=sold;sellable_quantity=0,not_recorded,0,synced,,website_projection_missing;kiosk_projection_not_recorded
1,connected,local-inventory-2793e8bc-c713-43b4-bba1-688a617d64be,5b68e4c7-0d39-4afb-2044-ea21ad153aa2,Seeker of Skybreak,PUG-8A210166,sold,0,,not_recorded,IHVJ4V5IJZP7B4DT62TSPBBP,0,0,not_recorded,visibility=visible;status=sold;sellable_quantity=0,not_recorded,0,synced,,website_projection_missing;kiosk_projection_not_recorded
1,connected,local-inventory-a2359352-9fee-4adc-bd75-be3c1e271bf8,023f58d7-a9c4-49ae-075a-d53a6e966dc8,Seeker of Skybreak,PUG-78FB7F2B,sold,0,,not_recorded,WGQPK5KZWHD46QGNHCXNB2EQ,0,0,not_recorded,visibility=visible;status=sold;sellable_quantity=0,not_recorded,0,synced,,website_projection_missing;kiosk_projection_not_recorded
1,connected,local-inventory-6abbc646-42d8-4cb4-bc19-645cd3d3a8a8,d6f4bf5a-263e-be34-ffad-92244e9b68a8,Mega Gengar ex,PUG-2A262FC0,sold,0,,not_recorded,6SM4HHH3VWNF3WHP7AMS3NGQ,0,0,not_recorded,visibility=visible;status=sold;sellable_quantity=0,not_recorded,0,synced,,website_projection_missing;kiosk_projection_not_recorded
1,connected,local-inventory-ede72e13-59a4-4258-b90a-ddc95365411d,b2409bd3-508e-7459-0cdd-840782d23d1e,Radiant Greninja,PUG-9F2785BB,sold,0,,not_recorded,U4ANCGOV5ZMML2WTCVCTLPFV,0,0,not_recorded,visibility=visible;status=sold;sellable_quantity=0,not_recorded,0,synced,,website_projection_missing;kiosk_projection_not_recorded
1,connected,local-inventory-b3419eb6-18f0-42f4-95b0-db7239f42405,94443d02-5eb2-c836-1d1c-b191c6af2a64,Mechtitan,PUG-48D681F6,sold,0,,not_recorded,QN6WIS2H4GJ7PMA7SAS7PW4A,0,0,not_recorded,visibility=visible;status=sold;sellable_quantity=0,not_recorded,0,synced,,website_projection_missing;kiosk_projection_not_recorded
1,connected,local-inventory-a519ed3d-9963-4008-8ce6-831a0b374746,29e011b5-6893-d6c6-7d2c-cfc2df42c932,Tyvar the Bellicose,PUG-8F99B887-01,sold,0,,not_recorded,OOBZCAWID72LRJP2324TVZTY,0,0,not_recorded,visibility=visible;status=sold;sellable_quantity=0,not_recorded,0,no_sync_record,,website_projection_missing;kiosk_projection_not_recorded
1,connected,local-inventory-0debd8dc-f867-4c4d-9189-3d67c0efc8d5,32a1fdd2-c1c2-0666-8a45-d2d5010e4209,Tyvar the Bellicose,PUG-8F99B887-02,available,1,,not_recorded,TFOXNAU2UK3VDLOHFN6IYKF2,1,1,not_recorded,visibility=visible;status=available;sellable_quantity=1,not_recorded,0,synced,,website_projection_missing;kiosk_projection_not_recorded
1,connected,local-inventory-0d6e8fd4-acc9-4575-8c06-346eb28e4a50,f31544b3-5ecb-e9ba-9f78-1be2d61ad914,Nami,PUG-7B750540,available,1,,not_recorded,4A5SCXMRR4AQGY3SM7XMAGJN,1,1,not_recorded,visibility=visible;status=available;sellable_quantity=1,not_recorded,0,synced,,website_projection_missing;kiosk_projection_not_recorded
1,connected,local-inventory-72a0200d-33e9-4cf8-9c5e-95da4289fdcb,5e33e0c0-b7f1-5a45-b979-6aa6377b67a1,Nami,PUG-33435ECF,available,1,,not_recorded,KB55HLNLBXJZKQFRWSHFEIEH,1,1,not_recorded,visibility=visible;status=available;sellable_quantity=1,not_recorded,0,synced,,website_projection_missing;kiosk_projection_not_recorded
1,connected,local-inventory-0d5ed3bb-4831-4796-ba89-f5fdf4c84000,322c6739-f5e2-adaa-6f4d-a8ddf59d04a6,Trafalgar Law,PUG-B4A460BF-01,sold,0,,not_recorded,SYC3JTBWIMHQ35B3TRKSFZSF,0,0,not_recorded,visibility=visible;status=sold;sellable_quantity=0,not_recorded,0,no_sync_record,,website_projection_missing;kiosk_projection_not_recorded
1,connected,local-inventory-2d5fdf29-6236-46de-b920-8c76a847a94e,56f7e6e1-9558-0136-45ca-a93b26340e84,Trafalgar Law,PUG-B4A460BF-02,available,1,,not_recorded,GC36F5ZG7OSFU7FCTDAASRXY,1,1,not_recorded,visibility=visible;status=available;sellable_quantity=1,not_recorded,0,synced,,website_projection_missing;kiosk_projection_not_recorded
1,connected,local-inventory-d864c8bf-f4ad-4ae3-94c6-8ba09c2ac5d3,25aa7395-e3a0-142f-f3e6-8aa8af291d61,Trafalgar Law,PUG-B4A460BF-03,available,1,status=available;quantity=1;online=visible;kiosk=visible,not_recorded,E6EY6UPZF6DJO36YI2PXUBY6,1,1,not_recorded,visibility=visible;status=available;sellable_quantity=1,not_recorded,0,synced,,kiosk_projection_not_recorded
1,connected,local-inventory-9746f165-7fd5-42a6-8564-f4725f27f2e7,beec8e86-cc99-4d91-52f3-ecd95e5fc6f0,Trafalgar Law,PUG-B4A460BF-04,available,1,,not_recorded,D75KOZMPNUGKJ3YGQASS2QBI,1,1,not_recorded,visibility=visible;status=available;sellable_quantity=1,not_recorded,0,synced,,website_projection_missing;kiosk_projection_not_recorded
1,connected,local-inventory-ba7dde88-d7fc-41a7-8f69-4eb8b43913bd,84e8668f-2317-cee3-e8be-46dd3cf28145,Trafalgar Law,PUG-B4A460BF-05,available,1,status=available;quantity=1;online=visible;kiosk=visible,not_recorded,3QWOI4M6MIQ2RYPWMBIX7CJJ,1,1,not_recorded,visibility=visible;status=available;sellable_quantity=1,not_recorded,0,synced,,kiosk_projection_not_recorded
1,connected,local-inventory-a89a4a05-85a4-4bf7-819f-63fe53d64aa9,1627e7f3-633e-af0e-e72a-1980e017b38a,Gandalf the White,PUG-FC8D07B0,available,1,,not_recorded,27ZGPVW7X3QL3625AAYWYDCD,1,1,not_recorded,visibility=visible;status=available;sellable_quantity=1,not_recorded,0,synced,,website_projection_missing;kiosk_projection_not_recorded
1,connected,local-inventory-920b1d05-5109-4250-918c-fefc915f6de9,503acbf6-3d46-00ff-1ea2-5f684be9a55a,Vinsmoke Reiju,PUG-D134F136,sold,0,,not_recorded,5NAE3EHYNYNYJL6OA7IMRMPS,0,0,not_recorded,visibility=visible;status=sold;sellable_quantity=0,not_recorded,0,no_sync_record,,website_projection_missing;kiosk_projection_not_recorded
1,connected,local-inventory-6997b9bd-34ce-4914-a397-01b459d7486e,df0c1aff-27e4-1fc1-b632-3d621d5856ab,Exalted Sunborn,PUG-DC39DB50,available,1,,not_recorded,LRHKKTJJLLZMV6B7IDNBOFGZ,1,1,not_recorded,visibility=visible;status=available;sellable_quantity=1,not_recorded,0,synced,,website_projection_missing;kiosk_projection_not_recorded
1,connected,local-inventory-9b701ec4-c851-44f9-8e4f-bfe216f29aaf,6f02fe18-d149-c0db-9e97-afeb08cc2c87,Koala,PUG-5489B1D4,available,1,,not_recorded,AI7FPQLM5HYBTQWZ6H7SC2GI,1,1,not_recorded,visibility=visible;status=available;sellable_quantity=1,not_recorded,0,synced,,website_projection_missing;kiosk_projection_not_recorded
1,connected,local-inventory-2f757960-b046-437a-b7a5-32d0670237cd,f5fc1f04-e0f6-6ad1-cb44-980d9eecc07e,"Elspeth, Storm Slayer",PUG-CAC13FDA,available,1,,not_recorded,LJQCPAQZUZJBAIA2M5IBWEQA,1,1,not_recorded,visibility=visible;status=available;sellable_quantity=1,not_recorded,0,synced,,website_projection_missing;kiosk_projection_not_recorded
1,connected,local-inventory-9ecb6f1b-a587-495b-9029-b6fbdae82f4e,bbc6b6e5-d896-8348-1a92-26e1ce26a1a9,Mega Clefable ex,PUG-A67E5BFF,available,1,,not_recorded,FVLC2DZ45D5ZJLKRNSZLE6J5,1,1,not_recorded,visibility=visible;status=available;sellable_quantity=1,not_recorded,0,synced,,website_projection_missing;kiosk_projection_not_recorded
1,connected,local-inventory-ec1728e1-e1f5-4145-8b52-e8659a4a4e03,eec14cb0-fdfe-572e-992b-ab6ce72362ad,"Ral, Crackling Wit",PUG-FB15EA16,available,1,status=available;quantity=1;online=visible;kiosk=visible,not_recorded,JRQLU4ARP4ILAVJA6ROIGTYC,1,1,not_recorded,visibility=visible;status=available;sellable_quantity=1,not_recorded,0,synced,,kiosk_projection_not_recorded
1,connected,local-inventory-9dbe9b1d-7d3c-4c98-b67c-b24373042436,c636f390-e9ff-a987-32e2-127af4a6caa7,"Noctis, Prince of Lucis",PUG-3BCD3E82,available,1,,not_recorded,GRTUHALXJ73F3WRSAXRA22LF,1,1,not_recorded,visibility=visible;status=available;sellable_quantity=1,not_recorded,0,synced,,website_projection_missing;kiosk_projection_not_recorded
1,connected,local-inventory-5e79286c-f56c-4417-ae57-5fed97074de3,cc31c7ab-6026-3c3e-28f9-f94b7ae763cb,Sword of Wealth and Power,PUG-02E6B249,sold,0,,not_recorded,WDB3FSGYDQ6HAHZVJAYAGR4H,0,0,not_recorded,visibility=visible;status=sold;sellable_quantity=0,not_recorded,0,no_sync_record,,website_projection_missing;kiosk_projection_not_recorded
1,connected,local-inventory-82beb080-1d1d-4b91-a8b5-e08e290dae2d,27e002d7-9529-db9b-3a22-5dc7d288e95c,Beseech the Mirror,PUG-9794EF89,available,1,,not_recorded,RQ2BM6D637J7TJLRXFGLNHLP,1,1,not_recorded,visibility=visible;status=available;sellable_quantity=1,not_recorded,0,synced,,website_projection_missing;kiosk_projection_not_recorded
1,connected,local-inventory-992cf1a3-29cf-433a-bed1-390dc58e5561,97829a41-ed5e-0471-682d-c597cfb65d27,Improvisation Capstone,PUG-E3A2CCB6,available,1,,not_recorded,NVOQS5B5F6RFAQGPCG6JEWNG,1,1,not_recorded,visibility=visible;status=available;sellable_quantity=1,not_recorded,0,synced,,website_projection_missing;kiosk_projection_not_recorded
1,connected,local-inventory-cce39827-6657-44ab-9f0f-ccb05c401ab9,f2badf5e-296e-5d50-1463-b86d45c0688e,Blood Crypt,PUG-83E8D2ED,available,1,status=available;quantity=1;online=visible;kiosk=visible,not_recorded,KKOLN4MOAKHZRZTT5OKDDT7U,1,1,not_recorded,visibility=visible;status=available;sellable_quantity=1,not_recorded,0,synced,,kiosk_projection_not_recorded
1,connected,local-inventory-b2417d91-2791-47cb-8f97-842b8431f1ba,0d20a7bd-c14d-1c65-325d-322a9f95029d,Steam Vents,PUG-0A6966ED,sold,0,,not_recorded,QZCLP6LXJXQRIDCDGWCDYUQE,0,0,not_recorded,visibility=visible;status=sold;sellable_quantity=0,not_recorded,0,no_sync_record,,website_projection_missing;kiosk_projection_not_recorded
1,connected,local-inventory-42055c52-2a70-4627-8baf-d5e94ffa997c,fd7947d2-b6c0-1e30-0ded-94c5b8b8dda8,Mystic Remora,PUG-99532A75,available,1,,not_recorded,BKXEEHVWHIFURN56UA6KXZ2U,1,1,not_recorded,visibility=visible;status=available;sellable_quantity=1,not_recorded,0,synced,,website_projection_missing;kiosk_projection_not_recorded
1,connected,local-inventory-c7561953-e640-4de5-bf2e-c969f820eca6,0007f2f7-f79a-fcc2-8504-7d66bec8a332,Blood Crypt // Blood Crypt,PUG-3C1967F9,available,1,,not_recorded,U5J5G3CZSSRSNVTBTFVAB6DR,1,0,not_recorded,visibility=visible;status=available;sellable_quantity=1,not_recorded,0,synced,,website_projection_missing;square_count_mismatch;kiosk_projection_not_recorded
1,connected,local-inventory-e6c0db0c-df81-45fe-9a4f-c643c35384d7,6743b739-6b16-ad23-e5d8-c25f20515e1f,Mirrorform,PUG-B9A14A13,available,1,status=available;quantity=1;online=visible;kiosk=visible,not_recorded,ZQAQPOULCIV3IL3AZJBUX4FB,1,1,not_recorded,visibility=visible;status=available;sellable_quantity=1,not_recorded,0,synced,,kiosk_projection_not_recorded
1,connected,local-inventory-040ad830-ce27-4c24-bcd8-560c4530c739,8cb32204-a443-7e60-a3a3-c38d62af0c06,Akroma's Will,PUG-961BB091,available,1,,not_recorded,ZT7SFZJEJIQNLCD2BVONSF42,1,1,not_recorded,visibility=visible;status=available;sellable_quantity=1,not_recorded,0,synced,,website_projection_missing;kiosk_projection_not_recorded
1,connected,local-inventory-609fc2d5-9a63-4ccd-9dae-3b4502f36f6d,93537ba9-446b-1424-25c2-0737666f97f5,Crop Rotation,PUG-08B9CE4D,available,1,,not_recorded,C4WQBPCPX7B24MZJEHZTIIR6,1,1,not_recorded,visibility=visible;status=available;sellable_quantity=1,not_recorded,0,synced,,website_projection_missing;kiosk_projection_not_recorded
1,connected,local-inventory-636f356f-0548-40a7-a81a-62c19cb818bb,e0546317-7f01-f1ab-39d1-bbb7e060e0a4,Badgermole Cub,PUG-E22A22A4,available,1,status=available;quantity=1;online=visible;kiosk=visible,not_recorded,O35T646ZLE6JRZDVKAEYQHC4,1,1,not_recorded,visibility=visible;status=available;sellable_quantity=1,not_recorded,0,synced,,kiosk_projection_not_recorded
1,connected,local-inventory-5cdc8f37-2fb6-4fc7-a4a3-889979c5ddc1,7cd31756-cd35-d450-cf50-c9e4e142ea43,"Wan Shi Tong, Librarian",PUG-AE4C4D86,available,1,,not_recorded,LSKK6SPJTVDS3DH54GE4T7VL,1,1,not_recorded,visibility=visible;status=available;sellable_quantity=1,not_recorded,0,synced,,website_projection_missing;kiosk_projection_not_recorded
1,connected,local-inventory-b5ee03bb-c072-4681-9114-8131d3f5fb62,2616cae6-c476-08fa-0bd0-4f1088765ee5,Sabo,PUG-C64B61D2,available,1,,not_recorded,BQZJIAXAYOXCFLLGFUNH6BXI,1,1,not_recorded,visibility=visible;status=available;sellable_quantity=1,not_recorded,0,no_sync_record,,website_projection_missing;kiosk_projection_not_recorded
1,connected,local-inventory-d06c3800-2f01-48a7-aae1-81f99127317f,cb953edd-bfde-6895-b7ab-6c186644e3dc,Spire Garden,PUG-9C2351E4,available,1,,not_recorded,LWIWJPCRY5IWSJV5G5QSQGEH,1,1,not_recorded,visibility=visible;status=available;sellable_quantity=1,not_recorded,0,synced,,website_projection_missing;kiosk_projection_not_recorded
1,connected,local-inventory-50310786-a972-4993-bd8b-be17506263ef,a0d949ef-e208-9492-00ba-a902c213a9ba,Vibrance,PUG-3C3275C3,available,1,,not_recorded,ONEYLXNESNRVNXGJU5NWRWFR,1,1,not_recorded,visibility=visible;status=available;sellable_quantity=1,not_recorded,0,synced,,website_projection_missing;kiosk_projection_not_recorded
1,connected,local-inventory-b26f7265-35af-4f60-b816-d9ccf09f22f4,a5410034-2bff-2224-f23c-4f8815f194fa,"Witherbloom, the Balancer",PUG-76309FDF,available,1,,not_recorded,I6ZJP66WRPYYQZAW7NPKR5PZ,1,0,not_recorded,visibility=visible;status=available;sellable_quantity=1,not_recorded,0,synced,,website_projection_missing;square_count_mismatch;kiosk_projection_not_recorded
1,connected,local-inventory-b8a69249-83a8-4959-90a6-ef8e9c724e50,abc4c937-d04d-6c87-0e3d-385f32b4f00b,The Scorpion God,PUG-090FDDDA,available,1,status=available;quantity=1;online=visible;kiosk=visible,not_recorded,42OX66PHCFAAYTNACYPWKYYR,1,1,not_recorded,visibility=visible;status=available;sellable_quantity=1,not_recorded,0,synced,,kiosk_projection_not_recorded
1,connected,local-inventory-62e81ea4-ed9e-4465-83bb-f7929a8e8565,c0de58e6-7aed-e2ae-6417-8a2b6a391c1c,Take the Bait,PUG-899C5BCC,available,1,,not_recorded,JHUBZUA2RGMWIPHEW3JQ5PC4,1,0,not_recorded,visibility=visible;status=available;sellable_quantity=1,not_recorded,0,no_sync_record,,website_projection_missing;square_count_mismatch;kiosk_projection_not_recorded
1,connected,local-inventory-b0692369-50f9-428f-ba87-be0a8101130d,d1407bd0-9595-9919-ab5a-f084642619ab,"Sauron, the Dark Lord",PUG-50E2B580,available,1,,not_recorded,KXMUGYEEHMK47AYVQ3KWFIQK,1,1,not_recorded,visibility=visible;status=available;sellable_quantity=1,not_recorded,0,no_sync_record,,website_projection_missing;kiosk_projection_not_recorded
1,connected,local-inventory-2feefcaa-3235-413f-b14c-6d273fb83d74,95ce9a35-b480-e7ee-43f7-6d2d9abb3300,Resonating Lute,PUG-1B0BB454,available,1,,not_recorded,T26NQVDCWPR7LGPXKYXCOD22,1,1,not_recorded,visibility=visible;status=available;sellable_quantity=1,not_recorded,0,no_sync_record,,website_projection_missing;kiosk_projection_not_recorded
1,connected,local-inventory-81ca633b-7a83-4a29-a477-1ecde12e82a6,496a96e8-aef4-9127-ac03-6937f465db57,Ramses Overdark,PUG-92A132CE,available,1,,not_recorded,5TSFTDWNGMSB4WPGZUX3CD4B,1,1,not_recorded,visibility=visible;status=available;sellable_quantity=1,not_recorded,0,no_sync_record,,website_projection_missing;kiosk_projection_not_recorded
1,connected,local-inventory-18b0a87a-b164-43eb-9868-0a211bb1cd13,c9ab60e9-4d91-8412-3be4-dd1701f79ceb,Pinkie Pie,PUG-6083264D,available,1,,not_recorded,PSWS2IF6BOF34A2P3MQSPMV2,1,0,not_recorded,visibility=visible;status=available;sellable_quantity=1,not_recorded,0,no_sync_record,,website_projection_missing;square_count_mismatch;kiosk_projection_not_recorded
1,connected,local-inventory-3e82ffbd-a7e1-4e57-8562-edf4d3b4bb28,9bbe550c-c4ff-4438-4fa6-7efc1fdbb083,Phelddagrif,PUG-9AA92449,available,1,,not_recorded,2HXJEJ2VFS2TECYMWUBV5YTL,1,0,not_recorded,visibility=visible;status=available;sellable_quantity=1,not_recorded,0,synced,,website_projection_missing;square_count_mismatch;kiosk_projection_not_recorded
1,connected,local-inventory-73a6d62c-5efa-4bd5-baee-8ca2e09e4f7b,9cd0b31c-c8c2-8dfb-0c5f-7a6e7130ea8b,Koby,PUG-C6F0563B,available,1,,not_recorded,UQVIAPYCL7NOPQ46NN2STKFG,1,1,not_recorded,visibility=visible;status=available;sellable_quantity=1,not_recorded,0,no_sync_record,,website_projection_missing;kiosk_projection_not_recorded
1,connected,local-inventory-49cf8c90-a65f-4097-b0a0-ee1517989d39,d135e504-4bc4-61b2-273f-a327ee76116b,Applejack,PUG-5292C8D7,sold,0,,not_recorded,MRUKSL3H2CSMMXGCNIM4BZDZ,0,0,not_recorded,visibility=visible;status=sold;sellable_quantity=0,not_recorded,0,no_sync_record,,website_projection_missing;kiosk_projection_not_recorded
1,connected,local-inventory-b9e62ea1-a1fc-4781-a19d-7f835bca21cc,612f3275-6c1b-0c20-55fd-68b5a0975109,Shanks,PUG-765BBFD4,available,1,,not_recorded,E6FJWCPP2F55EZ2HJK7TGB3F,1,1,not_recorded,visibility=visible;status=available;sellable_quantity=1,not_recorded,0,synced,,website_projection_missing;kiosk_projection_not_recorded
1,connected,local-inventory-8f9b6b59-7a15-489a-9eba-8c5c4aafe0d7,183ac67d-d565-ab9e-2ab3-442ecec7f313,Brook,PUG-0F2679B8,sold,0,,not_recorded,RVVINP5ZNZY2STRQDPSLDYNP,0,0,not_recorded,visibility=visible;status=sold;sellable_quantity=0,not_recorded,0,no_sync_record,,website_projection_missing;kiosk_projection_not_recorded
1,connected,local-inventory-60d9e99b-6f1c-4e3f-92d0-4ae890bd3366,33b0988b-02d0-d225-d85c-b9cf741a6aec,Sanji,PUG-BCC1DFC0,removed,1,,not_recorded,PJVQ63NOFQD7VRMZ3PC77XH7,0,0,not_recorded,visibility=hidden;status=removed;sellable_quantity=0,not_recorded,0,synced,,website_projection_missing;kiosk_projection_not_recorded
1,connected,local-inventory-65bcf5d1-88fb-4e8f-8681-838b93b382f8,a7fac8e2-4c6a-7fea-73d8-31bb77360fac,Wooded Foothills,PUG-F1E97CA0,sold,0,,not_recorded,ABKJAAJG5ZKCYZWDXT6YKXSD,0,0,not_recorded,visibility=visible;status=sold;sellable_quantity=0,not_recorded,0,no_sync_record,,website_projection_missing;kiosk_projection_not_recorded
1,connected,local-inventory-9add9e7e-bd7c-4cca-96f4-278b991c840c,3744ba85-f876-320c-7562-b5cc3a44f28a,Stormcarved Coast,PUG-56A63FC6,sold,0,,not_recorded,D2QHRNGI3JQE6PXYGRSXCJCV,0,0,not_recorded,visibility=visible;status=sold;sellable_quantity=0,not_recorded,0,no_sync_record,,website_projection_missing;kiosk_projection_not_recorded
1,connected,local-inventory-17a95c5c-b07c-41e7-9325-08f40ab74413,23cfcffd-5015-4d73-d57c-a3a924467967,Erode,PUG-E9556058,available,1,,not_recorded,WXWDN2PL3JM45Q7F5RVJBT3O,1,1,not_recorded,visibility=visible;status=available;sellable_quantity=1,not_recorded,0,synced,,website_projection_missing;kiosk_projection_not_recorded
1,connected,local-inventory-ced59e6f-bf7c-4158-bcd4-5856944dc0dd,513bc849-4c75-4f6d-b6b0-9ac920997e61,"Silverquill, the Disputant",PUG-1B1ADE36,removed,0,,not_recorded,LVRRRYWV2LWKRY5CTD4P4NO3,0,0,not_recorded,visibility=hidden;status=removed;sellable_quantity=0,not_recorded,0,synced,,website_projection_missing;kiosk_projection_not_recorded
1,connected,local-inventory-b9ef7935-5ad4-4768-b166-1817ec86327f,c6cd6c32-fd07-f413-125f-99adfc13fcd5,Force of Despair,PUG-E6C6D94E,available,1,,not_recorded,VJVOFXGRWARISX2T6ZJ7KDE5,1,1,not_recorded,visibility=visible;status=available;sellable_quantity=1,not_recorded,0,synced,,website_projection_missing;kiosk_projection_not_recorded
1,connected,local-inventory-dc25e32f-ea3d-401b-b616-c682c5329482,e26f8355-63ee-e607-fd69-03c37a0793ec,Sanji,PUG-0C3D671F-01,available,1,status=available;quantity=1;online=visible;kiosk=visible,not_recorded,6PJAPAIKIQL6G4ONN2WXOTCV,1,1,not_recorded,visibility=visible;status=available;sellable_quantity=1,not_recorded,0,synced,,kiosk_projection_not_recorded
1,connected,local-inventory-a6d47f7e-60a2-42af-a8ef-f23b35b12323,5ca99f37-0e76-140b-79d4-edb2f550bfbb,Sanji,PUG-0C3D671F-02,sold,0,,not_recorded,UZABEMLTXLXCW7THU4BLEBJ5,0,0,not_recorded,visibility=visible;status=sold;sellable_quantity=0,not_recorded,0,no_sync_record,,website_projection_missing;kiosk_projection_not_recorded
1,connected,local-inventory-c72187f8-ada8-4f02-a463-bceda00b80d3,4d984295-2cde-34e5-3212-5af40ac79ca6,"Heliod, God of the Sun",PUG-9CDE4DEC,available,0,,not_recorded,CPIXZZ3AT5VM6FCSQ7HAXJI6,0,0,not_recorded,visibility=visible;status=available;sellable_quantity=0,not_recorded,0,synced,,website_projection_missing;kiosk_projection_not_recorded
1,connected,local-inventory-5d5c4fe7-7802-458d-ada5-5a991b82f1ed,52b3ee0e-cb9d-8696-a470-b67e5909f329,Magus of the Wheel,PUG-5DC3550C,sold,0,,not_recorded,ID4PDGLS6FV6HLBQKJCN2TM7,0,0,not_recorded,visibility=visible;status=sold;sellable_quantity=0,not_recorded,0,no_sync_record,,website_projection_missing;kiosk_projection_not_recorded
1,connected,local-inventory-8e1a0f32-2de8-44b9-83db-5b2dd303285a,8414ac41-502d-7378-6e24-3e8129c446ec,Shadow the Hedgehog,PUG-E1B222BC,sold,0,,not_recorded,GAYOKZUISHXS4OQK7V6PG7Y5,0,0,not_recorded,visibility=visible;status=sold;sellable_quantity=0,not_recorded,0,no_sync_record,,website_projection_missing;kiosk_projection_not_recorded
1,connected,local-inventory-2018a7a1-1f8d-48f5-8f9a-4c7c7d511923,3c97d227-e81c-8dfa-efcd-79ff96c3431f,Goblin Bombardment,PUG-76385945,available,1,,not_recorded,NOWIPMNTP5YTHEVLA7XJE5X7,1,1,not_recorded,visibility=visible;status=available;sellable_quantity=1,not_recorded,0,synced,,website_projection_missing;kiosk_projection_not_recorded
1,connected,local-inventory-ca33eaa3-0d81-4404-9367-b33e27f951c1,f5665d41-f46b-4097-c705-f25e058908d7,"Lae'zel, Vlaakith's Champion",PUG-00D67A8A,sold,0,,not_recorded,PU437IKFRKMMXMJBT2QACMHN,0,0,not_recorded,visibility=visible;status=sold;sellable_quantity=0,not_recorded,0,no_sync_record,,website_projection_missing;kiosk_projection_not_recorded
1,connected,local-inventory-49d17be7-626c-47bb-87dd-41ce9c770f24,2418763e-f7c7-1b48-89bc-678bf880f70f,Norn's Annex,PUG-B75B7647,available,1,,not_recorded,TRMTPWTWE2GTDL56NY222JB5,1,1,not_recorded,visibility=visible;status=available;sellable_quantity=1,not_recorded,0,synced,,website_projection_missing;kiosk_projection_not_recorded
1,connected,local-inventory-e78ed2e6-c76e-47aa-88ba-574cd32e8756,4d1221e1-da5c-b91e-006b-8561efe35bb7,Soul of the Harvest,PUG-FEE0DC33,available,1,,not_recorded,ZSRFC42F22WZMC42JZ7UGYS6,1,0,not_recorded,visibility=visible;status=available;sellable_quantity=1,not_recorded,0,no_sync_record,,website_projection_missing;square_count_mismatch;kiosk_projection_not_recorded
1,connected,local-inventory-0dd5139b-56c1-46e3-bd26-4f1e20944dce,83901bd9-b779-5e68-5c0f-08d9ac62d74d,Fauna Shaman,PUG-2286D3C8,available,1,,not_recorded,D2I56CYWXKX5KCQVL43XNBDL,1,1,not_recorded,visibility=visible;status=available;sellable_quantity=1,not_recorded,0,synced,,website_projection_missing;kiosk_projection_not_recorded
1,connected,local-inventory-47544a09-d2c1-497b-93a3-aee3c2c77797,1b7e0d5e-0e8a-c00c-91ef-6ce2e3376ded,Temur Ascendancy,PUG-1CC6ED2A,sold,0,,not_recorded,DCCM2PLQJ7YWA7TJFGTMMLIJ,0,0,not_recorded,visibility=visible;status=sold;sellable_quantity=0,not_recorded,0,no_sync_record,,website_projection_missing;kiosk_projection_not_recorded
1,connected,local-inventory-995e09af-9494-4def-ba69-2402396f958f,55b8b1f7-cbab-69a0-791c-0103dadcbe05,Stormcarved Coast,PUG-BB523D0C,available,1,,not_recorded,276K5C7RO6L7JZNHM2IIGCX3,1,1,not_recorded,visibility=visible;status=available;sellable_quantity=1,not_recorded,0,synced,,website_projection_missing;kiosk_projection_not_recorded
1,connected,local-inventory-b2482db2-0838-44c3-b8cb-ac47553045b8,de857824-bdb9-1eeb-baa8-a4354c28c25d,Enduring Courage,PUG-928BE134,available,1,,not_recorded,33GVUGUPFBMSVWQSUJF7XRRW,1,0,not_recorded,visibility=visible;status=available;sellable_quantity=1,not_recorded,0,no_sync_record,,website_projection_missing;square_count_mismatch;kiosk_projection_not_recorded
1,connected,local-inventory-d000339c-2105-4502-8c20-09e43c0f896a,f322d032-0df9-0672-614a-4ae819566aa6,Maelstrom Wanderer,PUG-D579239E,available,1,,not_recorded,XALVBGUZ6HKYPQKOH6ST6EGU,1,0,not_recorded,visibility=visible;status=available;sellable_quantity=1,not_recorded,0,synced,,website_projection_missing;square_count_mismatch;kiosk_projection_not_recorded
1,connected,local-inventory-2c1d86e7-a9c6-4e1d-b601-c351d41fd3c1,4a93775b-e44c-b7ad-a0e5-ae15bc16b0c6,Swiftfoot Boots,PUG-5FECB13D,sold,0,,not_recorded,2RSVNFFVENVFVDIXGDSOQFOC,0,0,not_recorded,visibility=visible;status=sold;sellable_quantity=0,not_recorded,0,no_sync_record,,website_projection_missing;kiosk_projection_not_recorded
1,connected,local-inventory-0f401316-1836-447d-b8a3-4f0a186316ac,c125f29a-c99f-fc9b-0c1c-37c205495990,Ancient Bronze Dragon,PUG-83F21934,available,1,,not_recorded,66USMWCZENLJWCZH5YAEJ4HK,1,0,not_recorded,visibility=visible;status=available;sellable_quantity=1,not_recorded,0,synced,,website_projection_missing;square_count_mismatch;kiosk_projection_not_recorded
1,connected,local-inventory-e69973bd-be85-4beb-adf9-2697fca338c5,aa84b19f-ee75-afe2-9ce2-894fca704f48,"Selvala, Heart of the Wilds",PUG-FA7EF96A,available,1,,not_recorded,4ADSDQKAO7D6SEWI6UK67UQK,1,1,not_recorded,visibility=visible;status=available;sellable_quantity=1,not_recorded,0,synced,,website_projection_missing;kiosk_projection_not_recorded
1,connected,local-inventory-73efd21c-f5f5-43cb-90b6-cfa216e5f02e,d03aee02-1b22-9da2-cc54-8602687a0c35,Birds of Paradise,PUG-B3840757,available,1,,not_recorded,WYPEDYYNOL65J5Q6Y3EXA6GL,1,1,not_recorded,visibility=visible;status=available;sellable_quantity=1,not_recorded,0,no_sync_record,,website_projection_missing;kiosk_projection_not_recorded
1,connected,local-inventory-9a1b6642-98fe-4ed6-88e1-b80c75e2c6a8,268a4838-680f-f907-ec71-5ce5b5afeb83,Spellskite,PUG-877631B0,available,1,,not_recorded,4BKU47CQISY3YELP3JSA263F,1,1,not_recorded,visibility=visible;status=available;sellable_quantity=1,not_recorded,0,no_sync_record,,website_projection_missing;kiosk_projection_not_recorded
1,connected,local-inventory-031824ec-e7a7-4d64-8b25-cd382644eb5c,33da5424-73b9-9313-f67a-a90cfb6612cf,Heroic Intervention,PUG-1F8BA252,sold,0,,not_recorded,GK7Y3GC57BKYBSHGNFC65Q3Q,0,0,not_recorded,visibility=visible;status=sold;sellable_quantity=0,not_recorded,0,no_sync_record,,website_projection_missing;kiosk_projection_not_recorded
1,connected,local-inventory-fc6cf8c5-14fd-4a46-8a1f-271b0716b274,35e0cbc5-cefe-2ca4-75be-8af596813ba0,Swan Song,PUG-1BE4339F,sold,0,,not_recorded,GCPYJYN7CB5O52JW2USNPHIE,0,0,not_recorded,visibility=visible;status=sold;sellable_quantity=0,not_recorded,0,synced,,website_projection_missing;kiosk_projection_not_recorded
1,connected,local-inventory-86feb613-ca7d-48e4-91f4-981232f9cfa2,ecd07f14-5b1c-dd50-db9b-856697b793ef,Jewelry Bonney,PUG-A4A39866,available,1,,not_recorded,WFOJE6GA6FYY4A5OCFA5LKQL,1,1,not_recorded,visibility=visible;status=available;sellable_quantity=1,not_recorded,0,no_sync_record,,website_projection_missing;kiosk_projection_not_recorded
1,connected,local-inventory-62972618-9d0a-442f-9cc2-f32eb6f72224,4385d993-4369-cf19-7dca-e950d82cc20d,Enduring Curiosity,PUG-063F8142,available,2,,not_recorded,XSZQDM3ADEGBQQOOBPUFBAL3,2,2,not_recorded,visibility=visible;status=available;sellable_quantity=2,not_recorded,0,synced,,website_projection_missing;kiosk_projection_not_recorded
1,connected,local-inventory-7a83e76c-d80e-43eb-ae44-3b07f44e2a57,fcc8e545-8568-0463-fdd6-1e328e209124,Training Center,PUG-15CB53F4,sold,0,,not_recorded,YQIF4MPU4BXWAN5E2EGXO6MG,0,0,not_recorded,visibility=visible;status=sold;sellable_quantity=0,not_recorded,0,no_sync_record,,website_projection_missing;kiosk_projection_not_recorded
1,connected,local-inventory-5595c7b9-120e-41c5-b924-966ebe927f65,9fc60676-c9e1-ffc1-8204-ea24ba6ab2b7,Rejuvenating Springs,PUG-30ED4656,available,1,,not_recorded,E4AP6GIPZAG7P4VUTR6AXAXY,1,1,not_recorded,visibility=visible;status=available;sellable_quantity=1,not_recorded,0,synced,,website_projection_missing;kiosk_projection_not_recorded
1,connected,local-inventory-ec78a845-68ac-4f83-922e-38e4ea529663,b91a7774-53c4-8ce0-a163-81ded679458f,"Gwenna, Eyes of Gaea",PUG-C7483A5C,available,1,,not_recorded,JHDHMUURWNUZHMOMU32BWMKS,1,0,not_recorded,visibility=visible;status=available;sellable_quantity=1,not_recorded,0,synced,,website_projection_missing;square_count_mismatch;kiosk_projection_not_recorded
1,connected,local-inventory-ef2a762b-2a63-4450-a1e6-12335513e510,2157b473-0ef0-854c-43cd-751952e45379,Glen Elendra Archmage,PUG-B53E0055,available,1,,not_recorded,VS2PKTE57JQTD4PV7AFMXXPW,1,1,not_recorded,visibility=visible;status=available;sellable_quantity=1,not_recorded,0,synced,,website_projection_missing;kiosk_projection_not_recorded
1,connected,local-inventory-096b7b81-a5b5-46c1-a501-6915dbfc5093,890a05ea-cb53-b920-fdd3-5810ba9862a5,Agate Instigator,PUG-F49E0BFC,available,1,,not_recorded,AHJY2REY5KZSYN5VSNKPOETN,1,1,not_recorded,visibility=visible;status=available;sellable_quantity=1,not_recorded,0,synced,,website_projection_missing;kiosk_projection_not_recorded
1,connected,local-inventory-fab3cdc7-ba1f-4cc5-b9d5-b4c3f3258d49,176896cf-7286-ef30-93d2-5028c5d3fcd2,Beast Whisperer,PUG-84F2D2F8,available,1,,not_recorded,EWQJ7LBISOZUZ5I4LTHTEX7Y,1,1,not_recorded,visibility=visible;status=available;sellable_quantity=1,not_recorded,0,synced,,website_projection_missing;kiosk_projection_not_recorded
1,connected,local-inventory-2a0fb0bd-bde1-4d34-b6d6-ad220651323a,8a0889a6-6075-4b02-2218-eb2f2c3b5714,Surrak Dragonclaw,PUG-586D0C77,available,1,,not_recorded,RKDRJVKVZQZX2CLYDZ2LMLRO,1,0,not_recorded,visibility=visible;status=available;sellable_quantity=1,not_recorded,0,synced,,website_projection_missing;square_count_mismatch;kiosk_projection_not_recorded
1,connected,local-inventory-e77449b4-cb40-4000-83b2-d1633f35adf6,059ff556-e028-135f-cc0a-ee2fa3fe7a0e,Breeding Pool,PUG-DC32CD74,sold,0,,not_recorded,3NZ5BSMZXPP7L6AE7IDXX2RS,0,0,not_recorded,visibility=visible;status=sold;sellable_quantity=0,not_recorded,0,no_sync_record,,website_projection_missing;kiosk_projection_not_recorded
1,connected,local-inventory-645db27d-c36b-4869-a8c3-f292d5af6f8d,0d426a3a-038d-e2c8-0e29-3b4cf3cb0e5a,Prowling Serpopard,PUG-6B1C4308,available,1,,not_recorded,NPGULFIWOLAYJNGIR5CFF7EG,1,0,not_recorded,visibility=visible;status=available;sellable_quantity=1,not_recorded,0,synced,,website_projection_missing;square_count_mismatch;kiosk_projection_not_recorded
1,connected,local-inventory-4eb1a4ff-2883-49e5-a0d6-1942894d3bfb,af0bf3e4-2756-4901-9494-2f83011af581,An Offer You Can't Refuse,PUG-C7186DA1,available,1,,not_recorded,4LRXYYTOZRQ2F4IMGFEU43LC,1,0,not_recorded,visibility=visible;status=available;sellable_quantity=1,not_recorded,0,synced,,website_projection_missing;square_count_mismatch;kiosk_projection_not_recorded
1,connected,local-inventory-4cd3cdeb-34a1-4272-b946-330770a8bc68,e0cf6806-6fe1-41d2-4bc0-188f4f83fb56,Apex Devastator,PUG-E410A79B,sold,0,,not_recorded,QT264MQU4P6B3DUC2NO5KYEF,0,0,not_recorded,visibility=visible;status=sold;sellable_quantity=0,not_recorded,0,no_sync_record,,website_projection_missing;kiosk_projection_not_recorded
1,connected,local-inventory-a9f485b5-4744-4503-9263-c5bfedac5f1e,22e01949-d504-e638-97d2-245f91f0e36e,Wandering Archaic // Explore the Vastlands,PUG-FF8C9243,available,1,,not_recorded,LSSBESWUKGAQO3TKSNGB52MI,1,1,not_recorded,visibility=visible;status=available;sellable_quantity=1,not_recorded,0,synced,,website_projection_missing;kiosk_projection_not_recorded
1,connected,local-inventory-c2627ff2-dc9a-4ac6-90c7-54deea81af7e,0e457da2-5400-0346-29b2-b47000c5a974,Urabrask the Hidden,PUG-F238665E,available,1,,not_recorded,WP2WLXNGS4PU4GRTPH54TNAK,1,0,not_recorded,visibility=visible;status=available;sellable_quantity=1,not_recorded,0,no_sync_record,,website_projection_missing;square_count_mismatch;kiosk_projection_not_recorded
1,connected,local-inventory-0af8590c-7344-4641-9ea2-24483b6e7335,7c7e657f-d3f3-f979-a1a1-ea39ce8e0a39,Flashback,PUG-3D36C793,available,1,,not_recorded,JWWAC3HLBGHPSFCMFZEIA7KB,1,0,not_recorded,visibility=visible;status=available;sellable_quantity=1,not_recorded,0,synced,,website_projection_missing;square_count_mismatch;kiosk_projection_not_recorded
1,connected,local-inventory-89df415b-5983-4cec-be2b-189a2beb63f2,99ef2ac3-1ae0-eeae-e4ae-f343dee2179d,Flashback,PUG-0FD36692,available,1,,not_recorded,UEIQSBA4M4VCW77G5VD3VBJF,1,1,not_recorded,visibility=visible;status=available;sellable_quantity=1,not_recorded,0,synced,,website_projection_missing;kiosk_projection_not_recorded
1,connected,local-inventory-a8ab54a4-b313-468e-b271-625a5d43ec44,503278fb-268d-7e4c-8d38-35091a905147,Decorum Dissertation,PUG-16286013,sold,0,,not_recorded,3M3KZDLL3PEJW5NKAUGUPHTM,0,0,not_recorded,visibility=visible;status=sold;sellable_quantity=0,not_recorded,0,no_sync_record,,website_projection_missing;kiosk_projection_not_recorded
1,connected,local-inventory-aadc2052-7c82-4e86-b652-9f542ecfc27b,c273f832-6386-7d61-ef6d-961a26b3138e,"Silverquill, the Disputant",PUG-7CF8F72E,available,1,,not_recorded,URQGZINFKQP4TCPQQIBYXWAH,1,1,not_recorded,visibility=visible;status=available;sellable_quantity=1,not_recorded,0,no_sync_record,,website_projection_missing;kiosk_projection_not_recorded
1,connected,local-inventory-3e127971-a74c-440c-8e95-63c099f1b8f4,122885a9-2178-2c09-aa4d-15242ba9b8d3,Stomping Ground,PUG-619D61AF,available,1,,not_recorded,YCQDO3ZPB2GQGPJYNXC7BUCW,1,1,not_recorded,visibility=visible;status=available;sellable_quantity=1,not_recorded,0,synced,,website_projection_missing;kiosk_projection_not_recorded
1,connected,local-inventory-f76f30bc-7908-4f1b-8c10-fc8e7d8f0b23,c26828a8-dd10-de9f-82ce-f9b3336c934b,Steam Vents,PUG-A59C5FF5,available,1,,not_recorded,EQIE6GSXO4XIJP4YMF4KRAFS,1,1,not_recorded,visibility=visible;status=available;sellable_quantity=1,not_recorded,0,synced,,website_projection_missing;kiosk_projection_not_recorded
1,connected,local-inventory-3922149b-aac2-4a94-a2b8-b6828fd6bc01,f62d87c6-2d77-96bf-0cdb-0692612db996,Turbulent Steppe,PUG-78EBCDD6,available,1,,not_recorded,P3ZDWP27LTME7KXXNDYGIRP4,1,1,not_recorded,visibility=visible;status=available;sellable_quantity=1,not_recorded,0,synced,,website_projection_missing;kiosk_projection_not_recorded
1,connected,local-inventory-9b8e2c25-0f10-4dc2-8eac-69aea853a16b,987681cf-2204-27d1-4465-3a62a3198fc1,Professor Dellian Fel,PUG-8CD39B41,available,1,,not_recorded,MTCXEJ5DYCQXAJUJDTE43ISJ,1,1,not_recorded,visibility=visible;status=available;sellable_quantity=1,not_recorded,0,synced,,website_projection_missing;kiosk_projection_not_recorded
1,connected,local-inventory-102cae31-d2e9-40dd-ae04-0fc81a0a6223,0ccdcb9a-a030-e1b0-f133-47944329350f,Eclipsed Steppe,PUG-60625336,available,1,,not_recorded,NCF7OPMC2EXEJVY7QPKM4FD4,1,1,not_recorded,visibility=visible;status=available;sellable_quantity=1,not_recorded,0,synced,,website_projection_missing;kiosk_projection_not_recorded
1,connected,local-inventory-a6126a31-51f3-4f43-a06d-538b07f33d90,6b7dc4f0-8992-978e-fd3d-7af5e602d922,Dreamroot Cascade,PUG-3CC21E7E,available,1,,not_recorded,VLMT2YE3FTM45Z5Z6BRJP4E7,1,0,not_recorded,visibility=visible;status=available;sellable_quantity=1,not_recorded,0,synced,,website_projection_missing;square_count_mismatch;kiosk_projection_not_recorded
1,connected,local-inventory-b619fc31-37a5-4de0-afc9-86d5e0fdcb16,e2471b54-1d13-974c-3d99-b6d076ad8b90,Mathemagics,PUG-05838F2D,available,1,,not_recorded,AGEYLJBSYQC7OCJ5V4Z5YVDK,1,1,not_recorded,visibility=visible;status=available;sellable_quantity=1,not_recorded,0,synced,,website_projection_missing;kiosk_projection_not_recorded
1,connected,local-inventory-7c6f75fa-5e5b-4994-9406-36f29e0aafae,a87ed0f8-50a9-b59d-f445-c51a0ef6bb7c,Grave Researcher // Reanimate,PUG-EAEBACE7,available,1,,not_recorded,QDDV5FBLARPN2BXUMFGIHCHO,1,0,not_recorded,visibility=visible;status=available;sellable_quantity=1,not_recorded,0,synced,,website_projection_missing;square_count_mismatch;kiosk_projection_not_recorded
1,connected,local-inventory-6d9740cd-c73e-4dbc-aac1-c5d796311d81,f093382c-9b10-401f-5238-7d5b45275771,Stormcarved Coast,PUG-D6412115,available,1,,not_recorded,PGFKT26WEOEAB7U3XEJRSFDP,1,1,not_recorded,visibility=visible;status=available;sellable_quantity=1,not_recorded,0,synced,,website_projection_missing;kiosk_projection_not_recorded
1,connected,local-inventory-de2901dc-75cf-41a1-8681-3656bbc88dc8,aab3d686-70b8-b1df-8eea-fc34e3477893,Skitterbeam Battalion,PUG-F868520B,available,1,,not_recorded,FO57MMKHECANCDE7OFFE4TCX,1,1,not_recorded,visibility=visible;status=available;sellable_quantity=1,not_recorded,0,synced,,website_projection_missing;kiosk_projection_not_recorded
1,connected,local-inventory-14ec4dbb-1452-433e-893c-09ddb6d48999,531c5335-ea9b-3712-93d1-02739678ab9d,Rebecca,PUG-2A269811-01,available,1,,not_recorded,RAXYXFJTXS24QFNTBEZTCIS5,1,0,not_recorded,visibility=visible;status=available;sellable_quantity=1,not_recorded,0,synced,,website_projection_missing;square_count_mismatch;kiosk_projection_not_recorded
1,connected,local-inventory-f8aaf3fb-19c9-4897-9422-38e305dbb427,1780585d-facd-2488-ecdc-17fd83881102,Rebecca,PUG-2A269811-02,available,1,,not_recorded,BWC5MX45A7T6YG44FNIUXN4P,1,1,not_recorded,visibility=visible;status=available;sellable_quantity=1,not_recorded,0,synced,,website_projection_missing;kiosk_projection_not_recorded
1,connected,local-inventory-5cc5df6d-cb6b-4f65-b23a-7432619f7e7b,28f3f685-1e90-5951-d041-69ef757320f1,Banner of Kinship,PUG-D5EBA170,available,1,,not_recorded,P4A7W2Y6EUUOS5O6GQYGTQ24,1,1,not_recorded,visibility=visible;status=available;sellable_quantity=1,not_recorded,0,synced,,website_projection_missing;kiosk_projection_not_recorded
1,connected,local-inventory-576d288d-ae85-4fc0-9422-d881f6957932,db9c1705-3174-8e9c-caa4-fb6fe6beba9d,"Jin-Gitaxias, Core Augur",PUG-8F366F4B,available,1,,not_recorded,NGGY7T33OMDPTHCRQHRVAZ5G,1,0,not_recorded,visibility=visible;status=available;sellable_quantity=1,not_recorded,0,synced,,website_projection_missing;square_count_mismatch;kiosk_projection_not_recorded
1,connected,local-inventory-3908e6f9-526f-46ff-9128-d031ff5ef6fb,fcdb2552-bf09-7462-7aee-7ef4e6af12c7,Pyretic Ritual,PUG-AF3F8F35,sold,0,,not_recorded,UMIDWZEB7EQSGFAOVQ7CTIMT,0,0,not_recorded,visibility=visible;status=sold;sellable_quantity=0,not_recorded,0,no_sync_record,,website_projection_missing;kiosk_projection_not_recorded
1,connected,local-inventory-52e8b3aa-2582-49ae-9e65-5a0cf91dbdf3,460cdc12-bba5-e412-6544-46daf155ea2b,Pitiless Plunderer,PUG-7CADB6F1,sold,0,,not_recorded,ENN36G2QQ6LATO2M5ZXPWMKV,0,0,not_recorded,visibility=visible;status=sold;sellable_quantity=0,not_recorded,0,no_sync_record,,website_projection_missing;kiosk_projection_not_recorded
1,connected,local-inventory-77222f14-cfe3-4739-b603-56ccead5df06,a01127c1-63bf-8efb-b016-2b04f15b8bc2,Vault of Whispers,PUG-9827F239,available,1,,not_recorded,OECTFHRVXT2V2GXPT6GZB7UI,1,1,not_recorded,visibility=visible;status=available;sellable_quantity=1,not_recorded,0,synced,,website_projection_missing;kiosk_projection_not_recorded
1,connected,local-inventory-d9da3f4b-1ba0-46f1-a4d6-ab693b42266d,dbe3cc91-166e-9e21-7f36-bb5c7bc13ce8,Great Furnace,PUG-07E4F55A,available,1,,not_recorded,CAMDHSAYK52W7CKXWWUR7OME,1,1,not_recorded,visibility=visible;status=available;sellable_quantity=1,not_recorded,0,synced,,website_projection_missing;kiosk_projection_not_recorded
1,connected,local-inventory-b1d6f286-b186-4631-9965-e48507e02116,c92d0c42-db5d-5aee-f162-2f398b698ad4,Traumatize,PUG-20294E92,available,1,,not_recorded,4N5LCIVSTO3Z2CHG53XNCIYJ,1,1,not_recorded,visibility=visible;status=available;sellable_quantity=1,not_recorded,0,synced,,website_projection_missing;kiosk_projection_not_recorded
1,connected,local-inventory-a1c24297-5d56-4a5d-8f21-6178830ea8c4,66a0f909-e026-75c0-6004-5f4dde5da0c5,"Oko, Lorwyn Liege // Oko, Shadowmoor Scion",PUG-6391DE98,available,1,,not_recorded,C4W5IVYR55MB6C5E73O63NWO,1,1,not_recorded,visibility=visible;status=available;sellable_quantity=1,not_recorded,0,synced,,website_projection_missing;kiosk_projection_not_recorded
1,connected,local-inventory-d2f309fd-8a77-4306-9c51-9fed07fa6ffe,52f549b6-48ec-700b-f899-02691c3170b5,Emeritus of Woe // Demonic Tutor,PUG-AE399767,available,1,,not_recorded,35UVFJB4BI5ULYM7Z4MCJFFN,1,1,not_recorded,visibility=visible;status=available;sellable_quantity=1,not_recorded,0,synced,,website_projection_missing;kiosk_projection_not_recorded
1,connected,local-inventory-584d73b6-b8d9-46c1-9aea-31e9315c1060,52327b44-e5e0-1713-05f5-6e9d896402c6,"Silverquill, the Disputant",PUG-15E65C70,available,2,,not_recorded,YTWANZENRUC272X7OTEUN4SK,2,2,not_recorded,visibility=visible;status=available;sellable_quantity=2,not_recorded,0,synced,,website_projection_missing;kiosk_projection_not_recorded
1,connected,local-inventory-216f733c-c59d-4204-a9e6-3a36fda5caed,b4635e8f-bb42-26e4-fa9a-a539292d7f2b,Culling the Weak,PUG-C17B84B8,available,1,,not_recorded,XEG4YWMNJUQZ5U245327YMCS,1,1,not_recorded,visibility=visible;status=available;sellable_quantity=1,not_recorded,0,synced,,website_projection_missing;kiosk_projection_not_recorded
1,connected,local-inventory-5e40eb80-2f2b-4810-9b78-7e9b85fb569c,1017037e-46e7-0d36-f153-4aeeeb7c91d9,Veil of Summer,PUG-E3F0F2C0,available,1,,not_recorded,RS3HBRBMAXHXPAXYKWGEYM76,1,1,not_recorded,visibility=visible;status=available;sellable_quantity=1,not_recorded,0,synced,,website_projection_missing;kiosk_projection_not_recorded
1,connected,local-inventory-a1209fba-61ba-43eb-aeb7-b60921ef4f77,9350d8be-dc62-f893-174b-63b50ea8229d,Talisman of Resilience,PUG-CF6F28F4,sold,0,,not_recorded,TIIZYV6VKY3YIF6EZNNU5PBI,0,0,not_recorded,visibility=visible;status=sold;sellable_quantity=0,not_recorded,0,no_sync_record,,website_projection_missing;kiosk_projection_not_recorded
1,connected,local-inventory-eb04dae2-8cd9-4960-9969-2c5460186aca,d9c753ac-1451-71f9-5943-84bb31195f44,Talisman of Conviction,PUG-409ED88B,sold,0,,not_recorded,KMVH4SLKE6DOYJT6SUWGYE2Z,0,0,not_recorded,visibility=visible;status=sold;sellable_quantity=0,not_recorded,0,no_sync_record,,website_projection_missing;kiosk_projection_not_recorded
1,connected,local-inventory-40a41b0a-4149-407b-9601-048d249c3a6c,48798a3a-aba8-ca17-3d99-78a10cb5be26,Ulti,PUG-ACB62FEB,available,1,,not_recorded,7RBEY4K3IRA3TOWZ2RY4DHZP,1,1,not_recorded,visibility=visible;status=available;sellable_quantity=1,not_recorded,0,no_sync_record,,website_projection_missing;kiosk_projection_not_recorded
1,connected,local-inventory-5c5cafc1-48b8-4c66-b6cf-620b3406b2bc,4725e331-3745-b823-c3f8-707f614125ed,Rebecca,PUG-AB56715E,available,1,,not_recorded,32AOY7756FFEJLRLSA52WI5V,1,0,not_recorded,visibility=visible;status=available;sellable_quantity=1,not_recorded,0,no_sync_record,,website_projection_missing;square_count_mismatch;kiosk_projection_not_recorded
1,connected,local-inventory-bb6db900-83a3-4d69-8880-053d0e640125,86b09082-4f58-2b67-c912-5c394023e2e4,Foxy,PUG-10C76DAC,available,1,,not_recorded,RG5RFWDOP4Y6JO6DKFIHB4K2,1,1,not_recorded,visibility=visible;status=available;sellable_quantity=1,not_recorded,0,no_sync_record,,website_projection_missing;kiosk_projection_not_recorded
1,connected,local-inventory-7582b64e-bd2e-41fb-bb2d-7aaa33572e56,1c7f7e01-dcd7-bd47-9db6-b43be91f61d1,King,PUG-DB4AC5DA,available,1,,not_recorded,CYNG4ZHNCL2YNX3OU2CVFWUS,1,1,not_recorded,visibility=visible;status=available;sellable_quantity=1,not_recorded,0,no_sync_record,,website_projection_missing;kiosk_projection_not_recorded
1,connected,local-inventory-138d501f-d9db-4dbb-8a5a-a7c64e26efa6,164cb50a-9673-9d80-ea3a-4a7e90964e8c,Uta,PUG-EBF283A3-01,available,1,,not_recorded,AB4T5MUWNBHO5MLZGSQEUASM,1,1,not_recorded,visibility=visible;status=available;sellable_quantity=1,not_recorded,0,no_sync_record,,website_projection_missing;kiosk_projection_not_recorded
1,connected,local-inventory-49770e74-c5e7-4109-a592-16341821c3b6,39510bb4-11ed-b853-51a7-645bb8ebdb0e,Uta,PUG-EBF283A3-02,sold,0,,not_recorded,7O7F6HUADSZ2OQLRUVWR5DKU,0,0,not_recorded,visibility=visible;status=sold;sellable_quantity=0,not_recorded,0,no_sync_record,,website_projection_missing;kiosk_projection_not_recorded
1,connected,local-inventory-aca0d406-ed12-46f9-b052-e9a119cda424,f0aa2852-3244-45ac-8584-9333cda6071b,Kikunojo,PUG-CCE7D121,available,1,,not_recorded,R7WM5WMIA6R7J2X7KOMKJCEX,1,1,not_recorded,visibility=visible;status=available;sellable_quantity=1,not_recorded,0,no_sync_record,,website_projection_missing;kiosk_projection_not_recorded
1,connected,local-inventory-cde813f4-0533-4097-910d-531215cbbed5,0ba59c7e-bd2c-0d24-8212-3915133f7c60,Perona,PUG-89DBB3F2,available,1,,not_recorded,TMRB3GPM4OBAE6UYIYW54BJO,1,0,not_recorded,visibility=visible;status=available;sellable_quantity=1,not_recorded,0,no_sync_record,,website_projection_missing;square_count_mismatch;kiosk_projection_not_recorded
1,connected,local-inventory-a6b8bd2f-e949-4b54-b2f3-7fc58feb9ece,59545c7a-fc82-8c16-969e-07b24a6a98d2,Shanks,PUG-A0C45D2C-01,available,1,,not_recorded,OHKUP2MKXMIBJ4ENK7TNN2K5,1,1,not_recorded,visibility=visible;status=available;sellable_quantity=1,not_recorded,0,no_sync_record,,website_projection_missing;kiosk_projection_not_recorded
1,connected,local-inventory-6feaae47-9dfe-45ce-863c-276548ee3510,02e123b7-b1cc-fe20-c6ad-f07e289d5de1,Shanks,PUG-A0C45D2C-02,available,1,,not_recorded,HCPEQNBL2ZSZ6FLSCF4ARLWU,1,1,not_recorded,visibility=visible;status=available;sellable_quantity=1,not_recorded,0,no_sync_record,,website_projection_missing;kiosk_projection_not_recorded
1,connected,local-inventory-ba3c16d3-b4ff-4610-8a75-b6aef9ae377c,e26f9fec-5ffb-e74c-52ee-7e0d56da626f,Shanks,PUG-A0C45D2C-03,available,1,,not_recorded,4M3BQH7ZHAYPLSGF2OJ7ZYEE,1,1,not_recorded,visibility=visible;status=available;sellable_quantity=1,not_recorded,0,no_sync_record,,website_projection_missing;kiosk_projection_not_recorded
1,connected,local-inventory-7e05250b-3d92-45bb-9e75-4ac48e44703f,798f4884-b581-21ed-4bdb-f333a4fa9653,Trafalgar Law,PUG-B9AEA1F4-01,available,1,,not_recorded,IEDTCEZWXIOJU5HAVRMHPGEX,1,1,not_recorded,visibility=visible;status=available;sellable_quantity=1,not_recorded,0,no_sync_record,,website_projection_missing;kiosk_projection_not_recorded
1,connected,local-inventory-67d23fc3-a009-4636-8cbf-a465fc4cf4ef,81cde2f9-93d5-7694-933e-39480358f179,Trafalgar Law,PUG-B9AEA1F4-02,available,1,,not_recorded,SPG2LCBI3H6RBKPYHJL2CIUS,1,1,not_recorded,visibility=visible;status=available;sellable_quantity=1,not_recorded,0,no_sync_record,,website_projection_missing;kiosk_projection_not_recorded
1,connected,local-inventory-1bc14b03-a4b8-4221-8bd4-213bfebf81b6,5097c88c-faa7-5829-706e-874a9c996afb,Smeargle,PUG-2068E823,sold,1,,not_recorded,7FEIY42TABZOKTKAW6NZBUST,0,0,not_recorded,visibility=visible;status=sold;sellable_quantity=0,not_recorded,0,synced,,website_projection_missing;kiosk_projection_not_recorded
1,connected,local-inventory-d18cfa55-90c4-49cb-a2db-b0f5c9fe3b55,60f276a6-3631-9de4-7c67-2383dd13cd40,Crobat,PUG-43DCEDDE,available,1,,not_recorded,Z6AGHDTVGIXGXBLY7MEDXNYA,1,1,not_recorded,visibility=visible;status=available;sellable_quantity=1,not_recorded,0,synced,,website_projection_missing;kiosk_projection_not_recorded
1,connected,local-inventory-4a82a7b9-cc8e-4181-af79-35a1f3478509,820e3c25-3549-8317-49e9-f3e61b351468,Sliggoo,PUG-E79919E4,available,1,,not_recorded,64IXNGLAIXBR2SXERFMD2E3M,1,1,not_recorded,visibility=visible;status=available;sellable_quantity=1,not_recorded,0,synced,,website_projection_missing;kiosk_projection_not_recorded
1,connected,local-inventory-1d174896-7e22-4a6e-8515-0f1e894ca0af,84861662-335b-9409-82d9-9aff2ad22726,Mega Zygarde ex,PUG-464B6198,available,1,,not_recorded,CEDRXGTNRBYDFSFEEP7BBD2H,1,1,not_recorded,visibility=visible;status=available;sellable_quantity=1,not_recorded,0,synced,,website_projection_missing;kiosk_projection_not_recorded
1,connected,local-inventory-c572a66f-b705-4f0a-a58f-65714a643271,cfa2e888-ae9f-5c16-fb36-bbc1ab8f27cf,Watchog,PUG-F8EC5626,available,1,,not_recorded,2WPUZXTXDUAUHRGVFRTNL7PC,1,1,not_recorded,visibility=visible;status=available;sellable_quantity=1,not_recorded,0,synced,,website_projection_missing;kiosk_projection_not_recorded
1,connected,local-inventory-b963a0ce-e67f-40e4-bd5c-f74d271984b1,ba6c8c4c-42ad-fcd3-000e-045a29966b15,Beedrill ex,PUG-12FCB00A,removed,0,,not_recorded,B5OWTNPRENV46IUF7XEY37DH,0,0,not_recorded,visibility=hidden;status=removed;sellable_quantity=0,not_recorded,0,synced,,website_projection_missing;kiosk_projection_not_recorded
1,connected,local-inventory-cbae59b9-0fb8-427e-8299-9fbfaddcee8c,c660a9e6-8bce-7457-9229-5870432f8699,Computer Error,PUG-305B34BB,available,1,,not_recorded,6RZSOHZ2DE5EJ4LOKHWHRHCM,1,0,not_recorded,visibility=visible;status=available;sellable_quantity=1,not_recorded,0,no_sync_record,,website_projection_missing;square_count_mismatch;kiosk_projection_not_recorded
1,connected,local-inventory-b862edf0-83f1-45ac-b364-05140e2a0854,8e575743-bc3f-f004-72c0-66e0239383b7,Mega Gallade ex,PUG-2437D59A,sold,1,,not_recorded,QZWMJ3NKESTTZDGSKCRLCQXE,0,0,not_recorded,visibility=visible;status=sold;sellable_quantity=0,not_recorded,0,synced,,website_projection_missing;kiosk_projection_not_recorded
1,connected,local-inventory-0399d30a-1902-43ba-85d9-c0aa28311e97,c5c14306-fad4-6813-7049-d3d02c205633,Gourgeist ex,PUG-4D879A80,sold,1,,not_recorded,KRL7LGVJ4L63N4US3JJQK2UV,0,0,not_recorded,visibility=visible;status=sold;sellable_quantity=0,not_recorded,0,synced,,website_projection_missing;kiosk_projection_not_recorded
1,connected,local-inventory-70d712cc-ee15-4b7b-8780-c8ea94af648a,e139944f-cf1d-3db5-3e3f-1972848c78de,Cobalion ex,PUG-21C96D86,available,1,,not_recorded,XJH2XIWFKQJPYRO5IXDL4JO3,1,0,not_recorded,visibility=visible;status=available;sellable_quantity=1,not_recorded,0,no_sync_record,,website_projection_missing;square_count_mismatch;kiosk_projection_not_recorded
1,connected,local-inventory-0c44791a-40c7-46dd-ba75-1ac17157f7d7,18715f75-ecaf-e786-8241-b80912d8c2b6,Cinccino ex,PUG-FDB90B9C,available,1,,not_recorded,EWQBJNWXSLWMU4NS3WR7B43W,1,1,not_recorded,visibility=visible;status=available;sellable_quantity=1,not_recorded,0,no_sync_record,,website_projection_missing;kiosk_projection_not_recorded
1,connected,local-inventory-cde81f9d-60af-433a-8a13-2102aa08eb46,f7b70026-ce4c-6875-f63e-c1f44ea7dad7,Cobalion ex,PUG-4B42C83D,available,1,,not_recorded,BCOI5VQC5B6D2MAYIF3T4OUI,1,1,not_recorded,visibility=visible;status=available;sellable_quantity=1,not_recorded,0,no_sync_record,,website_projection_missing;kiosk_projection_not_recorded
1,connected,local-inventory-01d4f7c8-ef28-4a98-b74e-0a264da3d0a6,f51469d8-87d2-cf89-18c4-e5bba9688b9e,Mega Floette ex,PUG-36C89AC2,sold,1,,not_recorded,DNSUCYACCPKGWTFOOVENLBY7,0,0,not_recorded,visibility=visible;status=sold;sellable_quantity=0,not_recorded,0,synced,,website_projection_missing;kiosk_projection_not_recorded
1,connected,local-inventory-e16d29c1-a5f6-410d-8245-9f0abc100f71,07a9bb27-4565-0206-1672-eaa2a5d3a5f4,Mega Floette ex,PUG-5AF28255,available,1,,not_recorded,OYVWXUXIHVHFFJKPBM7O45AL,1,1,not_recorded,visibility=visible;status=available;sellable_quantity=1,not_recorded,0,no_sync_record,,website_projection_missing;kiosk_projection_not_recorded
1,connected,local-inventory-79b8d8a5-d664-483c-ba2c-bbdeb7a7d468,4717e9cf-b08a-f2f6-b74f-321e34a09416,Mega Floette ex,PUG-F4EA76C4,available,1,,not_recorded,47OKUFPZGEUJAAOQCOVRCIVD,1,1,not_recorded,visibility=visible;status=available;sellable_quantity=1,not_recorded,0,no_sync_record,,website_projection_missing;kiosk_projection_not_recorded
1,connected,local-inventory-bf0f35d1-20bc-43ec-8d41-5236901f4408,1af51ed9-855d-6207-c183-6ea869defcf5,Ho-Oh ex,PUG-DC42F6A3,available,1,,not_recorded,SMHRNN6CDFY7RFVO5R32HEBW,1,0,not_recorded,visibility=visible;status=available;sellable_quantity=1,not_recorded,0,no_sync_record,,website_projection_missing;square_count_mismatch;kiosk_projection_not_recorded
1,connected,local-inventory-7471cbf3-460e-4905-a884-a26e3c7e4dc6,a1ee6463-7cac-f38f-7c3e-ead8e6310f8e,"Ilharg, the Raze-Boar",PUG-BDAB7FE3,available,1,,not_recorded,WCI27C5JGXLZUHKDX52GF2KC,1,1,not_recorded,visibility=visible;status=available;sellable_quantity=1,not_recorded,0,synced,,website_projection_missing;kiosk_projection_not_recorded
1,connected,local-inventory-9d4ef83f-ad6d-404c-a961-7775ff6a41ed,5fbaa5c7-6fe9-728b-115a-3dddc0d003dc,Vengevine,PUG-809E37F4,available,1,,not_recorded,FAYC66POCLWO2NLUXGXFZMUZ,1,0,not_recorded,visibility=visible;status=available;sellable_quantity=1,not_recorded,0,synced,,website_projection_missing;square_count_mismatch;kiosk_projection_not_recorded
1,connected,local-inventory-0fa10c6e-c556-4027-b2bb-e0976a283bd4,aebbbeae-0591-cf26-6c4e-5fea9dad9dff,Vengevine,PUG-372CB085,available,1,,not_recorded,E2TTGEKVL26ALLYWE7KCGP65,1,1,not_recorded,visibility=visible;status=available;sellable_quantity=1,not_recorded,0,synced,,website_projection_missing;kiosk_projection_not_recorded
1,connected,local-inventory-b85dd7c3-ba34-4ab3-8cce-7624a04d1aaf,9fbb8d5c-ae2e-e2ea-e6df-69507129c834,Rhox Faithmender,PUG-065C176A,available,1,,not_recorded,YPNFPHSZCILJQTFEPQPKL6N6,1,1,not_recorded,visibility=visible;status=available;sellable_quantity=1,not_recorded,0,synced,,website_projection_missing;kiosk_projection_not_recorded
1,connected,local-inventory-aeea425d-0aa2-4f6f-acd6-9b9ee765de05,533bafc4-7fd1-c7b5-070f-90af2efbf5c9,Selfless Spirit,PUG-C10E08A5,available,2,,not_recorded,UZXIVWRNDJH26CAOYIBMFLGO,2,2,not_recorded,visibility=visible;status=available;sellable_quantity=2,not_recorded,0,synced,,website_projection_missing;kiosk_projection_not_recorded
1,connected,local-inventory-7185ea81-fe45-4dc2-aed0-cc73855aacf6,d455cef6-3123-cabe-ac6b-daa22487545b,Shield of Duty and Reason,PUG-4C54DB01,available,1,,not_recorded,NYY2QUJYUPI6RGUYHX7KMNJW,1,1,not_recorded,visibility=visible;status=available;sellable_quantity=1,not_recorded,0,synced,,website_projection_missing;kiosk_projection_not_recorded
1,connected,local-inventory-e3452c4f-566e-4fc5-83b7-394d9dbf3e9d,f553e1e5-7ba5-7c64-6946-5534a47e2839,"Sram, Senior Edificer",PUG-ABE9CBED,available,1,,not_recorded,MWRL2MIIBWQFWA6LEC3HALCY,1,1,not_recorded,visibility=visible;status=available;sellable_quantity=1,not_recorded,0,synced,,website_projection_missing;kiosk_projection_not_recorded
1,connected,local-inventory-7b5d8c54-7ef6-455b-9b50-cab93262835d,d2b1ddfd-e37e-82b8-5471-5a4f551e9817,Swords to Plowshares,PUG-D526D106,sold,0,,not_recorded,VEKBEMOPYIQQDZCC3VTDZSI6,0,0,not_recorded,visibility=visible;status=sold;sellable_quantity=0,not_recorded,0,no_sync_record,,website_projection_missing;kiosk_projection_not_recorded
1,connected,local-inventory-b6e59790-3c7d-43fe-9faa-60d71f5964c2,adb2bb4b-aa27-2b66-5f62-b16071042ba4,Talus Paladin,PUG-5B25073F,available,1,,not_recorded,U2RZ2HOK35NJG2IZ64OKUWIT,1,1,not_recorded,visibility=visible;status=available;sellable_quantity=1,not_recorded,0,synced,,website_projection_missing;kiosk_projection_not_recorded
1,connected,local-inventory-53344704-48f7-4f36-9b38-47059af88b78,41642bc1-0f22-ca1d-d560-6e60ce80c8e8,Teferi's Protection,PUG-8519ECDE,available,1,,not_recorded,TGMYUUHV7HMLBWHVJFYEH6BF,1,1,not_recorded,visibility=visible;status=available;sellable_quantity=1,not_recorded,0,synced,,website_projection_missing;kiosk_projection_not_recorded
1,connected,local-inventory-917e3b69-45d2-42a5-a354-74557cf72002,94477a5b-fea4-e4fd-5838-c0778215a0ee,Teleportation Circle,PUG-5E777D64,available,1,,not_recorded,ZVR27PUDLKT5DC3N7P3UEBRT,1,0,not_recorded,visibility=visible;status=available;sellable_quantity=1,not_recorded,0,synced,,website_projection_missing;square_count_mismatch;kiosk_projection_not_recorded
1,connected,local-inventory-5bb122ad-08f4-4a1e-9ddb-a18b9098a836,a32a29c9-bff0-6acf-93fb-2bedcafa9a83,Trouble in Pairs,PUG-CEC95D97,available,1,,not_recorded,Y5WDEWIN3DA56WRPR5RSFMGM,1,1,not_recorded,visibility=visible;status=available;sellable_quantity=1,not_recorded,0,synced,,website_projection_missing;kiosk_projection_not_recorded
1,connected,local-inventory-c9239248-79f0-4913-bbf5-f3ae91a8fa57,9f6d4295-ca50-7ddd-f8d3-b933b5fae898,Wakening Sun's Avatar,PUG-AEE94EB9,available,1,,not_recorded,RVWFC7MTEREVM5ZDURR7AGB5,1,0,not_recorded,visibility=visible;status=available;sellable_quantity=1,not_recorded,0,no_sync_record,,website_projection_missing;square_count_mismatch;kiosk_projection_not_recorded
1,connected,local-inventory-052881cf-b758-4f36-8357-6a84e8f8c8ea,07cf812e-abab-558d-4d17-ffbca8394ff6,Wave of Reckoning,PUG-CD75A588,available,1,,not_recorded,P2JOW56FL3LVPW5LESGCX5DB,1,1,not_recorded,visibility=visible;status=available;sellable_quantity=1,not_recorded,0,synced,,website_projection_missing;kiosk_projection_not_recorded
1,connected,local-inventory-56d0ae60-2b33-4df3-8b6c-b489bf43ce4c,65e9fdf8-99a4-fb39-4181-9f123b433be9,Abhorrent Oculus,PUG-A1FE498D,available,1,,not_recorded,72DOXXDAIXT64JRCYXJN33FL,1,1,not_recorded,visibility=visible;status=available;sellable_quantity=1,not_recorded,0,synced,,website_projection_missing;kiosk_projection_not_recorded
1,connected,local-inventory-d354f458-4ae0-40d3-aeb1-59d4f7c083a1,83c2d87c-79dc-8790-c98a-f83bad1a0a0d,Abhorrent Oculus,PUG-A2BE14EF,sold,0,,not_recorded,MKPY2TRFSMV3VDYNBSFQ7IRX,0,0,not_recorded,visibility=visible;status=sold;sellable_quantity=0,not_recorded,0,no_sync_record,,website_projection_missing;kiosk_projection_not_recorded
1,connected,local-inventory-781620f9-0eff-4201-b5da-3e0ee1c24e68,bb4bbdf4-7afd-9235-6d3e-32d30e7967f0,Agent of Treachery,PUG-4BAB9F17,available,1,,not_recorded,LZFA2TRO3O33T7YXAW3RG3AG,1,1,not_recorded,visibility=visible;status=available;sellable_quantity=1,not_recorded,0,synced,,website_projection_missing;kiosk_projection_not_recorded
1,connected,local-inventory-a0d90615-8828-4142-9809-4e4de63018a1,503dc0fc-3e77-d42d-9a97-c37ea1414ec9,Archmage of Echoes,PUG-2843B961-01,available,1,,not_recorded,Z37UQ5NNFX22P37YWDYXHHIL,1,1,not_recorded,visibility=visible;status=available;sellable_quantity=1,not_recorded,0,synced,,website_projection_missing;kiosk_projection_not_recorded
1,connected,local-inventory-a650b1c4-0bf3-4932-8ee3-afb40b80d1bc,f1d928af-e32a-f91a-e366-43d46c17831c,Archmage of Echoes,PUG-2843B961-02,available,1,,not_recorded,ZSPY57AIWNV6ZTMCNOOMFD2P,1,1,not_recorded,visibility=visible;status=available;sellable_quantity=1,not_recorded,0,synced,,website_projection_missing;kiosk_projection_not_recorded
1,connected,local-inventory-11644f49-cd9f-4a1d-935f-5888841c5d16,c90410e2-7f50-1474-8f24-37ef5a5a3f83,Archmage of Echoes,PUG-2843B961-03,available,1,,not_recorded,YIEH7V4N4CZF3PNJ6UJWDEZ4,1,1,not_recorded,visibility=visible;status=available;sellable_quantity=1,not_recorded,0,synced,,website_projection_missing;kiosk_projection_not_recorded
1,connected,local-inventory-c932b2dd-b52a-4c8d-be67-f731f2bd4b9c,c59201ed-9b22-87c6-359b-e42758f7521f,Charisma,PUG-85DABDAD,available,1,,not_recorded,MICBGM5MHAZLG3QPH3SNFUNP,1,1,not_recorded,visibility=visible;status=available;sellable_quantity=1,not_recorded,0,synced,,website_projection_missing;kiosk_projection_not_recorded
1,connected,local-inventory-4dbcc0eb-ce22-477c-8f86-dbc805b28ea1,3be43839-c481-e750-ac4d-88a0cc10cce0,Counterspell,PUG-DF442EF2,available,1,,not_recorded,QVQWVOJLSFJIMBLYZ4ITAHNZ,1,1,not_recorded,visibility=visible;status=available;sellable_quantity=1,not_recorded,0,synced,,website_projection_missing;kiosk_projection_not_recorded
1,connected,local-inventory-3bbb7df6-f385-4932-abb8-aceb7b92ab76,472c8cad-523c-a3f7-27cd-5193e2654de7,Counterspell,PUG-1A86D921,available,1,,not_recorded,MVCWISNIPXYR3QYAOKNXVLNY,1,0,not_recorded,visibility=visible;status=available;sellable_quantity=1,not_recorded,0,synced,,website_projection_missing;square_count_mismatch;kiosk_projection_not_recorded
1,connected,local-inventory-47599f20-c230-45a4-8958-7f3ece9ca931,8a3578be-09d2-e105-78bb-eb5a323ff474,Cryptic Command,PUG-9B4045B8,available,1,,not_recorded,VPUOQ6SCQ5XXJTAY7CKRMXUT,1,0,not_recorded,visibility=visible;status=available;sellable_quantity=1,not_recorded,0,synced,,website_projection_missing;square_count_mismatch;kiosk_projection_not_recorded
1,connected,local-inventory-58aefe0f-2e7f-4507-b893-056d9e1f4601,786684cd-35a7-4ff3-1220-f89d39475197,Disrupting Shoal,PUG-C6493A9A-01,available,1,,not_recorded,L36BXZTCVCUCXAGN5BW5R3UQ,1,1,not_recorded,visibility=visible;status=available;sellable_quantity=1,not_recorded,0,synced,,website_projection_missing;kiosk_projection_not_recorded
1,connected,local-inventory-034fabeb-b9f8-4a1e-92d9-ec8affb6ace6,1401bf23-8451-3c9e-3906-d54393c00acd,Disrupting Shoal,PUG-C6493A9A-02,available,1,,not_recorded,7Z47RCMK3ACUMCYDPPH6HZBD,1,1,not_recorded,visibility=visible;status=available;sellable_quantity=1,not_recorded,0,synced,,website_projection_missing;kiosk_projection_not_recorded
1,connected,local-inventory-48a0d838-8504-49ad-9490-c715fbd7c951,044706d5-93e1-6d61-7d25-d6f0b25248c1,Disrupting Shoal,PUG-C6493A9A-03,available,1,,not_recorded,NBL6UZGKYNNMOXOVRSMBIDQJ,1,1,not_recorded,visibility=visible;status=available;sellable_quantity=1,not_recorded,0,synced,,website_projection_missing;kiosk_projection_not_recorded
1,connected,local-inventory-a65172ba-22b1-48f9-9cf7-05dec8dc8969,d7bd4645-b535-3d84-368b-639c984bfe08,Daze,PUG-2289FBB7,available,1,,not_recorded,Z6PDCGATJETAEZFPL7LKF7DF,1,1,not_recorded,visibility=visible;status=available;sellable_quantity=1,not_recorded,0,synced,,website_projection_missing;kiosk_projection_not_recorded
1,connected,local-inventory-f988796c-0895-46b4-b7cd-90b0de5e0bcf,0d011d27-3899-7eb0-d78c-542fc99a346d,Dragonologist,PUG-960A63D0,available,2,,not_recorded,K6GUJ3PA6CV4RTKN2NL7GUMM,2,1,not_recorded,visibility=visible;status=available;sellable_quantity=2,not_recorded,0,synced,,website_projection_missing;square_count_mismatch;kiosk_projection_not_recorded
1,connected,local-inventory-82ab41dd-c7ff-4344-949e-3afee53feef2,1b82569a-7b28-e5d1-58d7-1a0eb86012cc,Enter the Infinite,PUG-EC7DDF39,available,1,,not_recorded,JWOPOKZGFVYBL4IASOL3Q25R,1,1,not_recorded,visibility=visible;status=available;sellable_quantity=1,not_recorded,0,synced,,website_projection_missing;kiosk_projection_not_recorded
1,connected,local-inventory-806997bc-3aa9-4aac-97b8-592024ebc9f3,734e46f6-f665-8670-c84a-ddc51a243893,"Ertai, Wizard Adept",PUG-9ED8D4C4,available,1,,not_recorded,BDMX4CQV47JWCTFUFJFQHHA6,1,1,not_recorded,visibility=visible;status=available;sellable_quantity=1,not_recorded,0,synced,,website_projection_missing;kiosk_projection_not_recorded
1,connected,local-inventory-949eb192-0b75-410d-ad8e-e5137f422d45,65004f56-0568-eabd-4946-e6f622be2b8c,"Ertai, Wizard Adept",PUG-600FECC5,available,1,,not_recorded,35O6G2WNJRMR5B6GTK5IHG7R,1,1,not_recorded,visibility=visible;status=available;sellable_quantity=1,not_recorded,0,synced,,website_projection_missing;kiosk_projection_not_recorded
1,connected,local-inventory-2bd93acd-fbc8-4bb1-aa62-3c86678a071e,5753dcb0-e7cc-7434-1e94-25467a0da074,Flusterstorm,PUG-00582AFC,available,1,,not_recorded,VVR3CUYHMNIN7WEUXTPN3CIY,1,1,not_recorded,visibility=visible;status=available;sellable_quantity=1,not_recorded,0,synced,,website_projection_missing;kiosk_projection_not_recorded
1,connected,local-inventory-06eea211-103b-4555-822f-5ec92b137da7,a2337226-a94b-5d18-1d3b-acd13b5b3f6a,Galerider Sliver,PUG-8C34E228-01,available,1,,not_recorded,KWAAVC4E3II35BSHHRTUZJRW,1,1,not_recorded,visibility=visible;status=available;sellable_quantity=1,not_recorded,0,no_sync_record,,website_projection_missing;kiosk_projection_not_recorded
1,connected,local-inventory-90e060f9-b5bb-43f4-9416-240e88737476,12fcec15-c860-e38e-2178-8baddb2b4d64,Galerider Sliver,PUG-8C34E228-02,available,1,,not_recorded,EKMPA3AVG2D52UEQLSI2YRE5,1,1,not_recorded,visibility=visible;status=available;sellable_quantity=1,not_recorded,0,synced,,website_projection_missing;kiosk_projection_not_recorded
1,connected,local-inventory-fae4504c-e514-4578-ad4e-5015f9bca65d,9c1e3422-daed-5a6a-1c50-0e88c88f3d95,Glen Elendra Archmage,PUG-B5EDEE85,available,1,,not_recorded,S2OYP7LLL65MGUBTEXJMEN5B,1,1,not_recorded,visibility=visible;status=available;sellable_quantity=1,not_recorded,0,synced,,website_projection_missing;kiosk_projection_not_recorded
1,connected,local-inventory-e4eecda5-77ad-49b1-99bd-7a421718d951,d1b42182-8426-aa0c-2296-6578e2e63291,Glasspool Mimic // Glasspool Shore,PUG-88F07BEF-01,available,1,,not_recorded,JGKX6ZQUQ5AE2JJDLPTCUEYT,1,0,not_recorded,visibility=visible;status=available;sellable_quantity=1,not_recorded,0,synced,,website_projection_missing;square_count_mismatch;kiosk_projection_not_recorded
1,connected,local-inventory-b09c7853-d470-426d-a4c2-b371cff42165,0144bf4d-e516-55c6-81dc-b4a2204a46b7,Glasspool Mimic // Glasspool Shore,PUG-88F07BEF-02,removed,0,,not_recorded,TBUAM7K7GLTQLY2BFYZFUUCN,0,0,not_recorded,visibility=hidden;status=removed;sellable_quantity=0,not_recorded,0,synced,,website_projection_missing;kiosk_projection_not_recorded
1,connected,local-inventory-099244bd-d0b4-474e-b06e-bd41fd29ac4b,3dea7777-40e5-d2c5-51ed-5601f257d52c,Glasspool Mimic // Glasspool Shore,PUG-88F07BEF-03,removed,0,,not_recorded,LRV5CVLLWSUYWW5THSWY22M5,0,0,not_recorded,visibility=hidden;status=removed;sellable_quantity=0,not_recorded,0,synced,,website_projection_missing;kiosk_projection_not_recorded
1,connected,local-inventory-f769c67e-10a0-4a13-8182-5f50b1c73e06,f7c71838-4ad8-cb70-a329-741a1d6593b1,Glasspool Mimic // Glasspool Shore,PUG-59D3228F-01,available,2,status=available;quantity=1;online=visible;kiosk=visible,not_recorded,FEDSORCAXVDENSPIX7NVA5WS,2,2,not_recorded,visibility=visible;status=available;sellable_quantity=2,not_recorded,0,synced,,website_quantity_mismatch;kiosk_projection_not_recorded
1,connected,local-inventory-4488edf6-a170-41aa-937f-dd42ba49af3e,e9dc32f8-6e67-c7f7-8540-76d397bcc7c2,Glasspool Mimic // Glasspool Shore,PUG-59D3228F-02,removed,0,,not_recorded,LHMCAZ6ZWRRPU7OUREA63FUY,0,0,not_recorded,visibility=hidden;status=removed;sellable_quantity=0,not_recorded,0,synced,,website_projection_missing;kiosk_projection_not_recorded
1,connected,local-inventory-3331eaa9-b9ef-42bd-a8d8-5ec73dda50b2,a1ce18b9-e15f-94d8-e8cb-2ac1b0d901d7,High Fae Trickster,PUG-DEF1FA5D,available,1,,not_recorded,VWLFIDEQ6X4HZLTK5ZYL4IDA,1,1,not_recorded,visibility=visible;status=available;sellable_quantity=1,not_recorded,0,synced,,website_projection_missing;kiosk_projection_not_recorded
1,connected,local-inventory-1b9f60f3-113f-4042-8940-eecb8fb6d6d2,86274d96-3fb2-557c-711b-0d9da51e9198,Ichormoon Gauntlet,PUG-DA1465B8,available,1,,not_recorded,HWEUXVMF5YC4RBWQYGD36HBL,1,1,not_recorded,visibility=visible;status=available;sellable_quantity=1,not_recorded,0,synced,,website_projection_missing;kiosk_projection_not_recorded
1,connected,local-inventory-a0fd6e45-e69b-43c2-96cb-3e7cedefec85,0513c38e-6a3c-c97e-d46d-f9689b34672c,Kami of the Crescent Moon,PUG-151F2FA8,available,1,,not_recorded,NVPZF6ARBTF6Y72FQA3RGSKB,1,0,not_recorded,visibility=visible;status=available;sellable_quantity=1,not_recorded,0,synced,,website_projection_missing;square_count_mismatch;kiosk_projection_not_recorded
1,connected,local-inventory-7a8df98d-b488-49d7-9e91-ea5663d1de6b,355d6ad6-0a89-e2fb-4f96-74fef8ee5799,Kindred Discovery,PUG-E63DFB3A,available,1,,not_recorded,NUQGLEBZSOHX4MYHKD4625SP,1,1,not_recorded,visibility=visible;status=available;sellable_quantity=1,not_recorded,0,synced,,website_projection_missing;kiosk_projection_not_recorded
1,connected,local-inventory-cd693cf4-1944-4908-a08e-c32a1097a9ba,ed19463b-ee15-61bb-d3cd-f8cb9d94c852,Lórien Revealed,PUG-1BEA4FA5,available,1,,not_recorded,SDEDMXXGE24PXNZRZ4JBZWUO,1,0,not_recorded,visibility=visible;status=available;sellable_quantity=1,not_recorded,0,synced,,website_projection_missing;square_count_mismatch;kiosk_projection_not_recorded
1,connected,local-inventory-1bd764ed-4e8e-4a8a-87c7-92f696ea98b5,a1a29f98-7ca7-1326-abed-981932050b59,"Minn, Wily Illusionist",PUG-D401C0F2,available,3,,not_recorded,BANGRT3NVXTZ2S4RGWS5RDUK,3,3,not_recorded,visibility=visible;status=available;sellable_quantity=3,not_recorded,0,synced,,website_projection_missing;kiosk_projection_not_recorded
1,connected,local-inventory-623683e8-0121-4eb3-9a43-048000ef06d2,6e3e11ca-4750-5135-97ea-47cc4134e66b,Mist-Syndicate Naga,PUG-B636BB5B,available,1,,not_recorded,UK2QJUXZH6CYO7M3WMA7T4SX,1,1,not_recorded,visibility=visible;status=available;sellable_quantity=1,not_recorded,0,synced,,website_projection_missing;kiosk_projection_not_recorded
1,connected,local-inventory-125cb5d7-331f-4a2b-8cba-614fad6349fb,5e4dc74a-0dfb-52bb-6181-1d03c712aa5c,Murktide Regent,PUG-54D4EC01-01,available,1,,not_recorded,XXQBJMF4TJCE2SS5NX4FLGG6,1,1,not_recorded,visibility=visible;status=available;sellable_quantity=1,not_recorded,0,synced,,website_projection_missing;kiosk_projection_not_recorded
1,connected,local-inventory-d729f99a-684b-4111-b7ce-2b9299f98a8f,d2dc550a-1722-08d5-42a5-51b343f4a313,Murktide Regent,PUG-54D4EC01-02,available,1,,not_recorded,HZVNXX5UBBRJENWDAPEUGO6H,1,1,not_recorded,visibility=visible;status=available;sellable_quantity=1,not_recorded,0,synced,,website_projection_missing;kiosk_projection_not_recorded
1,connected,local-inventory-35be666c-b0d1-477a-9f40-0d8c4219d79f,9169b4c5-92ac-8470-f514-32e54ea116fe,Murktide Regent,PUG-54D4EC01-03,available,1,,not_recorded,EGO2OBXH2Y66HYZJGP6MNYEN,1,1,not_recorded,visibility=visible;status=available;sellable_quantity=1,not_recorded,0,synced,,website_projection_missing;kiosk_projection_not_recorded
1,connected,local-inventory-55f78dc0-58aa-45e0-8ac5-688428be8710,1df72b97-f68f-95e7-2448-6d438c24e95e,Circular Logic,PUG-BEBD9842,available,1,,not_recorded,XSH2PY2SOPRIA6JGC3WNIQYD,1,1,not_recorded,visibility=visible;status=available;sellable_quantity=1,not_recorded,0,synced,,website_projection_missing;kiosk_projection_not_recorded
1,connected,local-inventory-c4f3aded-f722-428b-a5ca-1fab07704771,f98c6419-6fb0-12b6-75bc-76beaab77230,Quantum Riddler,PUG-0E1DA62D,available,1,status=available;quantity=1;online=visible;kiosk=visible,not_recorded,5U2CX5AJV7UTUC6XTROVLPCH,1,1,not_recorded,visibility=visible;status=available;sellable_quantity=1,not_recorded,0,synced,,kiosk_projection_not_recorded
1,connected,local-inventory-4c849283-5c78-4aca-b1dd-fb6e24518ef0,6e6aa4c6-274a-e63b-f9a0-a0b429865c96,"Sea Gate Restoration // Sea Gate, Reborn",PUG-E1F4DBDB,available,1,,not_recorded,ZIHO6STBDSUXROJE5Z4P3G7Z,1,1,not_recorded,visibility=visible;status=available;sellable_quantity=1,not_recorded,0,synced,,website_projection_missing;kiosk_projection_not_recorded
1,connected,local-inventory-2f9f9f27-2bc9-4890-adc2-73b9e4f2dde6,00816be5-fc0a-910d-99db-d9bcd321d1cc,Spark Double,PUG-19B75494,available,1,,not_recorded,2V4K5QIZBLW3WCHQQMM5OH4W,1,1,not_recorded,visibility=visible;status=available;sellable_quantity=1,not_recorded,0,synced,,website_projection_missing;kiosk_projection_not_recorded
1,connected,local-inventory-058465b1-2597-4b6f-96e2-9616403bd9d8,5605b43f-2537-e791-0820-bd3a3a75f769,Spark Double,PUG-57DC54C4,available,1,,not_recorded,NREG4LLSABU3DJC2ANKAGC6A,1,1,not_recorded,visibility=visible;status=available;sellable_quantity=1,not_recorded,0,synced,,website_projection_missing;kiosk_projection_not_recorded
1,connected,local-inventory-fa09cd0f-02fd-4fdd-8b53-49068835c37e,01811371-c499-df4a-f478-9a2fd0a4543e,Stormchaser's Talent,PUG-B2599652,available,1,,not_recorded,W6GZW6RASKQULGCCFZMHISNO,1,0,not_recorded,visibility=visible;status=available;sellable_quantity=1,not_recorded,0,no_sync_record,,website_projection_missing;square_count_mismatch;kiosk_projection_not_recorded
1,connected,local-inventory-aef4fd06-57bf-4e63-8376-f724c27033ff,5d2f72d6-29b7-ce95-2f51-689b5f46811a,Subtlety,PUG-64F9F4E7,removed,1,,not_recorded,LEVTDUDYDQWA53OXEHWCGYGB,0,0,not_recorded,visibility=hidden;status=removed;sellable_quantity=0,not_recorded,0,synced,,website_projection_missing;kiosk_projection_not_recorded
1,connected,local-inventory-fb86e618-44c4-4346-9dbf-194ceef0c56c,34aad21d-9771-4ed2-1659-f6352d040d27,Subtlety,PUG-D0559A37,available,1,,not_recorded,ZMEUSHM6EYK5RBTFKHVX4MMC,1,1,not_recorded,visibility=visible;status=available;sellable_quantity=1,not_recorded,0,synced,,website_projection_missing;kiosk_projection_not_recorded
1,connected,local-inventory-de5f51ff-e925-49b8-9103-4514e5d231ef,22678232-8d79-ea8b-be3f-91d2f0d078b9,Murkfiend Liege,PUG-3343E448,available,1,,not_recorded,5K26JSNXG3JRST3VSKJI2NPT,1,1,not_recorded,visibility=visible;status=available;sellable_quantity=1,not_recorded,0,synced,,website_projection_missing;kiosk_projection_not_recorded
1,connected,local-inventory-27cdd5b7-cf94-47b7-88b8-f596bcd2bff8,422b77f9-3657-2676-6368-6f7da0a9423f,Subtlety,PUG-DB1DAC49,available,1,,not_recorded,6O64M7FRPM5BRIMQSI52YIY5,1,1,not_recorded,visibility=visible;status=available;sellable_quantity=1,not_recorded,0,synced,,website_projection_missing;kiosk_projection_not_recorded
1,connected,local-inventory-b2620d54-3859-47ba-8319-6b40cf8e8589,0c623684-430b-662a-fbdb-c90ceb164678,Wandering Archaic // Explore the Vastlands,PUG-C3119E4E,available,1,,not_recorded,VSQLN7LZGKKANQ6OKU6R3W3Q,1,1,not_recorded,visibility=visible;status=available;sellable_quantity=1,not_recorded,0,synced,,website_projection_missing;kiosk_projection_not_recorded
1,connected,local-inventory-24ed13e3-69ad-4060-89cd-c65d49761f1b,9fdad934-0c10-2b1b-24ff-ff2f95a4e03f,Chi-Yu ex,PUG-176809B2,sold,0,,not_recorded,5SV2HQEN3LVLJI6MR6XWFZPC,0,0,not_recorded,visibility=visible;status=sold;sellable_quantity=0,not_recorded,0,no_sync_record,,website_projection_missing;kiosk_projection_not_recorded
1,connected,local-inventory-3da1241a-f192-4550-b0ba-3daf4c2ba70f,859aba5e-cc90-4cff-74ca-f31d4ba42c4c,Mew ex,PUG-916EB609,available,1,,not_recorded,7LMNPX5UIFYN5OMWFFKI3LE6,1,1,not_recorded,visibility=visible;status=available;sellable_quantity=1,not_recorded,0,synced,,website_projection_missing;kiosk_projection_not_recorded
1,connected,local-inventory-17d31764-6caf-4a35-97e6-77dd93b1b9fe,97da902f-4adc-21ca-2464-24c33d036bbf,"Tamiyo, Inquisitive Student // Tamiyo, Seasoned Scholar",PUG-ED1338DF,available,1,,not_recorded,6MSVDXXX5HZ3VJ3YVY6RKCEL,1,1,not_recorded,visibility=visible;status=available;sellable_quantity=1,not_recorded,0,synced,,website_projection_missing;kiosk_projection_not_recorded
1,connected,local-inventory-2ad3da00-4d22-4a2b-9e9c-056eb3e730ae,cfe7af88-be14-a87c-ed70-9659c3a93605,Mega Gengar ex,PUG-B07AC1C0,available,1,,not_recorded,HVSPBMYKXC5U5W57QKN4BARQ,1,1,not_recorded,visibility=visible;status=available;sellable_quantity=1,not_recorded,0,synced,,website_projection_missing;kiosk_projection_not_recorded
1,connected,local-inventory-62f027b5-1403-40e3-8c71-c1c29e00a28a,d2d7cb2d-f8d9-e9a1-cb0e-a19b575b88c0,Radiant Greninja,PUG-730707FB,available,1,,not_recorded,YZRYTVYDQ5MJF3XPEXH6YPHC,1,1,not_recorded,visibility=visible;status=available;sellable_quantity=1,not_recorded,0,synced,,website_projection_missing;kiosk_projection_not_recorded
1,connected,local-inventory-0c01b87f-8514-463f-8aa6-e796ac8290aa,6489ef3a-d036-21ac-5e31-96c9766486a1,"Tamiyo, Inquisitive Student // Tamiyo, Seasoned Scholar",PUG-17A8525F,available,1,,not_recorded,NXVSEFAHUI55YCQ47KU6B2U4,1,1,not_recorded,visibility=visible;status=available;sellable_quantity=1,not_recorded,0,synced,,website_projection_missing;kiosk_projection_not_recorded
1,connected,local-inventory-25978406-4293-47a6-a739-ffde71a3ca8c,a64377e4-035a-4932-2ad8-e6fafb937a24,"Irma, Part-Time Mutant",PUG-0CBD771F,available,1,,not_recorded,GEKZPWGHTKYKJ3HRKHENAOMR,1,1,not_recorded,visibility=visible;status=available;sellable_quantity=1,not_recorded,0,no_sync_record,,website_projection_missing;kiosk_projection_not_recorded
1,connected,local-inventory-3983af74-2ab4-48d5-9b79-552e89a9b151,3f982d20-e5f8-08d4-9824-d10209966b40,Flow State,PUG-D3E25447,available,1,,not_recorded,P2MSUVG5MEZAUPB6YNVKL7O2,1,1,not_recorded,visibility=visible;status=available;sellable_quantity=1,not_recorded,0,synced,,website_projection_missing;kiosk_projection_not_recorded
1,connected,local-inventory-78c8d2e1-4b1f-4de6-9855-80d1ead0273f,35226178-14b2-b01f-a53d-a9c078fa36af,Patchwork Banner,PUG-8376AF3B,available,1,,not_recorded,5HOJRDCFOSV4EWOW7CJYJURA,1,0,not_recorded,visibility=visible;status=available;sellable_quantity=1,not_recorded,0,synced,,website_projection_missing;square_count_mismatch;kiosk_projection_not_recorded
1,connected,local-inventory-7f5e41ab-f524-4a3d-9b61-f190f6d2f4dd,eda7b4ce-97de-fc5a-b743-318f904afafe,Continue?,PUG-D2C8D66F,available,1,,not_recorded,NVX4IMEXH6JHEAJAJKJZMJW2,1,1,not_recorded,visibility=visible;status=available;sellable_quantity=1,not_recorded,0,no_sync_record,,website_projection_missing;kiosk_projection_not_recorded
1,connected,local-inventory-ff3579eb-24c3-4140-bd0c-b22d836e170c,57db3cff-e832-517d-dd9f-54c9cb677286,"Thassa, Deep-Dwelling",PUG-44EDB3D6,available,1,,not_recorded,2D5D5HZV6JSTEEMZMVN2YDR2,1,1,not_recorded,visibility=visible;status=available;sellable_quantity=1,not_recorded,0,synced,,website_projection_missing;kiosk_projection_not_recorded
1,connected,local-inventory-8179bf39-fda1-4407-bddb-ef4f71c59f9d,83860189-e403-78cb-4da1-6a0661148b00,Endless Foot Assault,PUG-9C95F5E6,available,1,,not_recorded,37EMKGX5GGFSZ2NU6SYR2CET,1,1,not_recorded,visibility=visible;status=available;sellable_quantity=1,not_recorded,0,synced,,website_projection_missing;kiosk_projection_not_recorded
1,connected,local-inventory-578cdbae-2f7c-4a58-b1fa-fd818faee6ed,7d70737d-6314-81f2-84b5-576dd4abe7a6,United Front,PUG-33F972C6,available,1,,not_recorded,QU653YDRPZRRAVL2LXDYKTCX,1,0,not_recorded,visibility=visible;status=available;sellable_quantity=1,not_recorded,0,synced,,website_projection_missing;square_count_mismatch;kiosk_projection_not_recorded
1,connected,local-inventory-3c09404f-03ad-4d0d-9c71-a4134840ee99,5052b082-15f6-1618-41f3-dd75466b9b94,Dovin's Veto,PUG-E75BD170,available,1,,not_recorded,EY2S22NN3RXBWI76YUMCSXD5,1,1,not_recorded,visibility=visible;status=available;sellable_quantity=1,not_recorded,0,synced,,website_projection_missing;kiosk_projection_not_recorded
1,connected,local-inventory-70abb70d-4d2b-4890-a6a1-7293d7a1e42c,cd29ba4b-0dd6-139c-4418-8c81df82e13f,Seeker of Skybreak,PUG-C1AE639D,available,2,,not_recorded,7BYKMPIV5SFFWFFFWAQ22GQO,2,1,not_recorded,visibility=visible;status=available;sellable_quantity=2,not_recorded,0,synced,,website_projection_missing;square_count_mismatch;kiosk_projection_not_recorded
1,connected,local-inventory-1bd411fc-f473-4fb4-83ca-8c4c82f7b9e8,8a4adc58-e81a-1951-4814-d81f7e26c3b5,Cobalion ex,PUG-25581FD2,available,1,,not_recorded,V3Y5BTRMVONRQCGSC6RPAY2R,1,0,not_recorded,visibility=visible;status=available;sellable_quantity=1,not_recorded,0,no_sync_record,,website_projection_missing;square_count_mismatch;kiosk_projection_not_recorded
1,connected,local-inventory-2f226745-b441-4d3d-9d40-d848b3978eb0,4bd9a5a3-ab83-f2e0-031d-bf5ca3e6dd65,Sliggoo,PUG-DC63C4E0,available,1,,not_recorded,OIIOXDJLPQMIF56ZED4X266L,1,1,not_recorded,visibility=visible;status=available;sellable_quantity=1,not_recorded,0,synced,,website_projection_missing;kiosk_projection_not_recorded
1,connected,local-inventory-19c5427a-71e1-4409-96f7-cc4f6b8a6938,bbda55b1-7811-ea49-b643-88ea0b145bf7,Infernape V,PUG-AE05C012,available,1,,not_recorded,42DYSWKTNGL7CQBHPS42SNWJ,1,1,not_recorded,visibility=visible;status=available;sellable_quantity=1,not_recorded,0,no_sync_record,,website_projection_missing;kiosk_projection_not_recorded
1,connected,local-inventory-4b2c4050-2100-43f9-8460-eaeee9b53c67,94fce0c8-9849-0301-b9a7-21dbd6557c49,Hisuian Zoroark VSTAR,PUG-EC7F4FD1,available,1,,not_recorded,YV64OWOAZJGDIELAXBS6FXJ3,1,1,not_recorded,visibility=visible;status=available;sellable_quantity=1,not_recorded,0,no_sync_record,,website_projection_missing;kiosk_projection_not_recorded
1,connected,local-inventory-509072e9-8077-4fbe-8854-ecd48f5f01dd,a18e60d9-9ea2-8bb0-2c21-e3402c7b775c,Durant ex,PUG-42CBBE76,available,1,,not_recorded,6776QP7YDUGJUXZLX2M3GDGF,1,1,not_recorded,visibility=visible;status=available;sellable_quantity=1,not_recorded,0,no_sync_record,,website_projection_missing;kiosk_projection_not_recorded
1,connected,local-inventory-83557b86-62f3-4794-a927-e9805c3953ae,b35391e6-54e8-6628-4f13-ac4a061a01e4,"Tekuthal, Inquiry Dominus",PUG-2EFD7DE9,sold,0,,not_recorded,5VI3CKVYINWUMY5PEUWGFO63,0,0,not_recorded,visibility=visible;status=sold;sellable_quantity=0,not_recorded,0,no_sync_record,,website_projection_missing;kiosk_projection_not_recorded
1,connected,local-inventory-7428727e-b49d-46ac-bafe-df95f26db2c9,25cf439f-1acd-3614-d76c-feace759b63a,Crobat V,PUG-899D3F6D,available,6,,not_recorded,LWGWDYMT3SGFUG3JIDN4YNLE,6,5,not_recorded,visibility=visible;status=available;sellable_quantity=6,not_recorded,0,synced,,website_projection_missing;square_count_mismatch;kiosk_projection_not_recorded
1,connected,local-inventory-4e4603cf-1734-4e3c-a92f-20d23ac1fe87,206385c0-2ec9-6264-9a12-9841cbe6335e,Keldeo ex,PUG-2D39735B,available,1,,not_recorded,VDL3WB2DHLOWRCEDBMJWFWZB,1,1,not_recorded,visibility=visible;status=available;sellable_quantity=1,not_recorded,0,no_sync_record,,website_projection_missing;kiosk_projection_not_recorded
1,connected,local-inventory-a14976c6-7aaa-45ab-9881-d32a6759964d,b6f32100-e4c1-075e-4e44-a20eba0c2923,Vesuvan Duplimancy,PUG-598BE00B,available,1,,not_recorded,QAUZGHIOXM22L2QENTAYCEXA,1,0,not_recorded,visibility=visible;status=available;sellable_quantity=1,not_recorded,0,synced,,website_projection_missing;square_count_mismatch;kiosk_projection_not_recorded
1,connected,local-inventory-16c5069f-6bd6-4f87-9a4f-76f8f3f256fc,a264c58c-752d-cd96-a817-985574f0d498,Mega Audino ex,PUG-E75CEFC3,sold,1,,not_recorded,GNWVNTT5CY2K7LTF5EBGUXTP,0,0,not_recorded,visibility=visible;status=sold;sellable_quantity=0,not_recorded,0,synced,,website_projection_missing;kiosk_projection_not_recorded
1,connected,local-inventory-4d3debfc-705c-4648-989a-34c50342695c,2dbf6762-0df8-506c-5413-82e974c3948c,Volrath's Shapeshifter,PUG-CF787C4E,available,1,,not_recorded,MS4DXJ5SCDS3LFQR2RDYS27B,1,1,not_recorded,visibility=visible;status=available;sellable_quantity=1,not_recorded,0,synced,,website_projection_missing;kiosk_projection_not_recorded
1,connected,local-inventory-dc0faeb0-0cd0-4362-b8cb-5c0c98482a69,f58384f0-7bf5-aaf1-51d3-712fe26be769,Garganacl,PUG-31204925,available,1,,not_recorded,YUKKFM4KYBGFP77BERU2TM7L,1,1,not_recorded,visibility=visible;status=available;sellable_quantity=1,not_recorded,0,no_sync_record,,website_projection_missing;kiosk_projection_not_recorded
1,connected,local-inventory-474b5e92-8056-475c-814e-54bf66f371de,989deac9-feef-e001-4abe-89c3bca3e663,Slurpuff,PUG-9F93D409,sold,1,,not_recorded,AYTR3LTFSUDJ4QOWSRWSWIX3,0,0,not_recorded,visibility=visible;status=sold;sellable_quantity=0,not_recorded,0,synced,,website_projection_missing;kiosk_projection_not_recorded
1,connected,local-inventory-738cb704-c7ad-4f08-bfd1-1d31b16c31f5,09ea238f-3592-a8e5-62fe-13e920437cbd,N's Reshiram,PUG-1A546AFF,removed,0,,not_recorded,OWIFH4TKVOVOZGT2TZQOVNHN,0,0,not_recorded,visibility=visible;status=removed;sellable_quantity=0,not_recorded,0,synced,,website_projection_missing;kiosk_projection_not_recorded
1,connected,local-inventory-d3cffad2-5dbf-4709-a672-70a3997247f8,054fb8ee-dbd4-a5c7-c351-47cc8cc79852,Whir of Invention,PUG-85DC9EF9,removed,1,,not_recorded,KLZXZZFU2Z3A5IDCNL46IJQR,0,0,not_recorded,visibility=hidden;status=removed;sellable_quantity=0,not_recorded,0,synced,,website_projection_missing;kiosk_projection_not_recorded
1,connected,local-inventory-c2ea48f3-207c-496a-a860-43a5011ab855,8ce16966-709f-0922-f586-a71231ee9ef8,Piplup,PUG-4E2AC8E7,sold,0,,not_recorded,OKYPY56HHXELFRSN6GMXAWRL,0,0,not_recorded,visibility=visible;status=sold;sellable_quantity=0,not_recorded,0,no_sync_record,,website_projection_missing;kiosk_projection_not_recorded
1,connected,local-inventory-c8ec34dd-72f7-4d2c-8ea7-47385df95428,71dd842e-0f51-fd6c-1ac6-47d1688782c3,Whir of Invention,PUG-ACB39398,available,1,,not_recorded,WZKOJGD7G23KGAQ34LY7KPVI,1,0,not_recorded,visibility=visible;status=available;sellable_quantity=1,not_recorded,0,synced,,website_projection_missing;square_count_mismatch;kiosk_projection_not_recorded
1,connected,local-inventory-534e4fb8-9e2b-47c8-a969-e735f89c9c72,1d9917db-21ec-0fad-0f11-5340b2acb3b8,Kecleon,PUG-52750B52,available,1,,not_recorded,TOAEF77VPVL5ZVQLYF6IDVF6,1,1,not_recorded,visibility=visible;status=available;sellable_quantity=1,not_recorded,0,synced,,website_projection_missing;kiosk_projection_not_recorded
1,connected,local-inventory-502392dc-c05a-467b-9939-fbf7d0e38ba7,6835b89e-7573-3d2b-93f1-795762cb4206,Medicham,PUG-BB6193E0,removed,0,,not_recorded,I44LAHKD3ZAJQZ3B4AVWLOUM,0,0,not_recorded,visibility=hidden;status=removed;sellable_quantity=0,not_recorded,0,synced,,website_projection_missing;kiosk_projection_not_recorded
1,connected,local-inventory-25c05764-a5f4-4c7f-be56-f584d6f4d633,3a7b64be-da0b-447a-7f73-10a3fb21b4ea,Cramorant,PUG-3C4DE41B,available,1,,not_recorded,3WYOPKHUMGQGN6UQ6YXIBHFP,1,1,not_recorded,visibility=visible;status=available;sellable_quantity=1,not_recorded,0,synced,,website_projection_missing;kiosk_projection_not_recorded
1,connected,local-inventory-ae706105-5c83-4dd1-b118-827edf3cc55b,73613fdf-f76e-5fb7-c2f4-8613b2614c67,Cetitan,PUG-8DE13DCE,available,1,,not_recorded,MYLT5TYFUECEEJTYLSGOA6ZO,1,1,not_recorded,visibility=visible;status=available;sellable_quantity=1,not_recorded,0,no_sync_record,,website_projection_missing;kiosk_projection_not_recorded
1,connected,local-inventory-7d81777d-78f0-4645-9535-b6883221172d,d0d85ba9-3b7f-4fcd-9d6e-a4e51be5236c,Shedinja,PUG-41DCF5DC,available,1,,not_recorded,PJJOHIMOEW44O2X4ZCUD75EQ,1,1,not_recorded,visibility=visible;status=available;sellable_quantity=1,not_recorded,0,synced,,website_projection_missing;kiosk_projection_not_recorded
1,connected,local-inventory-c15ea73d-5af1-43ab-a07f-0d0cb43909f5,21cca003-5e2a-5ebb-20c1-9c47afaa19c4,Gourgeist ex,PUG-A7863311,sold,1,,not_recorded,B4PE7NBHKA45VNBI7BKPAR7N,0,1,not_recorded,visibility=visible;status=sold;sellable_quantity=0,not_recorded,0,synced,,website_projection_missing;square_count_mismatch;kiosk_projection_not_recorded
1,connected,local-inventory-3a47e781-6bff-4d94-beee-cbb38e627a2f,36f5bdfc-9725-928d-4320-1e9d12906ab1,Y'shtola Rhul,PUG-1EBAAC4F,sold,0,,not_recorded,ZIJSEYTJWXMYCOF4VVLMTVZH,0,0,not_recorded,visibility=visible;status=sold;sellable_quantity=0,not_recorded,0,no_sync_record,,website_projection_missing;kiosk_projection_not_recorded
1,connected,local-inventory-5e18bdad-852a-4827-b2a7-87c6168da13d,612f0757-1079-cbd6-6b7d-a741c54f4386,Kangaskhan,PUG-8A665AC1,available,1,,not_recorded,TFQJEGUXCQ3QMXMEC6B34IKN,1,1,not_recorded,visibility=visible;status=available;sellable_quantity=1,not_recorded,0,synced,,website_projection_missing;kiosk_projection_not_recorded
1,connected,local-inventory-4d0e9260-025e-4107-82cb-5d43ac61e9ba,972ee06f-718d-5c92-9d25-4229764ba3d2,Toxtricity,PUG-2E797106,sold,0,,not_recorded,MLMVN43ZUJGKLEZDMAZPPOHJ,0,0,not_recorded,visibility=visible;status=sold;sellable_quantity=0,not_recorded,0,no_sync_record,,website_projection_missing;kiosk_projection_not_recorded
1,connected,local-inventory-b5800f73-f6f9-4367-b821-048b33ef1866,cfd109e1-e1f9-99a6-d87d-fe29f7a718bf,Mega Greninja ex,PUG-D7012029,available,3,,not_recorded,64GR7SEKVDAYS5G3EDB6ZVP6,3,3,not_recorded,visibility=visible;status=available;sellable_quantity=3,not_recorded,0,no_sync_record,,website_projection_missing;kiosk_projection_not_recorded
1,connected,local-inventory-49f3a0e1-5afc-4a4d-b891-0db6ead183bb,b4082286-1ef0-4beb-938f-6065b5a9a15c,Fezandipiti ex,PUG-8A18AD88-01,available,3,,not_recorded,YYGILKCDWCPFVR7COIF4XATJ,3,3,not_recorded,visibility=visible;status=available;sellable_quantity=3,not_recorded,0,synced,,website_projection_missing;kiosk_projection_not_recorded
1,connected,local-inventory-1c157ae8-2e4b-4da7-a624-39aefd91719b,639a0897-ded3-e97c-1ee2-155e214ba4cf,Fezandipiti ex,PUG-8A18AD88-02,removed,0,,not_recorded,EBORK7CVR6OQ2XIZEZXEHYJO,0,0,not_recorded,visibility=hidden;status=removed;sellable_quantity=0,not_recorded,0,synced,,website_projection_missing;kiosk_projection_not_recorded
1,connected,local-inventory-35ee57cd-bcb5-42ff-bbbf-efb2efd26c96,350b1049-5fcf-1143-944c-42b71446c1c8,Flygon ex,PUG-25E7F04B,sold,0,,not_recorded,EMGX7CAPY6E5K3QF2G2W3M6W,0,0,not_recorded,visibility=visible;status=sold;sellable_quantity=0,not_recorded,0,no_sync_record,,website_projection_missing;kiosk_projection_not_recorded
1,connected,local-inventory-e60feb29-6646-4717-9500-f41fcb2d59e7,2dae0fca-9650-92f9-bf27-1c4b506ade0d,Mega Charizard X ex,PUG-4A9B9F1F,available,1,,not_recorded,QHWNXZWYJNV63BPXGWAFK6X2,1,1,not_recorded,visibility=visible;status=available;sellable_quantity=1,not_recorded,0,synced,,website_projection_missing;kiosk_projection_not_recorded
1,connected,local-inventory-b32c7281-fd94-451d-89d9-24b338e17e8c,c82c5560-319f-0075-57b8-e5f95924ec52,Magneton,PUG-B6C9BDF0,sold,0,,not_recorded,3FPTQGQBD6TWSR5YZINBQGXX,0,0,not_recorded,visibility=visible;status=sold;sellable_quantity=0,not_recorded,0,no_sync_record,,website_projection_missing;kiosk_projection_not_recorded
1,connected,local-inventory-da55bada-b180-4a17-bf21-7e77d45a311f,c9ee48c5-b3eb-2153-61ad-79199b5c72a1,Aerodactyl V,PUG-FA156F7D,available,1,,not_recorded,IFQHT6D3JTXLE6TKQVLCNQLJ,1,1,not_recorded,visibility=visible;status=available;sellable_quantity=1,not_recorded,0,no_sync_record,,website_projection_missing;kiosk_projection_not_recorded
1,connected,local-inventory-a6b37782-cdc7-400d-8be3-708a2f9bc9b3,e94cae74-f5ac-a4ee-aa23-f3a4077b4fa7,Absol ex,PUG-F44365CB,available,1,,not_recorded,CSGYVQT6O4HFBJUWNQCKDRDZ,1,1,not_recorded,visibility=visible;status=available;sellable_quantity=1,not_recorded,0,synced,,website_projection_missing;kiosk_projection_not_recorded
1,connected,local-inventory-f14fdeef-053d-4adf-85d9-95078eaa1fde,9fad15f9-000d-652b-5342-c01d121657b5,Pikachu,PUG-4FB26469,available,1,,not_recorded,HUTDH3RROWZZNNVIZKJUY6AK,1,1,not_recorded,visibility=visible;status=available;sellable_quantity=1,not_recorded,0,synced,,website_projection_missing;kiosk_projection_not_recorded
1,connected,local-inventory-e7d602b6-2c4a-41ef-b273-0eef4185d390,47dc3059-516d-3613-2c78-b9f3d01b6dfc,Surfing Pikachu V,PUG-D6C8E7D4,available,1,,not_recorded,MG7ZEKKDXWZLHMN6WC23CX33,1,1,not_recorded,visibility=visible;status=available;sellable_quantity=1,not_recorded,0,no_sync_record,,website_projection_missing;kiosk_projection_not_recorded
1,connected,local-inventory-aa4e47ec-5d36-4767-96ab-cd6455588f9d,39556aec-e87b-e19b-626c-e8b779fb23a2,Xerneas-EX,PUG-61F23477,removed,1,,not_recorded,J2QHCL37MV5YQMCHI2GWYIY7,0,0,not_recorded,visibility=hidden;status=removed;sellable_quantity=0,not_recorded,0,synced,,website_projection_missing;kiosk_projection_not_recorded
1,connected,local-inventory-aa054f43-1636-4e15-b00f-2f440890ac8a,d6f85c4c-3f8b-1ebc-1e67-b1e192cba571,Reshiram,PUG-78F086AB,available,1,,not_recorded,C3CD5JFM3YKXJTSTB72Y36OI,1,1,not_recorded,visibility=visible;status=available;sellable_quantity=1,not_recorded,0,synced,,website_projection_missing;kiosk_projection_not_recorded
1,connected,local-inventory-24c80f53-330a-4b63-8757-0d2560c369e4,246d8d8f-86e7-59b9-3d5c-705cd7d7389c,Lance's Charizard V,PUG-E0625737,available,1,,not_recorded,Y2E5PSZGXWB4J2Q4MNDCL4YY,1,1,not_recorded,visibility=visible;status=available;sellable_quantity=1,not_recorded,0,synced,,website_projection_missing;kiosk_projection_not_recorded
1,connected,local-inventory-7f8566e8-2ea0-4a49-8025-e2f8ca4252b4,c258e0a9-5d81-0c1b-8d96-970a20fa47e4,Fennekin,PUG-EDA72C6E,available,1,,not_recorded,U3VQR53PIFM52THQWT73YBGB,1,1,not_recorded,visibility=visible;status=available;sellable_quantity=1,not_recorded,0,synced,,website_projection_missing;kiosk_projection_not_recorded
1,connected,local-inventory-aaf59d8f-b49a-430a-8259-a2b3a89c7864,f48ab13a-cad8-7481-f926-6d02b36c1216,Ultra Ball,PUG-C6D694A6,available,1,,not_recorded,2WZQZSK7N23JP2ASYWEHSOSC,1,1,not_recorded,visibility=visible;status=available;sellable_quantity=1,not_recorded,0,synced,,website_projection_missing;kiosk_projection_not_recorded
1,connected,local-inventory-b2898efd-5d9a-4cef-b73c-06a8e024e97f,b404b8ac-fd82-e591-8d8c-8b278b84bdcd,Mega Floette ex,PUG-9FE4E309,sold,1,,not_recorded,6VBJAVZU4NAHA6XMT6IUKORN,0,1,not_recorded,visibility=visible;status=sold;sellable_quantity=0,not_recorded,0,synced,,website_projection_missing;square_count_mismatch;kiosk_projection_not_recorded
1,connected,local-inventory-2e3042bc-10aa-4a10-bdf1-43d9ccdaa2c4,98575cb9-7e30-55f8-bb67-7d34509a662f,Xerneas,PUG-278F222D,available,1,,not_recorded,IR5PB64XZTXVMOZOOAE3BNPR,0,0,not_recorded,visibility=hidden;status=available;sellable_quantity=0,not_recorded,0,synced,,website_projection_missing;kiosk_projection_not_recorded
1,connected,local-inventory-8c393c60-367a-4fb6-b025-6181bd424047,9d9f8bb5-fc84-391f-b219-f7f54d3fef30,Crobat,PUG-4F31FB0B,sold,0,,not_recorded,IEFXKNM7H7XOFACTADYAPWRN,0,0,not_recorded,visibility=visible;status=sold;sellable_quantity=0,not_recorded,0,no_sync_record,,website_projection_missing;kiosk_projection_not_recorded
1,connected,local-inventory-4da94647-90fc-43d7-99c7-cf63ea77a084,f4f877fe-e0df-531f-c49f-d72a970f677e,Tauros,PUG-B358AF17,available,3,,not_recorded,KFAZ3TISJTG3W7M3HZMAYZDL,3,3,not_recorded,visibility=visible;status=available;sellable_quantity=3,not_recorded,0,synced,,website_projection_missing;kiosk_projection_not_recorded
1,connected,local-inventory-7e51ec87-a25f-4e52-afc8-d1645c4ffbfc,fd86be16-b543-3d85-86a5-1ccfbb1c97b9,Iron Bundle,PUG-0FBD795F,sold,0,,not_recorded,NYNFSOHHSDVSRLLZAG3CSZFI,0,0,not_recorded,visibility=visible;status=sold;sellable_quantity=0,not_recorded,0,synced,,website_projection_missing;kiosk_projection_not_recorded
1,connected,local-inventory-5c4c742c-e4da-4b3c-875d-2c12ecce900a,f536871f-b355-e853-e69f-1b1195757ff0,Mega Meganium ex,PUG-D0D8ED93,available,1,,not_recorded,MM5PF5OQPXUXKRPRHVFXG6DF,1,1,not_recorded,visibility=visible;status=available;sellable_quantity=1,not_recorded,0,synced,,website_projection_missing;kiosk_projection_not_recorded
1,connected,local-inventory-47905cc1-8c1b-400e-a8e9-e52c52cbc73c,3d83c3a6-53af-5b32-0ffb-1b7b586dbb97,Amoonguss ex,PUG-27E3A151,available,1,,not_recorded,G4ZITP5UPLGDD6LNE5AKDAPQ,1,1,not_recorded,visibility=visible;status=available;sellable_quantity=1,not_recorded,0,no_sync_record,,website_projection_missing;kiosk_projection_not_recorded
1,connected,local-inventory-47653119-34b8-4459-98dd-47a7ab5cf42b,b2b817d3-5baf-02c4-b29b-b30edfb664d3,Vespiquen ex,PUG-72511435,available,1,,not_recorded,PYKLWNKAMCATDNKFVURFN5O7,1,1,not_recorded,visibility=visible;status=available;sellable_quantity=1,not_recorded,0,no_sync_record,,website_projection_missing;kiosk_projection_not_recorded
1,connected,local-inventory-d3819802-9544-453e-9870-237f685d622d,24764f71-7d88-ce3f-93e9-42ef1fb0d351,Rabsca ex,PUG-65AAD2D2,available,1,,not_recorded,ZAFINBFPILRF36RJTLNIR7EO,1,1,not_recorded,visibility=visible;status=available;sellable_quantity=1,not_recorded,0,no_sync_record,,website_projection_missing;kiosk_projection_not_recorded
1,connected,local-inventory-e7c4ca07-36f0-4566-9423-2cb6679ea1c1,ca092bc0-9ce1-5b0f-be07-1ad09c3ec212,Reshiram ex,PUG-BE6ED9D9,removed,0,,not_recorded,FHSPPFOUCPZSEFYWCTIHL5RH,0,0,not_recorded,visibility=hidden;status=removed;sellable_quantity=0,not_recorded,0,synced,,website_projection_missing;kiosk_projection_not_recorded
1,connected,local-inventory-d8b02bed-1131-4621-9e16-67e6ccb23035,30e5e2e3-7d1a-35c6-f631-c16dc1683296,Mega Gardevoir ex,PUG-92019A21,available,1,,not_recorded,PNFAAURFANU5X3Y336OYNDDR,1,1,not_recorded,visibility=visible;status=available;sellable_quantity=1,not_recorded,0,no_sync_record,,website_projection_missing;kiosk_projection_not_recorded
1,connected,local-inventory-c4da99d7-d22c-4c77-8857-fbe06f6c0205,0f921cfa-eb40-38d0-1081-d6b556c4bd43,Mega Skarmory ex,PUG-7C4BC3D3,available,1,,not_recorded,D6ALYA3EAFPE4WQGSBAW7SZI,1,1,not_recorded,visibility=visible;status=available;sellable_quantity=1,not_recorded,0,no_sync_record,,website_projection_missing;kiosk_projection_not_recorded
1,connected,local-inventory-918f3cec-de67-4563-ae36-848bf1be98ac,3c010169-a2b4-2551-fb7d-52537dfc1f29,Ceruledge ex,PUG-6477B23C,available,1,,not_recorded,Y4U5WPLKEV6GP3WPDL2TO6ZH,1,1,not_recorded,visibility=visible;status=available;sellable_quantity=1,not_recorded,0,synced,,website_projection_missing;kiosk_projection_not_recorded
1,connected,local-inventory-94118c65-1486-4658-8ccc-2e348d8294c6,a698d943-317a-d379-e501-b350cca952d4,Hydrapple ex,PUG-EB9F4FC4,available,1,,not_recorded,COHUZPGIAGW7U4L43CNUGS77,1,1,not_recorded,visibility=visible;status=available;sellable_quantity=1,not_recorded,0,synced,,website_projection_missing;kiosk_projection_not_recorded
1,connected,local-inventory-bfff5564-1d69-4b71-839d-bb9fa2cdf920,779f11e1-6d1b-7f7d-4b93-c0e73bc55d8f,Cetitan ex,PUG-64B593E9,available,1,,not_recorded,K2Y427BPWAFO343UTPPCALCF,1,1,not_recorded,visibility=visible;status=available;sellable_quantity=1,not_recorded,0,no_sync_record,,website_projection_missing;kiosk_projection_not_recorded
1,connected,local-inventory-d034a0eb-dc54-48c8-8493-91a61fcad9bc,62a63edb-5e3e-669e-836b-734953a52263,Beedrill ex,PUG-F36952F8,sold,0,,not_recorded,POPSAIPTWZYUPF33EB6FYV3V,0,0,not_recorded,visibility=visible;status=sold;sellable_quantity=0,not_recorded,0,no_sync_record,,website_projection_missing;kiosk_projection_not_recorded
1,connected,local-inventory-a5652656-a5b0-4b8d-afeb-c07b451363ab,7f769061-0408-9a77-0d3a-98d297ea7c83,Sandy Shocks ex,PUG-EF0E6976,available,1,,not_recorded,AMOHGHEKSBAV6EV3V2BQMNWP,1,1,not_recorded,visibility=visible;status=available;sellable_quantity=1,not_recorded,0,no_sync_record,,website_projection_missing;kiosk_projection_not_recorded
1,connected,local-inventory-970e9ebf-6ce9-4364-9873-2019ed56cf74,7f681b62-7e21-14fe-7b70-8d8e697d080c,Forretress ex,PUG-F2FC6404,available,1,,not_recorded,FL4AR6UGCPCZQWFR6V5HJAIJ,1,1,not_recorded,visibility=visible;status=available;sellable_quantity=1,not_recorded,0,no_sync_record,,website_projection_missing;kiosk_projection_not_recorded
1,connected,local-inventory-1f141402-5499-4c3c-a1ff-dca431b9f19e,0c22c594-7fb7-82d3-5257-7c7e2c0b29f7,Regirock ex,PUG-E043DE46,available,1,,not_recorded,GV7M5PUCLIJVULNKPEYNZVEG,1,1,not_recorded,visibility=visible;status=available;sellable_quantity=1,not_recorded,0,no_sync_record,,website_projection_missing;kiosk_projection_not_recorded
1,connected,local-inventory-df533186-c71b-422a-bc9b-4b3ab2d7ed06,649dc6c7-41eb-feb5-e829-120c69627d89,Murktide Regent,PUG-48C63191-01,available,1,,not_recorded,RNYDQU6I7OMZ7GBZEQZMT2UH,1,1,not_recorded,visibility=visible;status=available;sellable_quantity=1,not_recorded,0,no_sync_record,,website_projection_missing;kiosk_projection_not_recorded
1,connected,local-inventory-20cec841-ae4f-440d-8ab0-8013857e3ab2,5bc128b1-2337-8596-759a-8eb726534954,Murktide Regent,PUG-48C63191-02,available,1,,not_recorded,G64COLFTVGITFZTT6XAMJFVN,1,1,not_recorded,visibility=visible;status=available;sellable_quantity=1,not_recorded,0,no_sync_record,,website_projection_missing;kiosk_projection_not_recorded
1,connected,local-inventory-0654a1ca-9d10-41e4-9a47-81a12f785115,a7380575-1cb7-d85c-d31a-c4a30fec9f0a,Arcanine ex,PUG-4CE4D1C5,available,1,,not_recorded,AYBVLOQYNRZH5O4NSBJPQE6P,1,0,not_recorded,visibility=visible;status=available;sellable_quantity=1,not_recorded,0,no_sync_record,,website_projection_missing;square_count_mismatch;kiosk_projection_not_recorded
1,connected,local-inventory-d844286b-9ed9-4519-89d9-fef35ea76d49,bec1b194-d5ef-4106-1c1c-a942fe3e4c6c,Empoleon ex,PUG-D419F074,available,1,,not_recorded,QIEPCE2FBJZFQ64ONZUWYN6K,1,1,not_recorded,visibility=visible;status=available;sellable_quantity=1,not_recorded,0,no_sync_record,,website_projection_missing;kiosk_projection_not_recorded
1,connected,local-inventory-40009862-20bc-41d7-9a6d-0331a12247fb,5fab6fce-fc42-1ad1-811f-363c3a5842ac,Mega Manectric ex,PUG-8E99ADBF,available,1,,not_recorded,5NN64DZIGJFKUR2M6LLGCIDV,1,1,not_recorded,visibility=visible;status=available;sellable_quantity=1,not_recorded,0,no_sync_record,,website_projection_missing;kiosk_projection_not_recorded
1,connected,local-inventory-ec6c67a0-3b06-447c-8413-71cdfd057f55,7247400a-60f7-1592-340c-7af2cc9f7ae8,Mega Mawile ex,PUG-90C82A44,available,1,,not_recorded,QHFOHPHVOKHPCPHWVUL2TRAY,1,1,not_recorded,visibility=visible;status=available;sellable_quantity=1,not_recorded,0,no_sync_record,,website_projection_missing;kiosk_projection_not_recorded
1,connected,local-inventory-04d732c8-210c-411f-a6d3-0457d15ee443,b4493a81-887a-5ac0-31e7-4f5c22c463e2,Norman Osborn // Green Goblin,PUG-F59A301C,available,1,,not_recorded,GXQ73DJH4A5YBJEQD7Q377E3,1,1,not_recorded,visibility=visible;status=available;sellable_quantity=1,not_recorded,0,synced,,website_projection_missing;kiosk_projection_not_recorded
1,connected,local-inventory-038f177c-fd4b-41d3-8ca5-3293002bd80c,af14394f-4c32-cbb4-37e5-5d23cc5efa86,Blaziken ex,PUG-09B152A2,available,1,,not_recorded,HNKBBOH3L25PAZKP2JVFQCIA,1,1,not_recorded,visibility=visible;status=available;sellable_quantity=1,not_recorded,0,no_sync_record,,website_projection_missing;kiosk_projection_not_recorded
1,connected,local-inventory-225465c7-7bc6-44bd-bc35-d2af3acfec3d,8e5dee79-4229-8c97-addd-4326766eb62c,Mega Emboar ex,PUG-5B8383CE,available,1,,not_recorded,HYYO4SCQIT27PAAFUCIXY3RM,1,1,not_recorded,visibility=visible;status=available;sellable_quantity=1,not_recorded,0,no_sync_record,,website_projection_missing;kiosk_projection_not_recorded
1,connected,local-inventory-662b5916-cba3-4755-b2bd-7958cee3a0b7,01931487-d380-3ce1-5eba-aa16d587ce25,Mega Kangaskhan ex,PUG-50B58D54,available,1,,not_recorded,UTCWBOLZIW2DEADKFSNSV6ZV,1,1,not_recorded,visibility=visible;status=available;sellable_quantity=1,not_recorded,0,synced,,website_projection_missing;kiosk_projection_not_recorded
1,connected,local-inventory-5053cf7c-043f-4ccf-98ae-73e2edb7ff45,bdd0981f-3621-a67d-6624-d75c85d063be,Dondozo ex,PUG-6AF6CF59,available,1,,not_recorded,7QXB4S7E2YUXWX47JEJAVZLA,1,1,not_recorded,visibility=visible;status=available;sellable_quantity=1,not_recorded,0,no_sync_record,,website_projection_missing;kiosk_projection_not_recorded
1,connected,local-inventory-64b41136-158a-4c69-87f9-17fea68a11e2,188a7cda-d221-a5fc-8f3e-e5e53a02e807,Omniscience,PUG-2FF8868B,sold,0,,not_recorded,NKNGVZAMMVTURBLGDTA4R7WA,0,0,not_recorded,visibility=visible;status=sold;sellable_quantity=0,not_recorded,0,no_sync_record,,website_projection_missing;kiosk_projection_not_recorded
1,connected,local-inventory-fefd0bf7-596a-4a8b-a073-ca2a8557a4bf,d65e0f0e-2b1d-2ad0-8ad6-e2fd4ac0b0c9,Empoleon ex,PUG-E8F75792,available,1,,not_recorded,F2YVU7F4CEVMDFHNP3VLGRQ5,1,1,not_recorded,visibility=visible;status=available;sellable_quantity=1,not_recorded,0,no_sync_record,,website_projection_missing;kiosk_projection_not_recorded
1,connected,local-inventory-b61c7274-a2f0-4ecf-99a3-3fefee0cc649,ae85a982-ce8a-4c8d-883a-4542dcb5a265,Yveltal ex,PUG-A3FDF0BB,available,1,,not_recorded,T3JPP5GNULGNT4RDRVF6J55M,1,1,not_recorded,visibility=visible;status=available;sellable_quantity=1,not_recorded,0,no_sync_record,,website_projection_missing;kiosk_projection_not_recorded
1,connected,local-inventory-9c6b588c-31ea-4a25-9132-6fd58c9becde,acf042b7-ba7d-b4a7-93ad-7cb56a848415,Cynthia's Garchomp ex,PUG-73FB554B,available,1,,not_recorded,NNEDT5QLM7YGN52VSSNGQYQG,1,0,not_recorded,visibility=visible;status=available;sellable_quantity=1,not_recorded,0,synced,,website_projection_missing;square_count_mismatch;kiosk_projection_not_recorded
1,connected,local-inventory-be59ac7a-2975-4a61-92b0-1173f7919f94,f03f2b75-02c8-616d-c551-bd182be66423,Larry's Dudunsparce ex,PUG-35B22866,available,1,,not_recorded,TDCVQC5YRUNFQOLR5RQUUPFR,1,1,not_recorded,visibility=visible;status=available;sellable_quantity=1,not_recorded,0,no_sync_record,,website_projection_missing;kiosk_projection_not_recorded
1,connected,local-inventory-f542b309-162e-42f2-95e0-25f51697a45a,502a225d-9ffd-4452-0276-40846c420369,Iron Leaves ex,PUG-71350C4D,available,2,,not_recorded,62UGBGRHOWYFCXLNBJQC62PX,2,2,not_recorded,visibility=visible;status=available;sellable_quantity=2,not_recorded,0,synced,,website_projection_missing;kiosk_projection_not_recorded
1,connected,local-inventory-00b97dce-1e73-4b11-831f-3d0c1ff71dc2,4768a5c6-e816-ff0d-a4f6-0253b2df8ede,Team Rocket's Crobat ex,PUG-AC104949,available,1,,not_recorded,LPRLPWIQSX6NJOLBXZ3A72AZ,1,0,not_recorded,visibility=visible;status=available;sellable_quantity=1,not_recorded,0,synced,,website_projection_missing;square_count_mismatch;kiosk_projection_not_recorded
1,connected,local-inventory-296ebb25-59f8-4e00-9e27-a1485a60ebbb,600e30e1-4ff8-306a-84b8-288c82ed121a,Jellicent ex,PUG-FCA67884,available,1,,not_recorded,IYRNOR4N6B75ZH35YEFUNSKF,1,1,not_recorded,visibility=visible;status=available;sellable_quantity=1,not_recorded,0,no_sync_record,,website_projection_missing;kiosk_projection_not_recorded
1,connected,local-inventory-3b73ba72-d495-40b0-a384-54f494ace585,a1cc8209-bc8b-af4c-e7e6-df465333cd2f,Parallax Tide,PUG-2D4AE977,available,1,,not_recorded,LFANHGRKD3DITEPJSFNSU2SA,1,1,not_recorded,visibility=visible;status=available;sellable_quantity=1,not_recorded,0,synced,,website_projection_missing;kiosk_projection_not_recorded
1,connected,local-inventory-e09773f7-bb1e-4fac-956e-58e7c25eb32c,002a5e2e-7e56-d003-d8ac-899e5d67512d,Pemmin's Aura,PUG-78E6C602,removed,1,,not_recorded,2ECXP2Y2TTTQFNTOHKBE62KY,0,0,not_recorded,visibility=hidden;status=removed;sellable_quantity=0,not_recorded,0,synced,,website_projection_missing;kiosk_projection_not_recorded
1,connected,local-inventory-47f3b666-eb34-4069-bce6-37b56bba35bb,549d7d3d-19e5-e84e-49af-72f2a383bf49,Quantum Riddler,PUG-75AACF14,removed,1,,not_recorded,3K4E2ACEBZ2LNX3QA77F47EE,0,0,not_recorded,visibility=hidden;status=removed;sellable_quantity=0,not_recorded,0,synced,,website_projection_missing;kiosk_projection_not_recorded
1,connected,local-inventory-9dfab632-8afc-4b7a-9e5e-15793abb1118,ed0ace63-7198-cbac-8076-03878404bc26,Mega Camerupt ex,PUG-79F320D9,removed,1,,not_recorded,4JPSOMJOEYK743TBVBPZCVIH,0,0,not_recorded,visibility=hidden;status=removed;sellable_quantity=0,not_recorded,0,synced,,website_projection_missing;kiosk_projection_not_recorded
1,connected,local-inventory-f7d694e8-1cc9-474a-aaa8-abade27c214c,7c71befd-f9cb-d0d5-fcd3-0c943bf7107d,Mega Camerupt ex,PUG-0C7F49B6,removed,1,,not_recorded,T32LN5YPMVMBITAC56MFTB6K,0,0,not_recorded,visibility=hidden;status=removed;sellable_quantity=0,not_recorded,0,synced,,website_projection_missing;kiosk_projection_not_recorded
1,connected,local-inventory-74b04e36-9a38-4422-ad64-a2236cab51db,743be583-4634-1a89-1c17-0e31543100f5,Mega Camerupt ex,PUG-B83613D6-01,available,1,,not_recorded,FL3TKRVHJUMWGXGRLBJ3QAEW,1,1,not_recorded,visibility=visible;status=available;sellable_quantity=1,not_recorded,0,no_sync_record,,website_projection_missing;kiosk_projection_not_recorded
1,connected,local-inventory-55cfd920-7145-403f-8ccc-cb8fcf38c921,5444ed40-166b-6812-c3f6-4e0a53ebcc97,Mega Camerupt ex,PUG-B83613D6-02,available,1,,not_recorded,FNICYLBE77LH34PZDS7K6ME6,1,1,not_recorded,visibility=visible;status=available;sellable_quantity=1,not_recorded,0,no_sync_record,,website_projection_missing;kiosk_projection_not_recorded
1,connected,local-inventory-2ac50509-2994-4605-8cdc-33404560e50a,90b8868e-b4f4-4179-7bf0-e52505bb38a1,Mega Sharpedo ex,PUG-1E5E3833,available,1,,not_recorded,MGF27BDS6HG7HP3BGFY6ATH4,1,1,not_recorded,visibility=visible;status=available;sellable_quantity=1,not_recorded,0,no_sync_record,,website_projection_missing;kiosk_projection_not_recorded
1,connected,local-inventory-5127ffb3-6039-467a-9845-f69037406ce9,e57e4042-fbbf-b42e-8088-4b4cbb624f16,Terapagos ex,PUG-F782FEE9,available,2,,not_recorded,AACWK2LXVL7RG5LJZL5G3BTG,2,2,not_recorded,visibility=visible;status=available;sellable_quantity=2,not_recorded,0,no_sync_record,,website_projection_missing;kiosk_projection_not_recorded
1,connected,local-inventory-82adbce3-aa78-4547-8c7b-bfa65d622c6d,d74a0c67-faa9-6b01-1b35-59642d958f12,Bouffalant ex,PUG-31207EEE,available,1,,not_recorded,WSE2O6UWIOVW6WEFEZPBMJ33,1,1,not_recorded,visibility=visible;status=available;sellable_quantity=1,not_recorded,0,no_sync_record,,website_projection_missing;kiosk_projection_not_recorded
1,connected,local-inventory-48992a93-d646-4043-b029-5d26a34855aa,d7f051e3-7ead-7455-60b2-d72d82047de6,Noctowl,PUG-64F779B9,available,1,,not_recorded,CSYIKDQOL2OOV6DDDXJHVXLV,1,1,not_recorded,visibility=visible;status=available;sellable_quantity=1,not_recorded,0,synced,,website_projection_missing;kiosk_projection_not_recorded
1,connected,local-inventory-43e641da-5fa6-4402-afb7-c6fdcf6adeed,48654e3c-1a9e-a124-52ec-2cd830ff739d,Noctowl,PUG-A6615A14,available,1,,not_recorded,TX5CA2IRY62I7EBPGBL3EZ3W,1,1,not_recorded,visibility=visible;status=available;sellable_quantity=1,not_recorded,0,synced,,website_projection_missing;kiosk_projection_not_recorded
1,connected,local-inventory-6a1d928b-5b59-488f-a748-f35edb86bffe,ea0554a5-9e42-efbe-2c86-2e2a5e876f05,Oricorio ex,PUG-C80F5D73,available,1,,not_recorded,F4QZM3P63NEIQGJXPHZS7YNK,1,1,not_recorded,visibility=visible;status=available;sellable_quantity=1,not_recorded,0,synced,,website_projection_missing;kiosk_projection_not_recorded
1,connected,local-inventory-52cfaac6-de44-4b6c-b85b-e5268fb937df,db9fe312-5fdc-16ec-9b36-2c83edcfab97,Glaceon VMAX,PUG-2A1C59C8,available,1,,not_recorded,EUC2ROKBLPT2K34526VE4ZF5,1,1,not_recorded,visibility=visible;status=available;sellable_quantity=1,not_recorded,0,synced,,website_projection_missing;kiosk_projection_not_recorded
1,connected,local-inventory-9fcd6dc9-d89e-480d-8a8b-a703d4826e01,013d5951-db8f-ccd7-fda8-9d751e1981bf,Reshiram ex,PUG-6033A573,available,1,,not_recorded,L5PLJXL3V4G4J2VLHANCB3R2,1,1,not_recorded,visibility=visible;status=available;sellable_quantity=1,not_recorded,0,synced,,website_projection_missing;kiosk_projection_not_recorded
1,connected,local-inventory-bfaa1003-4c95-43db-a764-86c209bf61b4,e878ad73-495b-6401-b829-e1d07971b2a4,Charizard ex,PUG-7CCF4D98,available,1,,not_recorded,Z2MT372AADIUNA5TFGAZSHRV,1,0,not_recorded,visibility=visible;status=available;sellable_quantity=1,not_recorded,0,synced,,website_projection_missing;square_count_mismatch;kiosk_projection_not_recorded
1,connected,local-inventory-080ceb4e-317a-4ec0-ad76-724e8e248726,72e21323-c631-ec6f-e56c-e957cca13607,Ferroseed,PUG-C8D93928,available,1,,not_recorded,QOP64IA6H2W36RZGU2SJ6DX3,1,1,not_recorded,visibility=visible;status=available;sellable_quantity=1,not_recorded,0,synced,,website_projection_missing;kiosk_projection_not_recorded
1,connected,local-inventory-8997ef98-c88f-4e6e-8d0a-a85649279f7b,59753e20-1995-af47-d4b0-b5a19d8e4d64,Alolan Exeggutor ex,PUG-E6D88221,available,1,,not_recorded,5MC2VZDVANPG2XBRHSF7MI2K,1,1,not_recorded,visibility=visible;status=available;sellable_quantity=1,not_recorded,0,synced,,website_projection_missing;kiosk_projection_not_recorded
1,connected,local-inventory-0c0674d4-b70b-4df7-9bb4-380f8a41d566,11eff642-83c1-fc73-06e3-38b4537286d8,Lillie's Clefairy ex,PUG-85046158,available,1,,not_recorded,CKGPDLIR5BDSBZ52XX4BH53K,1,1,not_recorded,visibility=visible;status=available;sellable_quantity=1,not_recorded,0,synced,,website_projection_missing;kiosk_projection_not_recorded
1,connected,local-inventory-343e53bf-db30-406b-8f0b-d3aeb9ae15ed,3859b2b3-af54-2317-c26a-99e27bd6f8f6,Victini,PUG-27547EC2,available,1,,not_recorded,OPH4GM467HY64VI3KGVP7AO2,1,1,not_recorded,visibility=visible;status=available;sellable_quantity=1,not_recorded,0,synced,,website_projection_missing;kiosk_projection_not_recorded
1,connected,local-inventory-5fe85c16-5d26-4bd3-a7ae-7af763835821,6263eae2-6272-6715-76ef-00bd04a3a838,Zamazenta V,PUG-34EE78A6,available,1,,not_recorded,HZ646H46KZ34ZGFZ6GIHOB5F,1,1,not_recorded,visibility=visible;status=available;sellable_quantity=1,not_recorded,0,synced,,website_projection_missing;kiosk_projection_not_recorded
1,connected,local-inventory-aec653be-167a-4e92-9a9d-f8f7984cd595,db944512-a6a7-4c48-048d-e958d94506c4,Lucario VSTAR,PUG-199BE5D2,available,1,,not_recorded,ZQADFJJ7TX3YQRRPZI5RXHWR,1,1,not_recorded,visibility=visible;status=available;sellable_quantity=1,not_recorded,0,synced,,website_projection_missing;kiosk_projection_not_recorded
1,connected,local-inventory-8d239284-2f0c-4eac-9cda-4535d6ea7e6c,093f9c0c-6931-cc52-6141-5e2e24ea1aaa,Peregrine Drake,PUG-5050B066,available,1,,not_recorded,EIRDYOWLOHR5X65TVD5RTQCB,1,1,not_recorded,visibility=visible;status=available;sellable_quantity=1,not_recorded,0,synced,,website_projection_missing;kiosk_projection_not_recorded
1,connected,local-inventory-55f1091b-ed48-4264-908d-c8d34f3da9d9,56f61edc-4575-6ad3-77f2-c9eb929994f0,Polymorphist's Jest,PUG-C6EFE523,available,1,,not_recorded,56XOKNMBEXXBKCRUSRYFNCSG,1,0,not_recorded,visibility=visible;status=available;sellable_quantity=1,not_recorded,0,no_sync_record,,website_projection_missing;square_count_mismatch;kiosk_projection_not_recorded
1,connected,local-inventory-41ff66a1-928a-4273-91f7-087ba08aaf12,e4d3b8a7-f1bb-d87f-9b2c-89828589d0d4,Psionic Blast,PUG-0A74C67E,available,2,,not_recorded,JN7P4EUJIQ5FBLOVP3CJA23P,2,2,not_recorded,visibility=visible;status=available;sellable_quantity=2,not_recorded,0,synced,,website_projection_missing;kiosk_projection_not_recorded
1,connected,local-inventory-fd7a1528-b9a3-486c-993d-b0b39bfc7294,fc2d3d76-dff7-eb9f-b177-95ea406deacb,"Mondrak, Glory Dominus",PUG-6E5875FE,available,2,,not_recorded,3KQRO26DPMNMPTBFRAKHGYBJ,2,2,not_recorded,visibility=visible;status=available;sellable_quantity=2,not_recorded,0,synced,,website_projection_missing;kiosk_projection_not_recorded
1,connected,local-inventory-af458c94-c2a9-4239-8432-6edbfc4c6f0c,aa08bfe9-560f-83aa-e1a0-b503505e1719,"Ragavan, Nimble Pilferer",PUG-29BE4436,available,2,,not_recorded,XI7BZKHZ2UYCPCOHDHGFLHBD,2,2,not_recorded,visibility=visible;status=available;sellable_quantity=2,not_recorded,0,synced,,website_projection_missing;kiosk_projection_not_recorded
1,connected,local-inventory-705a9adb-ea14-42eb-ba61-d1680b249666,9865c197-8135-e722-8001-843ef8548545,Urza's Saga,PUG-D1C7B274,available,1,,not_recorded,3U35ETR7A5EG5HU7XHFYFOT6,1,1,not_recorded,visibility=visible;status=available;sellable_quantity=1,not_recorded,0,synced,,website_projection_missing;kiosk_projection_not_recorded
1,connected,local-inventory-ab41551e-9f24-4dac-8b2a-197eb02824f2,f333fc88-85e3-bc1f-18af-022d5507a78e,Dreamroot Cascade,PUG-DA3EBAB7,available,1,,not_recorded,4ETQFC73XQQHSNEURZTC3WX3,1,0,not_recorded,visibility=visible;status=available;sellable_quantity=1,not_recorded,0,synced,,website_projection_missing;square_count_mismatch;kiosk_projection_not_recorded
1,connected,local-inventory-4362bce5-0952-4a14-a503-17e4b12a33b9,faa2e00b-99df-7c4c-0c00-fee2aadaf0b8,Psychic Corrosion,PUG-DBE53B89,available,1,,not_recorded,BJU4PU3BYUK4NZDO2LLHTKJ7,1,1,not_recorded,visibility=visible;status=available;sellable_quantity=1,not_recorded,0,synced,,website_projection_missing;kiosk_projection_not_recorded
1,connected,local-inventory-6925d960-2b32-4437-a944-116237337802,3e4adc0b-c0fa-61e6-17a1-4d3c0c829b9d,Psychic Possession,PUG-CB7ABE37,available,1,,not_recorded,5YY2MFIQS4S7FJ6UCIEW7Q7F,1,1,not_recorded,visibility=visible;status=available;sellable_quantity=1,not_recorded,0,no_sync_record,,website_projection_missing;kiosk_projection_not_recorded
1,connected,local-inventory-12c3cfcc-f401-49b0-add7-e1ee0ef01c28,14789153-ab4c-70a8-0509-ceff65d260e9,Ancient Brass Dragon,PUG-DC69358E,available,1,,not_recorded,VP3YC3HIYPWY562E42FJFHAJ,1,1,not_recorded,visibility=visible;status=available;sellable_quantity=1,not_recorded,0,synced,,website_projection_missing;kiosk_projection_not_recorded
1,connected,local-inventory-34149d2f-5455-4a40-aad4-8ae291ada81e,b62e1644-fcfe-376e-9e39-7d0da90b9a3a,Beseech the Mirror,PUG-4F7187A7,available,1,,not_recorded,L6LTCSJZCRRSLDZMMPH7YQJP,1,0,not_recorded,visibility=visible;status=available;sellable_quantity=1,not_recorded,0,synced,,website_projection_missing;square_count_mismatch;kiosk_projection_not_recorded
1,connected,local-inventory-98029b4e-265e-4198-95e2-100119e14119,87542162-4a61-2371-307e-88dd2a7faa67,Bloodline Bidding,PUG-F1F214BF,available,1,,not_recorded,AR4EMVXGBZPNAKXCPT2GKB3W,1,1,not_recorded,visibility=visible;status=available;sellable_quantity=1,not_recorded,0,synced,,website_projection_missing;kiosk_projection_not_recorded
1,connected,local-inventory-bf3141ac-d9e7-47da-a909-a23edbfebe05,353af6be-c311-0c34-3023-f04913e3d6a0,Bloodline Bidding,PUG-805C5280,available,1,,not_recorded,EJUSPSWK4KKQAXVPQL465NM3,1,0,not_recorded,visibility=visible;status=available;sellable_quantity=1,not_recorded,0,synced,,website_projection_missing;square_count_mismatch;kiosk_projection_not_recorded
1,connected,local-inventory-60b28c75-1a89-472a-ac30-6549ecfca93f,fdbcbe25-387f-29cd-be82-5f2e123af646,Nethergoyf,PUG-9BEE99EE,available,1,,not_recorded,XQQOAHGBWUCLEVTHLOQGTOWA,1,1,not_recorded,visibility=visible;status=available;sellable_quantity=1,not_recorded,0,synced,,website_projection_missing;kiosk_projection_not_recorded
1,connected,local-inventory-9d0fcc41-2881-43de-bb89-cb6656b283d3,d7080599-e3e7-7125-10bc-ae7816111b20,Phyresis Outbreak,PUG-55FECEEC,available,1,,not_recorded,GLUXKZWW6BBHKJR2ANL7REQE,1,1,not_recorded,visibility=visible;status=available;sellable_quantity=1,not_recorded,0,synced,,website_projection_missing;kiosk_projection_not_recorded
1,connected,local-inventory-5c24c968-9bbc-4eb3-9ab8-d25c1268702b,ec6a541c-3e3a-6617-a73f-9c3e50c8cdc9,Bloodletter of Aclazotz,PUG-9FC12C2D,sold,0,,not_recorded,BZURMGBA4JLTZWIOH3TVETPV,0,0,not_recorded,visibility=visible;status=sold;sellable_quantity=0,not_recorded,0,no_sync_record,,website_projection_missing;kiosk_projection_not_recorded
1,connected,local-inventory-cd71b88b-fdec-42a1-ad21-155a4472d71d,e1b96a02-eebc-6e5d-47a3-cbe20d1c331a,"Braids, Arisen Nightmare",PUG-CBE9D867,available,2,,not_recorded,J7Z7YDSG7U7SKMFSE3LFSLXV,2,2,not_recorded,visibility=visible;status=available;sellable_quantity=2,not_recorded,0,synced,,website_projection_missing;kiosk_projection_not_recorded
1,connected,local-inventory-472a5164-7cce-491d-8c32-ccf9224a29e0,85cac8c9-7735-7a7c-e581-fcbed1c3c009,Bone Miser,PUG-72776D88,available,1,,not_recorded,KYIAZZUEN7VBRXGBCLSATWE4,1,1,not_recorded,visibility=visible;status=available;sellable_quantity=1,not_recorded,0,synced,,website_projection_missing;kiosk_projection_not_recorded
1,connected,local-inventory-5763ab90-165b-4148-b1c3-b1c8b5cb96e9,1516a4e4-20c5-72d2-6f7f-acd0e3d85654,Court of Ambition,PUG-5287F0C3,available,1,,not_recorded,XOEUOQVSBBHZPV54PRYBP4Z7,1,0,not_recorded,visibility=visible;status=available;sellable_quantity=1,not_recorded,0,no_sync_record,,website_projection_missing;square_count_mismatch;kiosk_projection_not_recorded
1,connected,local-inventory-2a48f624-2755-448d-aabf-9d1e20109567,3f594d03-fdc9-4fc1-5680-d3c0657ea1b9,Court of Ambition,PUG-CBD9507F,available,1,,not_recorded,R3IXCYV7G5BAEL7SVEMWZ35E,1,1,not_recorded,visibility=visible;status=available;sellable_quantity=1,not_recorded,0,synced,,website_projection_missing;kiosk_projection_not_recorded
1,connected,local-inventory-684a71e5-dfdc-44d6-a888-a5f49dae4a72,c22c73a0-64a1-7174-f7ef-4486878c8d8e,Quilava,PUG-A0FA8ABE,available,1,,not_recorded,UOGZBUFPPBHUU5UVZOU5LGXE,1,1,not_recorded,visibility=visible;status=available;sellable_quantity=1,not_recorded,0,no_sync_record,,website_projection_missing;kiosk_projection_not_recorded
1,connected,local-inventory-926ed7e3-00ab-4720-bee8-8857fe6e9967,33e850d1-e912-2314-76a2-6816b955c8c9,Giratina,PUG-EF9BFCC2,available,1,,not_recorded,MHBOBHWJXND7FMWIWNNNELEU,1,1,not_recorded,visibility=visible;status=available;sellable_quantity=1,not_recorded,0,no_sync_record,,website_projection_missing;kiosk_projection_not_recorded
1,connected,local-inventory-1c4bc5b9-4423-4cc7-be1a-8d2a5d72d0fc,b4813aa0-354c-72cb-2b55-7ae1b90fb6ee,Gouging Fire ex,PUG-311F200C,sold,0,,not_recorded,EFYXHYAYGQRQUNRRVBRWDKKP,0,0,not_recorded,visibility=visible;status=sold;sellable_quantity=0,not_recorded,0,no_sync_record,,website_projection_missing;kiosk_projection_not_recorded
1,connected,local-inventory-a055144e-e5bb-489c-83df-4028f65cf6bb,0899bd2d-6873-233f-dc32-2fcf994b13d9,Cresselia,PUG-5D18CF73,available,1,,not_recorded,7E4TTO6JJSRIADA5OIHJKC6F,1,0,not_recorded,visibility=visible;status=available;sellable_quantity=1,not_recorded,0,synced,,website_projection_missing;square_count_mismatch;kiosk_projection_not_recorded
1,connected,local-inventory-89d6bc3b-71e9-49fc-a84f-ba3c4d50cec2,e1a32905-2de3-8065-55a2-2b17669c93b7,Regigigas,PUG-BD8F3392,available,1,,not_recorded,34DY6DQBBM4QSIRTINL23HFH,1,1,not_recorded,visibility=visible;status=available;sellable_quantity=1,not_recorded,0,synced,,website_projection_missing;kiosk_projection_not_recorded
1,connected,local-inventory-8321a61e-412e-4b03-9515-3496a4777645,e590c172-7733-e525-8f91-6a26fe60a654,Egg Incubator,PUG-82124A3E,available,1,,not_recorded,DRDMVI5XDNWQTAUQ2OFL6OB3,1,1,not_recorded,visibility=visible;status=available;sellable_quantity=1,not_recorded,0,no_sync_record,,website_projection_missing;kiosk_projection_not_recorded
1,connected,local-inventory-b98da6a6-36cf-4d20-baea-fafbf2c06d20,479d77f4-9b8f-cea6-f5ba-f246a02aa087,Stoutland,PUG-130BA8B7,available,1,,not_recorded,3OTEKDYQ45BSSEXZH67VZEFR,1,1,not_recorded,visibility=visible;status=available;sellable_quantity=1,not_recorded,0,no_sync_record,,website_projection_missing;kiosk_projection_not_recorded
1,connected,local-inventory-a03f99f5-babf-4e66-b0de-4721e5af3ccd,dac39428-52ca-adfa-32e6-88ed3c7a9635,Magikarp,PUG-B62C7427,available,1,,not_recorded,GYLBE2F33FBMLGSPQT6TWKTN,1,1,not_recorded,visibility=visible;status=available;sellable_quantity=1,not_recorded,0,no_sync_record,,website_projection_missing;kiosk_projection_not_recorded
1,connected,local-inventory-36b43ccb-76a6-41c0-9761-a91b385e99fa,b7280ebe-c413-6529-8577-fa0cd3f617ec,Alolan Ninetales,PUG-9B0E4B3B,sold,0,,not_recorded,I2PQZRTZZWJTHXPLE2J53S6I,0,0,not_recorded,visibility=visible;status=sold;sellable_quantity=0,not_recorded,0,no_sync_record,,website_projection_missing;kiosk_projection_not_recorded
1,connected,local-inventory-d8f9a699-9f76-48dd-937c-e11b9166b8ee,cedb17e4-ec6e-0a20-8d37-5ad57bbef7d1,Cryogonal,PUG-EC9C357D,available,1,,not_recorded,GWLMGT3JK6Z3ZII6BLAUAOEV,1,1,not_recorded,visibility=visible;status=available;sellable_quantity=1,not_recorded,0,no_sync_record,,website_projection_missing;kiosk_projection_not_recorded
1,connected,local-inventory-dd2251b9-569d-4c22-9fbe-a08c7d2e8c4f,b9dc192d-f0c7-d5b6-8cd7-0aa533f66d5a,Boss's Orders,PUG-E27EBA4D,removed,1,,not_recorded,BGA74PVOCM47R46ZXJANEFIY,0,0,not_recorded,visibility=hidden;status=removed;sellable_quantity=0,not_recorded,0,synced,,website_projection_missing;kiosk_projection_not_recorded
1,connected,local-inventory-5cccbb67-9081-432b-836d-8efe19a0759b,9c267f78-41b2-d5f1-7753-0c693736cbc9,Kyogre V,PUG-67C3AE45,available,1,,not_recorded,72QLN2QTEPAYRQEJOQFOSVQL,1,1,not_recorded,visibility=visible;status=available;sellable_quantity=1,not_recorded,0,synced,,website_projection_missing;kiosk_projection_not_recorded
1,connected,local-inventory-4f4725d7-d204-4dc3-82f0-3f4803f5d7b0,9c1d305c-4af1-8daf-41c1-17c038b54a90,Leyline of the Guildpact,PUG-860B755C,available,1,,not_recorded,B3DRSFT6EEN2OYMX3Z6WPB7R,1,1,not_recorded,visibility=visible;status=available;sellable_quantity=1,not_recorded,0,synced,,website_projection_missing;kiosk_projection_not_recorded
1,connected,local-inventory-4a66879e-02c7-45b9-8a8a-c718586f82f4,845ebee5-8755-3ab3-cbac-c036fea47968,Blasphemous Edict,PUG-E4DF2FDD,available,1,,not_recorded,LKMTN5SRQXOMCJO7RM3FLZBL,1,1,not_recorded,visibility=visible;status=available;sellable_quantity=1,not_recorded,0,no_sync_record,,website_projection_missing;kiosk_projection_not_recorded
1,connected,local-inventory-8ebb1c47-03b1-4f7c-93fa-a9099bb28c8f,9be27da5-bfe3-f1f6-2e5f-9ee40bb0c195,Phyrexian Arena,PUG-2D0FCF1E,available,1,,not_recorded,XAJABKNFT2SJS34HQZ2DHUZH,1,0,not_recorded,visibility=visible;status=available;sellable_quantity=1,not_recorded,0,synced,,website_projection_missing;square_count_mismatch;kiosk_projection_not_recorded
1,connected,local-inventory-79c5ac16-34d7-454d-b93a-5e9906a1eff2,4941f59e-57c4-c06a-60ad-1c681915c086,Phyrexian Obliterator,PUG-E2B0EFA3,available,1,,not_recorded,OFQGOX5BPYAEDHJLR5YOAHFJ,1,1,not_recorded,visibility=visible;status=available;sellable_quantity=1,not_recorded,0,synced,,website_projection_missing;kiosk_projection_not_recorded
1,connected,local-inventory-c55643a8-3006-4fa1-90a1-d3a64560571a,99391a9e-f614-d2fb-b676-25ec4dfa2c78,Phyrexian Obliterator,PUG-621AC58E,sold,0,,not_recorded,2CKLKKQPVHE6KEB3H6QYWWHP,0,0,not_recorded,visibility=visible;status=sold;sellable_quantity=0,not_recorded,0,no_sync_record,,website_projection_missing;kiosk_projection_not_recorded
1,connected,local-inventory-8360567d-7c0a-40bc-99ca-f05aab42fd32,9c1d7c68-f613-482c-b633-ac1d9a47d38e,Plague of Vermin,PUG-39C7D3B2,removed,1,,not_recorded,EKJSDRDWR6K5ADWBL6UEYICZ,0,0,not_recorded,visibility=hidden;status=removed;sellable_quantity=0,not_recorded,0,synced,,website_projection_missing;kiosk_projection_not_recorded
1,connected,local-inventory-d5263f3b-84b5-4e36-8e34-0e27650a8896,7da8a2e5-f775-b370-955a-b29c55219b1c,Plague of Vermin,PUG-37D8675C,available,1,,not_recorded,KJI4VCFNQ2ODD53QKELOF22I,1,1,not_recorded,visibility=visible;status=available;sellable_quantity=1,not_recorded,0,synced,,website_projection_missing;kiosk_projection_not_recorded
1,connected,local-inventory-7772f1c0-4374-40c5-817a-095a0e1df21b,2ee8b50a-20b3-d312-f055-761376821209,Tyme,PUG-53E64E02,available,1,,not_recorded,PDPC3X2MGXMYKV635UVHGX6R,1,1,not_recorded,visibility=visible;status=available;sellable_quantity=1,not_recorded,0,no_sync_record,,website_projection_missing;kiosk_projection_not_recorded
1,connected,local-inventory-a56405f8-73ff-4a8c-9308-fd3dc49db911,10a34ef0-2416-88a6-4095-2859c22364ef,Rat Colony,PUG-D1EAC384-01,available,1,,not_recorded,6SDG6LFJ5DH6QFU6JUFB5XPK,1,1,not_recorded,visibility=visible;status=available;sellable_quantity=1,not_recorded,0,synced,,website_projection_missing;kiosk_projection_not_recorded
1,connected,local-inventory-a42202e1-e9ec-4c1b-9040-8cfd3731664a,0dd06b22-bcfa-8f71-e9ca-98308103035b,Rat Colony,PUG-D1EAC384-02,available,1,,not_recorded,5BJEXXJKOHN3UXKZDPM6AH57,1,1,not_recorded,visibility=visible;status=available;sellable_quantity=1,not_recorded,0,synced,,website_projection_missing;kiosk_projection_not_recorded
1,connected,local-inventory-228b2e7d-e99f-4fdd-b600-039e734cde12,6788dbbc-0e06-80f6-5af6-cd0b870f8e28,Rat Colony,PUG-D1EAC384-03,available,1,,not_recorded,3TW4B3MBIEOO3WEXPQMVHXN5,1,1,not_recorded,visibility=visible;status=available;sellable_quantity=1,not_recorded,0,synced,,website_projection_missing;kiosk_projection_not_recorded
1,connected,local-inventory-968c181e-57d8-42c2-967c-81a8d5ad22e0,f7115d75-1392-32f1-08e3-bb39b5944923,Unfair Stamp,PUG-E6455C29,available,1,,not_recorded,TLRGF35ACBD35RYMCAR4GEBI,1,1,not_recorded,visibility=visible;status=available;sellable_quantity=1,not_recorded,0,synced,,website_projection_missing;kiosk_projection_not_recorded
1,connected,local-inventory-616ce922-e622-416c-9553-6cb1cf552281,6c15a192-c038-013a-41e3-15e779c08130,Rotlung Reanimator,PUG-1A49AA38,available,1,,not_recorded,4DDMPOEKSYF676VY725TBVWB,1,1,not_recorded,visibility=visible;status=available;sellable_quantity=1,not_recorded,0,synced,,website_projection_missing;kiosk_projection_not_recorded
1,connected,local-inventory-960244ce-7bb2-456d-824b-27b3d65e54b5,7c593167-db7b-c150-8352-862eaebe63de,Raihan,PUG-5B53AD48,sold,1,,not_recorded,37CCORH6UAPQF7AOA3TEENZI,0,0,not_recorded,visibility=visible;status=sold;sellable_quantity=0,not_recorded,0,synced,,website_projection_missing;kiosk_projection_not_recorded
1,connected,local-inventory-b4ac80e4-dacf-4951-8018-d061f51deed7,67e85efc-0221-48de-0e1a-045810d9efab,Shadowgrange Archfiend,PUG-8028624A,available,1,status=available;quantity=1;online=visible;kiosk=visible,not_recorded,HOSHZVG3FU42GEZZKICZVPJ7,1,1,not_recorded,visibility=visible;status=available;sellable_quantity=1,not_recorded,0,synced,,kiosk_projection_not_recorded
1,connected,local-inventory-b253b853-5bdd-44b1-bcaf-1418c0fb3277,c5374d57-1248-772e-37ee-0e987e481571,Strong Energy,PUG-58B921E9-01,available,1,,not_recorded,36Q7N53QYVYMRQ55KFF5HCV5,1,1,not_recorded,visibility=visible;status=available;sellable_quantity=1,not_recorded,0,synced,,website_projection_missing;kiosk_projection_not_recorded
1,connected,local-inventory-9c160d00-7a85-49d3-99d0-8d3e5da82c90,4b97c5cc-958a-c8c3-33b4-767f4fba7fdc,Strong Energy,PUG-58B921E9-02,available,1,,not_recorded,PAKGTSKUFBUDMVNYSZQBL4BA,1,0,not_recorded,visibility=visible;status=available;sellable_quantity=1,not_recorded,0,synced,,website_projection_missing;square_count_mismatch;kiosk_projection_not_recorded
1,connected,local-inventory-d6101fcc-9f36-429a-b6f0-63571289fe97,1e3cd8db-cdc2-f986-6f5a-efa95ec66c1d,Shallow Grave,PUG-17E6BC05,available,1,status=available;quantity=1;online=visible;kiosk=visible,not_recorded,YMQEMMWA4CCBJ677KBAQWJNF,1,1,not_recorded,visibility=visible;status=available;sellable_quantity=1,not_recorded,0,synced,,kiosk_projection_not_recorded
1,connected,local-inventory-8e50b0a5-274e-4227-a4b8-de5cfac7d76f,2b267e11-9e2a-59b4-f9f8-68b274188782,Reshiram ex,PUG-A0E67E66-01,available,7,,not_recorded,LX7GP3Y5TEPTSKWDVZ2WH6NP,7,7,not_recorded,visibility=visible;status=available;sellable_quantity=7,not_recorded,0,synced,,website_projection_missing;kiosk_projection_not_recorded
1,connected,local-inventory-30e05cf8-1ffd-4300-823a-4a59c67242fb,e0cd00bb-22cc-b74e-9b50-68662c2c4483,Reshiram ex,PUG-A0E67E66-02,removed,0,,not_recorded,EZ7F4NFCFJJDQFYFSWEKUHE5,0,0,not_recorded,visibility=hidden;status=removed;sellable_quantity=0,not_recorded,0,synced,,website_projection_missing;kiosk_projection_not_recorded
1,connected,local-inventory-f13e598b-edf1-419c-a604-65982550b37c,1d99102c-da64-adad-b66f-2a4450de2352,Reshiram ex,PUG-A0E67E66-03,removed,0,,not_recorded,EKYUIFBS3YJAEGY2TBIBXRMC,0,0,not_recorded,visibility=hidden;status=removed;sellable_quantity=0,not_recorded,0,synced,,website_projection_missing;kiosk_projection_not_recorded
1,connected,local-inventory-bc2ead10-c125-4be8-ba85-4b1f1abdcb59,87dbd26d-63a5-e92e-8a96-5bc340567b83,Reshiram ex,PUG-A0E67E66-04,removed,0,,not_recorded,QBZWHMRHS7MOBNW4I2APG5OW,0,0,not_recorded,visibility=hidden;status=removed;sellable_quantity=0,not_recorded,0,synced,,website_projection_missing;kiosk_projection_not_recorded
1,connected,local-inventory-7270ee09-ae13-42ac-8b51-9fe6d5949c4d,36bd5470-9e66-3077-45e4-16e46d38d4dc,Reshiram ex,PUG-A0E67E66-05,removed,0,,not_recorded,53F2ATEIA2W4SI3S744TYB45,0,0,not_recorded,visibility=hidden;status=removed;sellable_quantity=0,not_recorded,0,synced,,website_projection_missing;kiosk_projection_not_recorded
1,connected,local-inventory-5929ee3f-3e36-4bf1-88b7-c60b9c9c336d,8bfa6a2a-05f0-9aaa-9367-e6c705fd6c4e,Reshiram ex,PUG-A0E67E66-06,removed,0,,not_recorded,RXGT4F74XEBFCNLKN3LZDVBD,0,0,not_recorded,visibility=hidden;status=removed;sellable_quantity=0,not_recorded,0,synced,,website_projection_missing;kiosk_projection_not_recorded
1,connected,local-inventory-5d5aa970-d6f4-49d7-a321-3286d0adef8a,4e2952e0-6e01-4cbc-13c4-040840003603,Reshiram ex,PUG-A0E67E66-07,removed,0,,not_recorded,PP52766VP6ILC24VXNH36DFP,0,0,not_recorded,visibility=hidden;status=removed;sellable_quantity=0,not_recorded,0,synced,,website_projection_missing;kiosk_projection_not_recorded
1,connected,local-inventory-e67e2f22-014b-4cf3-be5c-e10d8fe01646,ad6392bd-9990-aaa9-de52-79f8a2f9061d,The Soul Stone,PUG-8FFBED5E-01,sold,0,,not_recorded,T4DIZFYBZKCHU7ZAVT7KLEIV,0,0,not_recorded,visibility=visible;status=sold;sellable_quantity=0,not_recorded,0,no_sync_record,,website_projection_missing;kiosk_projection_not_recorded
1,connected,local-inventory-31d64d44-9fc3-49aa-9848-fa3b8fd3ced6,ccde4831-df5f-3225-8b2c-c36b539247c7,The Soul Stone,PUG-8FFBED5E-02,available,1,,not_recorded,UMOG6OHRY6YHUL6SWN3EYLI6,1,1,not_recorded,visibility=visible;status=available;sellable_quantity=1,not_recorded,0,synced,,website_projection_missing;kiosk_projection_not_recorded
1,connected,local-inventory-8a861e9f-55c7-445a-86f2-e2c7c75c66fc,5f82e01c-e4c1-9006-1ff7-5259fab6e004,Sower of Discord,PUG-5D82205E,available,1,,not_recorded,6FRFRARCZRHYRSR6NKPFFW3U,1,1,not_recorded,visibility=visible;status=available;sellable_quantity=1,not_recorded,0,synced,,website_projection_missing;kiosk_projection_not_recorded
1,connected,local-inventory-f2a4159c-9a0e-4043-a8cc-356768d0b257,708fb85b-b4dc-9157-25b9-1a68ee9b358c,Super Shredder,PUG-FA45AC12,removed,1,,not_recorded,2DAHUUDMSWHHVA5XTIAMSPNH,0,0,not_recorded,visibility=hidden;status=removed;sellable_quantity=0,not_recorded,0,synced,,website_projection_missing;kiosk_projection_not_recorded
1,connected,local-inventory-844cd091-3c7b-4ad7-aad9-6547df1142a7,48ceb6ef-75cc-8a3e-f895-ff0768847302,Super Shredder,PUG-A9E9F4B4,available,1,,not_recorded,XS6LRBYIFUMAJSTKGN2B4T5G,1,0,not_recorded,visibility=visible;status=available;sellable_quantity=1,not_recorded,0,synced,,website_projection_missing;square_count_mismatch;kiosk_projection_not_recorded
1,connected,local-inventory-1189cdb3-f8a9-4776-a119-3bc36349d4c7,b6264181-5111-39c3-8909-a1b31b7b7ac3,Super Shredder,PUG-A6D5C50B,available,1,,not_recorded,Z6SZXA4RU5OQ5KYGDZHYL762,1,0,not_recorded,visibility=visible;status=available;sellable_quantity=1,not_recorded,0,synced,,website_projection_missing;square_count_mismatch;kiosk_projection_not_recorded
1,connected,local-inventory-05b4575d-227b-431c-9763-7f0fd858b81a,c7006db5-746a-6807-449a-b89e2d04a789,Syphon Sliver,PUG-F90EE033-01,available,2,,not_recorded,O3LFYBYZI6Z4YTSB47GNIK5A,2,1,not_recorded,visibility=visible;status=available;sellable_quantity=2,not_recorded,0,no_sync_record,,website_projection_missing;square_count_mismatch;kiosk_projection_not_recorded
1,connected,local-inventory-028a67ea-bd4d-40df-a748-f6a97e297969,65197b49-80a2-fb1c-e76b-70712ef21c60,Syphon Sliver,PUG-F90EE033-02,removed,0,,not_recorded,GKYN6MSXDH53GBXPOUIG4JTU,0,0,not_recorded,visibility=hidden;status=removed;sellable_quantity=0,not_recorded,0,synced,,website_projection_missing;kiosk_projection_not_recorded
1,connected,local-inventory-70bb6da0-d8b5-4d01-9f07-f8953294acad,b48b4199-6187-687e-1632-0a142b065533,Tainted Remedy,PUG-504AF830,available,1,,not_recorded,JUZOKP46BAFM6623KOOZNR5P,1,0,not_recorded,visibility=visible;status=available;sellable_quantity=1,not_recorded,0,synced,,website_projection_missing;square_count_mismatch;kiosk_projection_not_recorded
1,connected,local-inventory-09b8c19b-cfa6-4045-99ee-b7aefd161814,f11ffef2-2426-699c-c656-9bf686cb8b80,Court of Locthwain,PUG-C801E96B,available,1,,not_recorded,BDGEXWWBJBHFHVVC2A7E4PSA,1,1,not_recorded,visibility=visible;status=available;sellable_quantity=1,not_recorded,0,synced,,website_projection_missing;kiosk_projection_not_recorded
1,connected,local-inventory-a09ddcea-bab7-4207-9af0-0728e539b7d1,8ca785c8-0203-9651-3b72-eb078fdd0403,"Tergrid, God of Fright // Tergrid's Lantern",PUG-685E2124,removed,1,,not_recorded,HMMUUFU3XL2D5DHFAPV4XWNJ,0,0,not_recorded,visibility=hidden;status=removed;sellable_quantity=0,not_recorded,0,synced,,website_projection_missing;kiosk_projection_not_recorded
1,connected,local-inventory-1e1325fe-51a1-4677-9d35-678b3096fe27,cf164b85-b369-1b8f-d3df-f620d97ca801,Tortured Existence,PUG-BF8C7141,sold,0,,not_recorded,P4PB447DPRSMTC3AWYOO24PM,0,0,not_recorded,visibility=visible;status=sold;sellable_quantity=0,not_recorded,0,no_sync_record,,website_projection_missing;kiosk_projection_not_recorded
1,connected,local-inventory-614d8110-740a-4f33-81d3-590e91062bff,109108fa-c0be-a3d2-77f9-1b015ac775c5,"Tergrid, God of Fright // Tergrid's Lantern",PUG-F85BEC39-01,available,1,,not_recorded,7HLSV42F5ZMDW2EURIUYDDP4,1,1,not_recorded,visibility=visible;status=available;sellable_quantity=1,not_recorded,0,synced,,website_projection_missing;kiosk_projection_not_recorded
1,connected,local-inventory-3c086ec4-663a-4112-8cdd-3c4700160952,ffb2a7de-5be1-07b6-0eb1-04caa8f3ac94,"Tergrid, God of Fright // Tergrid's Lantern",PUG-F85BEC39-02,removed,0,,not_recorded,Z3PFRCPIZDJWJPJYMW2ALJAM,0,0,not_recorded,visibility=hidden;status=removed;sellable_quantity=0,not_recorded,0,synced,,website_projection_missing;kiosk_projection_not_recorded
1,connected,local-inventory-52e912b3-f816-40e9-b6f3-ade658ae089b,806c729a-4206-9ed0-e3d8-6507e56f9775,Ting-Lu ex,PUG-BF11F9BE,removed,1,,not_recorded,GII3HJA4NSVCUDSWT4WIATKH,0,0,not_recorded,visibility=hidden;status=removed;sellable_quantity=0,not_recorded,0,synced,,website_projection_missing;kiosk_projection_not_recorded
1,connected,local-inventory-cb48d703-4328-4bbe-906f-97b0ab78493d,f86583d9-d2dd-48b2-9160-630cd27bd764,Necroskitter,PUG-DCCCB6AC,available,1,,not_recorded,WVGKLV4HYAAOFRUXZX2EQYJW,1,1,not_recorded,visibility=visible;status=available;sellable_quantity=1,not_recorded,0,no_sync_record,,website_projection_missing;kiosk_projection_not_recorded
1,connected,local-inventory-fe33612f-0d85-4980-bc68-b232352c75fc,99e3e578-336f-92ca-69ab-0703ac4910de,Thoughtseize,PUG-B93F5CBA,available,1,status=available;quantity=1;online=visible;kiosk=visible,not_recorded,L477ETVBTMU2L5MR3M62TJWT,1,1,not_recorded,visibility=visible;status=available;sellable_quantity=1,not_recorded,0,synced,,kiosk_projection_not_recorded
1,connected,local-inventory-e92ed332-6406-49f4-afdd-1eade1ebf0cd,d35067c9-db60-576d-87c2-9cfed1a380e4,Necrogen Mists,PUG-4F32BFEF,available,1,,not_recorded,YENH5BCPV626D3IUKP2JUFPH,1,1,not_recorded,visibility=visible;status=available;sellable_quantity=1,not_recorded,0,synced,,website_projection_missing;kiosk_projection_not_recorded
1,connected,local-inventory-b8fb188e-8fea-4eb7-8613-ca1a18f9a0a0,b9583f57-6a11-6d33-d245-13f84626680f,"Elspeth, Storm Slayer",PUG-D6CA5D44,available,1,,not_recorded,BECH3FTJ4RHY7EL4436KP7FF,1,1,not_recorded,visibility=visible;status=available;sellable_quantity=1,not_recorded,0,synced,,website_projection_missing;kiosk_projection_not_recorded
1,connected,local-inventory-48abca1d-0dcb-4ab2-8cd7-87208e835c39,6ed72073-6a2a-d865-a005-4cf877fa2540,Contagion Engine,PUG-15FF88BD,available,1,,not_recorded,GF7DOEKO7GORTU5QPCHM2U3Q,1,1,not_recorded,visibility=visible;status=available;sellable_quantity=1,not_recorded,0,synced,,website_projection_missing;kiosk_projection_not_recorded
1,connected,local-inventory-2edbbea0-a07e-448e-be97-9f64ce5733d9,7e4aeac3-6af4-93c6-edef-01d63b954da0,Craterhoof Behemoth,PUG-C558A7D9,sold,0,,not_recorded,PDQTJEDW3SPYOZUFW6UF2WQT,0,0,not_recorded,visibility=visible;status=sold;sellable_quantity=0,not_recorded,0,no_sync_record,,website_projection_missing;kiosk_projection_not_recorded
1,connected,local-inventory-3dbbfc07-89fd-4df7-ba83-c2fd8137083d,8ec500dd-f2d0-10bf-0b19-68b579652e09,Akroma's Will,PUG-65FCB9C4,sold,0,,not_recorded,LBA5UCQ2FVD565ZNGIDETHZC,0,0,not_recorded,visibility=visible;status=sold;sellable_quantity=0,not_recorded,0,no_sync_record,,website_projection_missing;kiosk_projection_not_recorded
1,connected,local-inventory-66f38d37-65ab-43d8-81ce-2645f93c33f8,0b691da2-8f0a-7c35-f906-52376beb9029,"Yawgmoth, Thran Physician",PUG-D784A315,sold,0,,not_recorded,UPZCPYH43VP6LXFLAY4Z3BZK,0,0,not_recorded,visibility=visible;status=sold;sellable_quantity=0,not_recorded,0,no_sync_record,,website_projection_missing;kiosk_projection_not_recorded
1,connected,local-inventory-6de9a760-909f-472f-927a-ee1945fcecce,18557dd8-3a3b-8216-eec4-4f9e2ee97156,Ting-Lu ex,PUG-8E5E74A9,available,1,,not_recorded,HCQ2BQJ5WU6QR6OBBOCZXJ3J,1,1,not_recorded,visibility=visible;status=available;sellable_quantity=1,not_recorded,0,synced,,website_projection_missing;kiosk_projection_not_recorded
1,connected,local-inventory-3e43879b-6ece-43e4-b1d3-3053796c5b22,7321f4f1-f902-c693-0b61-cf0cba224275,Moonshadow,PUG-6F11DFB9,available,1,,not_recorded,ZCVDPUEOKQHUOOR5P7R5JDZG,1,1,not_recorded,visibility=visible;status=available;sellable_quantity=1,not_recorded,0,synced,,website_projection_missing;kiosk_projection_not_recorded
1,connected,local-inventory-fdf39afb-d8b9-48bf-ba40-3837cf13ab86,3083b939-f3ee-a586-5aa1-e36b461e52f2,Moonshadow,PUG-5E5786EA,available,1,,not_recorded,YHIASPNCKQT7XX5UWLKFB5N2,1,0,not_recorded,visibility=visible;status=available;sellable_quantity=1,not_recorded,0,synced,,website_projection_missing;square_count_mismatch;kiosk_projection_not_recorded
1,connected,local-inventory-8cc4dea6-0ad7-4c15-87a9-985a089b3789,41a49e20-ca60-a21d-3c07-fee95419baa1,Moonshadow,PUG-1B270653,available,1,,not_recorded,JR7ZFCZLR6BRELO7GBUPKNQU,1,1,not_recorded,visibility=visible;status=available;sellable_quantity=1,not_recorded,0,synced,,website_projection_missing;kiosk_projection_not_recorded
1,connected,local-inventory-ff337280-cfbb-4a3b-9918-2f97503cbc45,25641bf7-5333-0506-30d6-6f4e373dfdbe,Bitterblossom,PUG-9894E0F2,sold,0,,not_recorded,XHV464LIN2PIYFP3YEIBL6I5,0,0,not_recorded,visibility=visible;status=sold;sellable_quantity=0,not_recorded,0,no_sync_record,,website_projection_missing;kiosk_projection_not_recorded
1,connected,local-inventory-540c8ee1-29b9-48b5-a026-cf5d5cfdbcc3,56c42dae-3cc1-3265-9f08-ba8abc95359a,Midnight Banshee,PUG-1A6129DB,available,1,,not_recorded,FQSQCRL7UC6MWSZAIGSZSRV5,1,1,not_recorded,visibility=visible;status=available;sellable_quantity=1,not_recorded,0,synced,,website_projection_missing;kiosk_projection_not_recorded
1,connected,local-inventory-f6bd7865-e979-4f0e-9818-dc8fae9571ba,7702fc14-ff59-bf44-b4b6-13185bc84c27,Master of the Feast,PUG-5A2FAC7E,available,1,,not_recorded,HY3RWGQ67725GEWHYO6VGIVI,1,1,not_recorded,visibility=visible;status=available;sellable_quantity=1,not_recorded,0,no_sync_record,,website_projection_missing;kiosk_projection_not_recorded
1,connected,local-inventory-351d2bb8-7de1-4353-a0b6-513a0bcfc19c,93fcb9a9-b519-ff49-944d-ee2071b07475,"Massacre Girl, Known Killer",PUG-56087E98,available,1,,not_recorded,3OZYXK723AHLVRTLJ27XQD4Z,1,1,not_recorded,visibility=visible;status=available;sellable_quantity=1,not_recorded,0,synced,,website_projection_missing;kiosk_projection_not_recorded
1,connected,local-inventory-71a6f2d8-12a5-42a3-a0fb-dc8a183594ab,097bd0c1-a217-adbe-5c45-3b9761d9df6b,"Maha, Its Feathers Night",PUG-30663A7C,available,1,,not_recorded,UQWX4DGHFBQPQSTXOTGQSDDG,1,1,not_recorded,visibility=visible;status=available;sellable_quantity=1,not_recorded,0,synced,,website_projection_missing;kiosk_projection_not_recorded
1,connected,local-inventory-ef084c3b-4b54-4c6f-a527-2d07b018b9e5,e6d0bb61-0044-ac43-d31b-3152dc0aa872,"Maha, Its Feathers Night",PUG-7F0AC3E5,available,1,,not_recorded,Z2GKA6TN2ETQNXF7QZT3BPYK,1,1,not_recorded,visibility=visible;status=available;sellable_quantity=1,not_recorded,0,synced,,website_projection_missing;kiosk_projection_not_recorded
1,connected,local-inventory-672cd389-4a37-42e9-909e-cad96f2b3ef2,ae16a013-c3c7-b630-3ae6-34d6e2007e3a,Kindred Dominance,PUG-F6393AF7,sold,0,,not_recorded,YL32BNIF5MY23O3EUFJZT3JA,0,0,not_recorded,visibility=visible;status=sold;sellable_quantity=0,not_recorded,0,synced,,website_projection_missing;kiosk_projection_not_recorded
1,connected,local-inventory-9a2c17df-5791-4a6a-9406-b9e0cd2ff5d1,edb21fd4-4c0a-f743-41fb-0a11834e9fa6,Kindred Dominance,PUG-19901D41,available,1,,not_recorded,ACZND4URB5SJSE6NLHQZWOIT,1,1,not_recorded,visibility=visible;status=available;sellable_quantity=1,not_recorded,0,synced,,website_projection_missing;kiosk_projection_not_recorded
1,connected,local-inventory-02d88e88-8365-4df2-b802-7c08ed5b2d09,4e7fe9c3-0152-95e4-97e9-844f1e90de36,Kindred Dominance,PUG-06EB3D1C,available,1,,not_recorded,A3FC4FVLOXYBD7SE5YU33JBI,1,0,not_recorded,visibility=visible;status=available;sellable_quantity=1,not_recorded,0,synced,,website_projection_missing;square_count_mismatch;kiosk_projection_not_recorded
1,connected,local-inventory-38fc4d95-a014-4174-ae42-b0a68e6eb390,d34b961e-e11e-6058-35e9-22b0eeb7dd05,Faerie Bladecrafter,PUG-716F54B5,available,1,,not_recorded,UHCPDLP6QMJP4G26IZSQOJI4,1,1,not_recorded,visibility=visible;status=available;sellable_quantity=1,not_recorded,0,no_sync_record,,website_projection_missing;kiosk_projection_not_recorded
1,connected,local-inventory-a26dd5cd-d7db-4fa7-acdf-5f399464cf45,82b9642a-ce4d-f526-c37d-334c7aa9de5a,Harvester of Misery,PUG-938F6240,available,1,,not_recorded,3Z2JNCWQZ7R456BUTNR363CS,1,1,not_recorded,visibility=visible;status=available;sellable_quantity=1,not_recorded,0,synced,,website_projection_missing;kiosk_projection_not_recorded
1,connected,local-inventory-5a9b3118-42d3-4404-99f5-455b62af2ac3,94fd550f-953a-bd95-1204-87227da5ed16,Grim Tutor,PUG-441B3853,sold,0,,not_recorded,IEGUDNB2O2U24MD6RUPQGGRO,0,0,not_recorded,visibility=visible;status=sold;sellable_quantity=0,not_recorded,0,no_sync_record,,website_projection_missing;kiosk_projection_not_recorded
1,connected,local-inventory-34e3c8c7-8f2c-4765-a005-6c268f3be26e,6bffb801-add7-8e46-7b7c-ea604b9e3a56,Grim Hireling,PUG-D387E38D,available,1,,not_recorded,O7GMVYSCUVS6QLDDZXTIJ3V3,1,1,not_recorded,visibility=visible;status=available;sellable_quantity=1,not_recorded,0,synced,,website_projection_missing;kiosk_projection_not_recorded
1,connected,local-inventory-66ee8c1d-2e40-42ce-a80c-fb1b7834d3d0,1528c48a-1a5c-faa6-6231-c9d8414053af,Grave Pact,PUG-F345DE44,available,1,,not_recorded,2BTGV6TRKMWLCWBYYBW2GWRI,1,1,not_recorded,visibility=visible;status=available;sellable_quantity=1,not_recorded,0,synced,,website_projection_missing;kiosk_projection_not_recorded
1,connected,local-inventory-71907e44-2ccf-4d0a-9604-c179737c402c,431a12db-8440-55a2-cab4-6a61afc07653,"Gisa, the Hellraiser",PUG-E4F6012C,available,1,,not_recorded,S4XDDVR6N3ZJ4YWB7XDM66ZD,1,1,not_recorded,visibility=visible;status=available;sellable_quantity=1,not_recorded,0,synced,,website_projection_missing;kiosk_projection_not_recorded
1,connected,local-inventory-a2279964-c01c-45d3-b9a3-5479b6e27fdb,f4c150ac-bd9b-a25e-beba-6a5840222ce3,Filth,PUG-2FB4D94C,available,1,,not_recorded,6EMR2GVAX363Y7ANUH67TEKZ,1,1,not_recorded,visibility=visible;status=available;sellable_quantity=1,not_recorded,0,synced,,website_projection_missing;kiosk_projection_not_recorded
1,connected,local-inventory-e8cbdb8b-ddad-4b62-b736-ff66dd360a1d,df1dd169-8bf3-195c-9df0-9eae78fde27c,Dismember,PUG-EBCEDDAE,available,1,status=available;quantity=1;online=visible;kiosk=visible,not_recorded,ZOC4XB46DM3LUBSSHPD3VVYY,1,1,not_recorded,visibility=visible;status=available;sellable_quantity=1,not_recorded,0,synced,,kiosk_projection_not_recorded
1,connected,local-inventory-f20143e8-b608-4a6d-95dd-23225d8b2c7e,f66d43b6-24f8-de76-961e-18de89f233ca,Revavroom ex,PUG-3ED8BDD3,available,1,,not_recorded,SPG7MWDC753SCXFDPFUVULAJ,1,1,not_recorded,visibility=visible;status=available;sellable_quantity=1,not_recorded,0,no_sync_record,,website_projection_missing;kiosk_projection_not_recorded
1,connected,local-inventory-a1ed1480-ae4f-4adb-9349-01f9d0bc4399,efec28cc-082a-420f-c64e-428e776f368b,Dismember,PUG-EEAEB0D9,available,1,,not_recorded,ILO2WFOT5KQWLSVKRLSQOGJK,1,1,not_recorded,visibility=visible;status=available;sellable_quantity=1,not_recorded,0,no_sync_record,,website_projection_missing;kiosk_projection_not_recorded
1,connected,local-inventory-06028c8d-dd9c-4f99-881a-0d4aaac172f2,682ac314-1612-1b2a-b657-a21f58e9bd38,Dismember,PUG-602C462F,available,1,,not_recorded,UWJNLJNFJS56BIFYLO3K7OE7,1,1,not_recorded,visibility=visible;status=available;sellable_quantity=1,not_recorded,0,no_sync_record,,website_projection_missing;kiosk_projection_not_recorded
1,connected,local-inventory-e0869f61-a47c-4316-8602-8bc036619ffd,e65abd50-0e1e-80e7-16ce-3d17c812d9ca,Diabolic Intent,PUG-3E379CFE,available,1,status=available;quantity=1;online=visible;kiosk=visible,not_recorded,GQLW4YQ7WXOARSPI6MQEGS47,1,1,not_recorded,visibility=visible;status=available;sellable_quantity=1,not_recorded,0,synced,,kiosk_projection_not_recorded
1,connected,local-inventory-2708769e-1588-470b-ac0c-235ef646e603,009d429e-83dd-a390-575c-fc1905a64c36,Demonic Consultation,PUG-9C12F5A1,available,1,,not_recorded,LBWCKJ5AM74XVTJJ7NZ2PAI7,1,1,not_recorded,visibility=visible;status=available;sellable_quantity=1,not_recorded,0,synced,,website_projection_missing;kiosk_projection_not_recorded
1,connected,local-inventory-09d4d08f-a63a-469c-95f7-58412eb9e24f,c6063e53-de4b-4f32-46c6-bf0598ddeaa3,Dismember,PUG-AD949B80,available,1,,not_recorded,EFCXOSI7A5KIE3OSNJ5CUSGB,1,1,not_recorded,visibility=visible;status=available;sellable_quantity=1,not_recorded,0,no_sync_record,,website_projection_missing;kiosk_projection_not_recorded
1,connected,local-inventory-fe1cd1a3-5dba-454d-bb69-38f843e94132,725b2081-0276-dbe9-5109-2c3681e10570,Vampiric Tutor,PUG-C91A7EEF,sold,0,,not_recorded,3T6UJIZJESSVB67RHKDNGI6R,0,0,not_recorded,visibility=visible;status=sold;sellable_quantity=0,not_recorded,0,no_sync_record,,website_projection_missing;kiosk_projection_not_recorded
1,connected,local-inventory-f459f63c-ec08-4304-b499-442ef1104407,d9889b00-f454-1fa9-19ea-c734b8d28611,Lugia ex,PUG-D4BCC66A,available,1,,not_recorded,ICPPULLOGXP6CAFQBW2ELTKV,1,0,not_recorded,visibility=visible;status=available;sellable_quantity=1,not_recorded,0,synced,,website_projection_missing;square_count_mismatch;kiosk_projection_not_recorded
1,connected,local-inventory-eaba92cf-9b41-49b0-bed2-72b06330382c,e146055e-032a-ac83-d2fb-2bea542b2096,Cinccino ex,PUG-F616C951,available,1,,not_recorded,7XE4E2HV64SFC3JAA4CIPBQJ,1,0,not_recorded,visibility=visible;status=available;sellable_quantity=1,not_recorded,0,no_sync_record,,website_projection_missing;square_count_mismatch;kiosk_projection_not_recorded
1,connected,local-inventory-dcd6584f-6583-481b-8242-8063e11de3ae,acf5a912-8319-4872-857b-5b6bd1e4c823,Mega Heracross ex,PUG-E3D3370E,available,1,,not_recorded,J5K7S4VFIVOXMVJNYF3S5KD7,1,1,not_recorded,visibility=visible;status=available;sellable_quantity=1,not_recorded,0,no_sync_record,,website_projection_missing;kiosk_projection_not_recorded
1,connected,local-inventory-81494646-8dcb-4a06-9807-c19f41c46dd3,28a7b15a-3a6f-9deb-e1d0-32334aeefad7,Mega Lopunny ex,PUG-F100BAF1,sold,0,,not_recorded,UPAPPYT3LPM5BSYZPJRU2WLY,0,0,not_recorded,visibility=visible;status=sold;sellable_quantity=0,not_recorded,0,no_sync_record,,website_projection_missing;kiosk_projection_not_recorded
1,connected,local-inventory-9b6534a7-cc5d-403c-8f02-c2825aa6cadb,4cb863d8-9ba0-66d4-07fe-d675bea4eb30,Cinccino ex,PUG-A5090030,available,1,,not_recorded,XPRTMULMBKEFKKHYUY35U3LT,1,1,not_recorded,visibility=visible;status=available;sellable_quantity=1,not_recorded,0,no_sync_record,,website_projection_missing;kiosk_projection_not_recorded
1,connected,local-inventory-50a5b0c3-3991-427b-8f13-55b02977d5e5,07148a04-689d-95f4-7b9c-b71c0742a0fe,Morpeko V,PUG-F2FEB634,sold,0,,not_recorded,5SOJ7U6IICS4W3AQOHWGO6BE,0,0,not_recorded,visibility=visible;status=sold;sellable_quantity=0,not_recorded,0,no_sync_record,,website_projection_missing;kiosk_projection_not_recorded
1,connected,local-inventory-1a2570c6-4f61-450a-a5c3-c866267b9376,1ae49c5d-6c57-80ef-5d11-7f0f1a287614,Hop's Zacian ex,PUG-E79B1AEC,sold,0,,not_recorded,R4C4J6PTK3W7A5K6WYKG6TG2,0,0,not_recorded,visibility=visible;status=sold;sellable_quantity=0,not_recorded,0,no_sync_record,,website_projection_missing;kiosk_projection_not_recorded
1,connected,local-inventory-57d7eb69-8190-42b9-a661-642cdc04d5b7,232fd992-b1c2-3d32-ff3b-27f8a8e80f9f,Dialga ex,PUG-2C0AA17F,available,1,,not_recorded,CVJC4X7T2ATL5OX6LWSO2IFG,1,0,not_recorded,visibility=visible;status=available;sellable_quantity=1,not_recorded,0,no_sync_record,,website_projection_missing;square_count_mismatch;kiosk_projection_not_recorded
1,connected,local-inventory-81b3da7e-6a8a-4dd8-854c-490ef53e3d09,dc8de4bf-5b31-6bac-1f00-9b7e9facd32d,Mega Emboar ex,PUG-92353E82,sold,0,,not_recorded,UBBJXGLPYBHKHIWIPJKSVSCZ,0,0,not_recorded,visibility=visible;status=sold;sellable_quantity=0,not_recorded,0,no_sync_record,,website_projection_missing;kiosk_projection_not_recorded
1,connected,local-inventory-92204884-f969-43b7-bbdf-f1734bed8eb0,5b0986fe-622f-1e8f-b7b0-1bbbe3d7cf13,Koraidon ex,PUG-51C7A009,available,1,,not_recorded,RY42XJN6V2IXRG45NW3R4F5U,1,1,not_recorded,visibility=visible;status=available;sellable_quantity=1,not_recorded,0,no_sync_record,,website_projection_missing;kiosk_projection_not_recorded
1,connected,local-inventory-2207c529-5034-4061-960a-8df9f34b21e7,f9c710b3-37b6-2075-16be-b7dd83a364dc,Mabosstiff ex,PUG-928F17F2,available,1,,not_recorded,NALDKDSD26EAFYUOEUX7PQMX,1,1,not_recorded,visibility=visible;status=available;sellable_quantity=1,not_recorded,0,no_sync_record,,website_projection_missing;kiosk_projection_not_recorded
1,connected,local-inventory-a3edf1d6-8fb6-4a42-8030-0c3483a7a161,f6bff434-7733-a91a-75bb-5bd4933dd531,Rebecca,PUG-60963199,available,1,,not_recorded,JWKIPNLVMLEJCJTGVO7WEU3Z,1,1,not_recorded,visibility=visible;status=available;sellable_quantity=1,not_recorded,0,synced,,website_projection_missing;kiosk_projection_not_recorded
1,connected,local-inventory-5e42a813-e362-4613-b231-40d2884665f0,44e3a893-40b9-6183-8320-845b1e0067de,Krieg,PUG-62ACAED5,available,1,,not_recorded,IBPLG4UJJ5NRBTVT4QFDLYFW,1,1,not_recorded,visibility=visible;status=available;sellable_quantity=1,not_recorded,0,no_sync_record,,website_projection_missing;kiosk_projection_not_recorded
1,connected,local-inventory-b63c2092-8587-4e2b-8996-0427b1fdc961,848293fb-c604-75af-72f2-e67fcdc5de55,Rob Lucci,PUG-0A969DA2,removed,0,,not_recorded,FW4QWOXLMJZ5JWZSEEOWLTHZ,0,0,not_recorded,visibility=hidden;status=removed;sellable_quantity=0,not_recorded,0,synced,,website_projection_missing;kiosk_projection_not_recorded
1,connected,local-inventory-ab4fe614-3416-48b5-aad1-fe601c0f768e,1aea66f0-3ab3-72cd-9c93-09445a9ec0e8,Rob Lucci,PUG-16AB74BE-01,available,3,,not_recorded,PG2BPRSMT5S4ZYS4LKCWGGQG,3,3,not_recorded,visibility=visible;status=available;sellable_quantity=3,not_recorded,0,synced,,website_projection_missing;kiosk_projection_not_recorded
1,connected,local-inventory-8bef8fe0-5adf-4fa1-b1ff-862db9b3c5b5,3f882356-3600-e28f-c3e1-f535fdc3699b,Rob Lucci,PUG-16AB74BE-02,removed,0,,not_recorded,UE7YIE4TKWYEBPZRZKRDGASQ,0,0,not_recorded,visibility=hidden;status=removed;sellable_quantity=0,not_recorded,0,synced,,website_projection_missing;kiosk_projection_not_recorded
1,connected,local-inventory-eed00879-5032-463a-a724-157328bc20eb,4291d2d4-f971-8e11-6b3b-14797fee6be7,Rob Lucci,PUG-16AB74BE-03,removed,0,,not_recorded,V23LNG7AXIOU2SDQYY4AHWET,0,0,not_recorded,visibility=hidden;status=removed;sellable_quantity=0,not_recorded,0,synced,,website_projection_missing;kiosk_projection_not_recorded
1,connected,local-inventory-33a0056e-49b6-4dc1-b97c-f13f425209d3,8c4a176c-6c25-f077-f5f2-025a8f0aaebc,Charlotte Linlin,PUG-28555B0B,available,1,,not_recorded,PZZKIGJ3QA5FH3ZUZD2DMIME,1,1,not_recorded,visibility=visible;status=available;sellable_quantity=1,not_recorded,0,synced,,website_projection_missing;kiosk_projection_not_recorded
1,connected,local-inventory-567a12e6-5b8e-48eb-bf98-34623c81fe6c,d41b71dd-dfe6-47c0-e82e-8532872b9b5e,Stussy,PUG-211BCDF3,available,1,,not_recorded,AQEFX3VNLKPJVD3LWKJDEAOG,1,1,not_recorded,visibility=visible;status=available;sellable_quantity=1,not_recorded,0,no_sync_record,,website_projection_missing;kiosk_projection_not_recorded
1,connected,local-inventory-144641a3-f4d5-4b30-807b-28db2963a71a,c0e52a5c-15c3-c70d-d844-30da6cc87d8a,Black Maria,PUG-44B61773,available,2,,not_recorded,W7PX3V3Q23DZIVRZ72YKIND3,2,2,not_recorded,visibility=visible;status=available;sellable_quantity=2,not_recorded,0,synced,,website_projection_missing;kiosk_projection_not_recorded
1,connected,local-inventory-52a67481-04fc-42c3-a782-267cd4272d2a,825c3bf6-9004-b3bb-e845-2db53ec441da,Sabo,PUG-51354CC5,available,1,,not_recorded,IADVSZO2JT73BVRFXRKC3RJU,1,1,not_recorded,visibility=visible;status=available;sellable_quantity=1,not_recorded,0,no_sync_record,,website_projection_missing;kiosk_projection_not_recorded
1,connected,local-inventory-c1b16e33-e7aa-4f35-b184-570d4674af94,ce13f0d0-9acb-0453-68ef-8fc7cd903200,Boa Hancock,PUG-AEE8E42E,available,1,status=available;quantity=1;online=visible;kiosk=visible,not_recorded,LRVP2FTRZZP2G6H4RVRETAIM,1,1,not_recorded,visibility=visible;status=available;sellable_quantity=1,not_recorded,0,synced,,kiosk_projection_not_recorded
1,connected,local-inventory-210f26bf-b76b-45a6-b8e5-35c9abbc70cf,a25da2c9-b7b3-174c-94f0-3d8763c8b4c0,Boa Hancock,PUG-F592885D,available,1,,not_recorded,6NYUD2QIKPQLP2AQRVRTQZIZ,1,1,not_recorded,visibility=visible;status=available;sellable_quantity=1,not_recorded,0,synced,,website_projection_missing;kiosk_projection_not_recorded
1,connected,local-inventory-bbeb6772-db38-4544-a633-bcba82b7f170,b5b36a27-b280-5733-34a1-d76f07209a4e,Divine Departure,PUG-135B0945,available,1,status=available;quantity=1;online=visible;kiosk=visible,not_recorded,B3HR4VV3HGFDCKYFVR5EU6XG,1,1,not_recorded,visibility=visible;status=available;sellable_quantity=1,not_recorded,0,synced,,kiosk_projection_not_recorded
1,connected,local-inventory-c296726b-880b-404b-9fcf-8b710b10a92d,a677e4c4-d1b6-3025-6702-86c4197d5c89,Mr.2.Bon.Kurei(Bentham),PUG-09BAC81F,available,1,,not_recorded,PEJ5SQODPEEQ5S7ANXM3NDOS,1,1,not_recorded,visibility=visible;status=available;sellable_quantity=1,not_recorded,0,no_sync_record,,website_projection_missing;kiosk_projection_not_recorded
1,connected,local-inventory-f2528144-eca5-4c89-be0b-5cbe742b7e29,11c48c6c-c3c8-bc85-3d6d-73ba4ceb02b0,Five Elders,PUG-246FE614,available,1,,not_recorded,DZS5ZFSFNSKJ4NTSM7JGJXLP,1,1,not_recorded,visibility=visible;status=available;sellable_quantity=1,not_recorded,0,no_sync_record,,website_projection_missing;kiosk_projection_not_recorded
1,connected,local-inventory-eb539106-33a6-4364-a4a7-46d8fa3e69ee,48a23cea-5b9c-76a8-593f-f2a1beb43fd7,Monkey.D.Dragon,PUG-D1E3AD09,available,1,,not_recorded,WMQYORBH72QA7YTVJBFI4WEY,1,1,not_recorded,visibility=visible;status=available;sellable_quantity=1,not_recorded,0,no_sync_record,,website_projection_missing;kiosk_projection_not_recorded
1,connected,local-inventory-4261be51-cff5-4eae-91dc-f7efae78c190,b81ee5f5-e318-465d-8b15-854c916ec96e,Perona,PUG-BB1FAA86-01,available,1,,not_recorded,LFDZRODFI2MQ4ZUGXSEBS3FX,1,1,not_recorded,visibility=visible;status=available;sellable_quantity=1,not_recorded,0,synced,,website_projection_missing;kiosk_projection_not_recorded
1,connected,local-inventory-08dabe8f-c05c-4bea-bc58-1c3264ce3238,1ff8ad7b-fb39-447d-824b-8534420722ff,Perona,PUG-BB1FAA86-02,available,1,,not_recorded,FBDALYZJE2XYTD7BTFBLEGRY,1,1,not_recorded,visibility=visible;status=available;sellable_quantity=1,not_recorded,0,synced,,website_projection_missing;kiosk_projection_not_recorded
1,connected,local-inventory-4095ebc4-12b7-4bbc-b617-21aad06c4fb8,34a3e471-ecdb-b223-e64d-4302e0b2afb6,Kujyaku,PUG-E8437581,available,1,,not_recorded,V5HES2LFSCYSSYCY5D45UYTF,1,1,not_recorded,visibility=visible;status=available;sellable_quantity=1,not_recorded,0,synced,,website_projection_missing;kiosk_projection_not_recorded
1,connected,local-inventory-53bf8a43-061b-457c-92c8-7a91cc405f52,57f525d8-e0c8-34c0-c460-d55841fbf000,Trafalgar Law,PUG-3F980A25,available,1,,not_recorded,OFY4O4T6UJUYO4AZ6WRGU4SL,1,1,not_recorded,visibility=visible;status=available;sellable_quantity=1,not_recorded,0,no_sync_record,,website_projection_missing;kiosk_projection_not_recorded
1,connected,local-inventory-90c3324c-e81f-4d7a-8b6a-234d429fcc50,d2a71a1a-a153-213e-9f06-19ea8f4840ea,Crocodile,PUG-3FB8E92B,available,1,,not_recorded,TD5UXRYEFMB6GD3U3QHPKXNA,1,1,not_recorded,visibility=visible;status=available;sellable_quantity=1,not_recorded,0,no_sync_record,,website_projection_missing;kiosk_projection_not_recorded
1,connected,local-inventory-8254cac1-8b9b-42a8-8964-80efb4b271a6,1bc0cb7d-034d-a90b-bd34-1e30e716fbb5,Shanks,PUG-0587506F,sold,0,,not_recorded,P75PHW3WAIFFQQOGFO5MO6IK,0,0,not_recorded,visibility=visible;status=sold;sellable_quantity=0,not_recorded,0,no_sync_record,,website_projection_missing;kiosk_projection_not_recorded
1,connected,local-inventory-e8704a82-22b5-46db-a394-d08115fed8f0,5c65163d-173b-c1b4-b999-7fd521367392,Divine Departure,PUG-6EDADB57,available,1,status=available;quantity=1;online=visible;kiosk=visible,not_recorded,EFS2AUUK2BNG6PVRADB4IGJB,1,1,not_recorded,visibility=visible;status=available;sellable_quantity=1,not_recorded,0,synced,,kiosk_projection_not_recorded
1,connected,local-inventory-b350bc83-6a70-4e0d-af71-32d9db351dbb,6a30b218-6a97-7e9a-e23a-f54f57a6c5e4,Shirahoshi,PUG-EB32F794-01,sold,0,,not_recorded,RYXAPT43NETD7K4QB3S32DDD,0,0,not_recorded,visibility=visible;status=sold;sellable_quantity=0,not_recorded,0,no_sync_record,,website_projection_missing;kiosk_projection_not_recorded
1,connected,local-inventory-a1747ef2-117f-459b-8d5e-8c57603f2451,93dc0aa4-16e6-2288-ad2f-82ffd8043f85,Shirahoshi,PUG-EB32F794-02,available,1,,not_recorded,GYBZ5ILF2HSIZIHT25SXBTNP,1,0,not_recorded,visibility=visible;status=available;sellable_quantity=1,not_recorded,0,no_sync_record,,website_projection_missing;square_count_mismatch;kiosk_projection_not_recorded
1,connected,local-inventory-870dcfed-e246-4dea-9677-b324de2d9b84,0015cea2-0773-0491-dc63-e0a617835d91,Uta,PUG-666C0ABD,available,1,,not_recorded,WAL2XT5P4U6PWZZQJPT3UD7I,1,0,not_recorded,visibility=visible;status=available;sellable_quantity=1,not_recorded,0,no_sync_record,,website_projection_missing;square_count_mismatch;kiosk_projection_not_recorded
1,connected,local-inventory-8e76bf95-58ab-461d-8424-09c2de0cefd4,6ef21a69-e360-3daf-895d-0052f097e71d,Monkey.D.Luffy,PUG-06CF6AB1,sold,0,,not_recorded,3G53QWOQXG6PHBMDMB3HNPF5,0,0,not_recorded,visibility=visible;status=sold;sellable_quantity=0,not_recorded,0,no_sync_record,,website_projection_missing;kiosk_projection_not_recorded
1,connected,local-inventory-8d9675dd-a8ff-46a4-879b-eacc4f552365,620dc61d-7e1b-9d85-591d-575a01ac0df6,Koala,PUG-F2BF9782,available,1,,not_recorded,JUWP6OYAT2SPKWBKXULRUSH7,1,1,not_recorded,visibility=visible;status=available;sellable_quantity=1,not_recorded,0,synced,,website_projection_missing;kiosk_projection_not_recorded
1,connected,local-inventory-30b36105-3862-46f5-8a04-9d8b81d3ef8a,828b4690-fc34-e76b-be51-2b460da177dc,Mr.2.Bon.Kurei(Bentham),PUG-ECD5E2B2,available,1,,not_recorded,OENBHSIA2YIY3A2L56DI2MHI,1,1,not_recorded,visibility=visible;status=available;sellable_quantity=1,not_recorded,0,no_sync_record,,website_projection_missing;kiosk_projection_not_recorded
1,connected,local-inventory-b468bcb1-da28-403b-bf23-bce1ca70a4cf,b837c32d-0172-c77f-922b-38f2ff1bf2fb,Yamato,PUG-9B48D482,available,1,,not_recorded,MKERWDS2PSNVFZTNFEV7WBN2,1,1,not_recorded,visibility=visible;status=available;sellable_quantity=1,not_recorded,0,no_sync_record,,website_projection_missing;kiosk_projection_not_recorded
1,connected,local-inventory-ca770aa1-161e-4468-8924-f28689550c5e,0239c335-85ea-0418-4420-d973128c6535,Jinbe,PUG-538EC6A4,available,1,,not_recorded,P2VE3MKBBKBHS2Y6IXU72Y5G,1,1,not_recorded,visibility=visible;status=available;sellable_quantity=1,not_recorded,0,synced,,website_projection_missing;kiosk_projection_not_recorded
1,connected,local-inventory-bd4b9622-f736-4130-a4fa-112da6c6d602,91804b42-ca01-9c86-1424-34792fda189d,Roronoa Zoro,PUG-E5F6FF2E,available,1,,not_recorded,KBKEXQLOMIP23KTZK4XFONNL,1,0,not_recorded,visibility=visible;status=available;sellable_quantity=1,not_recorded,0,synced,,website_projection_missing;square_count_mismatch;kiosk_projection_not_recorded
1,connected,local-inventory-e9f95e33-9b2d-4897-bc29-8b7c6d77367e,d300c93d-beaf-b6f3-0434-ca06709880b3,Stussy,PUG-925AB703,available,1,,not_recorded,ZXPH5QI6LDOZ4QJHQ3LJ76YD,1,1,not_recorded,visibility=visible;status=available;sellable_quantity=1,not_recorded,0,no_sync_record,,website_projection_missing;kiosk_projection_not_recorded
1,connected,local-inventory-50a191be-df7e-4d48-8ff8-c296b9408b5e,43285b5b-1b86-d39f-ab0f-ad86a9c65445,I Know You're Strong... So I'll Go All Out from the Very Start!!!,PUG-EB5DAB31,available,1,,not_recorded,UAGEPHQ6N5SZ3ZHCBKPQHLT3,1,1,not_recorded,visibility=visible;status=available;sellable_quantity=1,not_recorded,0,synced,,website_projection_missing;kiosk_projection_not_recorded
1,connected,local-inventory-5b990aec-3a2d-4fa0-a000-410272e93319,a06f5297-d516-fc60-7e2c-c8e9c538d188,Carrot,PUG-DCE9A57D,available,1,,not_recorded,4OHHQB2VP2WMK4UZKEIMD5H7,1,1,not_recorded,visibility=visible;status=available;sellable_quantity=1,not_recorded,0,no_sync_record,,website_projection_missing;kiosk_projection_not_recorded
1,connected,local-inventory-6d44eb3c-5fd2-4e7f-87aa-f9cef6831940,d182c841-2a0a-045b-0f83-3c2df525da3d,Adio,PUG-3354F567,available,1,,not_recorded,36IA32ACEV4ZXBS3UJUEF6OC,1,1,not_recorded,visibility=visible;status=available;sellable_quantity=1,not_recorded,0,no_sync_record,,website_projection_missing;kiosk_projection_not_recorded
1,connected,local-inventory-85b5c05d-3376-43dc-a00c-e7f03a163388,9baebec7-7706-7670-2972-4e2eab8c35d0,Carrot,PUG-55C1571D,available,1,,not_recorded,TWTDZOSHSNEZROM5H3AXRKDA,1,1,not_recorded,visibility=visible;status=available;sellable_quantity=1,not_recorded,0,no_sync_record,,website_projection_missing;kiosk_projection_not_recorded
1,connected,local-inventory-4da852da-5bfd-4820-9c89-616285350e63,72c8ccd4-1e49-db95-ed5f-b552e85ac593,Tashigi,PUG-5EBBC967,available,1,,not_recorded,HJUNZRGVV6A45HAFYO5BJW2M,1,1,not_recorded,visibility=visible;status=available;sellable_quantity=1,not_recorded,0,no_sync_record,,website_projection_missing;kiosk_projection_not_recorded
1,connected,local-inventory-b0895f82-a170-44ef-8995-2c762573dad4,ca44deb8-35bc-b6d5-a2db-854a3827dd40,Charlotte Pudding,PUG-04A7F4E5,available,1,,not_recorded,V3YFUXJQN4RROR7HYDG3DFQM,1,1,not_recorded,visibility=visible;status=available;sellable_quantity=1,not_recorded,0,synced,,website_projection_missing;kiosk_projection_not_recorded
1,connected,local-inventory-b26a93d8-94e3-49e6-a615-08d4c92fa41c,8628ad19-0637-83bd-2087-8b812cb8da2e,Vinsmoke Reiju,PUG-60889CB6,available,1,,not_recorded,LS7UNYCC6BYF6MTQX34GZX7Q,1,0,not_recorded,visibility=visible;status=available;sellable_quantity=1,not_recorded,0,no_sync_record,,website_projection_missing;square_count_mismatch;kiosk_projection_not_recorded
1,connected,local-inventory-e74a1ab3-9497-472b-927d-fb86ec6c1614,a2b430f8-7879-9937-c034-34d8c6f20162,Donquixote Doflamingo,PUG-BCF92FFA,available,1,,not_recorded,HFZB7D3QOUF57C6M6AFDFWDF,1,1,not_recorded,visibility=visible;status=available;sellable_quantity=1,not_recorded,0,synced,,website_projection_missing;kiosk_projection_not_recorded
1,connected,local-inventory-86452412-c90b-4f1d-ae44-37a1d2f86ce2,fab0075d-6412-4c48-1d3f-333dafe8c009,Silvers Rayleigh,PUG-6F5E564E-01,removed,1,,not_recorded,O2XMDVSOQGYI4O7S6DWEEOS4,0,0,not_recorded,visibility=hidden;status=removed;sellable_quantity=0,not_recorded,0,synced,,website_projection_missing;kiosk_projection_not_recorded
1,connected,local-inventory-e17a75a9-6f9f-406b-929a-6e27ba850456,3476176f-92d6-4aa3-8714-76759fe07b95,Silvers Rayleigh,PUG-6F5E564E-02,removed,1,,not_recorded,ENWKESXBRUSOKAUN5TQJ4CB5,0,0,not_recorded,visibility=hidden;status=removed;sellable_quantity=0,not_recorded,0,synced,,website_projection_missing;kiosk_projection_not_recorded
1,connected,local-inventory-a6fd3412-cf01-4479-b876-291ff70d8247,88ab7cb8-259b-084c-fc0d-08575f16d50e,Silvers Rayleigh,PUG-6F5E564E-03,removed,1,,not_recorded,6CCCUZATROQXGFLJKQ5GTKUH,0,0,not_recorded,visibility=hidden;status=removed;sellable_quantity=0,not_recorded,0,synced,,website_projection_missing;kiosk_projection_not_recorded
1,connected,local-inventory-df431257-302f-408b-b8e2-ebf5855cfc2f,3a403589-02ec-aa50-1292-cf6dc10efc9b,Silvers Rayleigh,PUG-55406052-01,available,1,,not_recorded,AFSR2WAECNMMFHHUCAZ4B36E,1,1,not_recorded,visibility=visible;status=available;sellable_quantity=1,not_recorded,0,no_sync_record,,website_projection_missing;kiosk_projection_not_recorded
1,connected,local-inventory-d5fdf9f4-0b5d-4f32-892d-8f44fb1e0caa,4e716ac5-88e0-48ba-0ff5-e1519e93c66d,Silvers Rayleigh,PUG-55406052-02,available,1,,not_recorded,2MAEC2Q4HHLOVP7VP4GEPPTN,1,1,not_recorded,visibility=visible;status=available;sellable_quantity=1,not_recorded,0,no_sync_record,,website_projection_missing;kiosk_projection_not_recorded
1,connected,local-inventory-17f91617-86ff-49c0-9ed3-847d91806d9c,a1c591b7-6510-e0af-ce18-3da620abada8,Silvers Rayleigh,PUG-55406052-03,available,1,,not_recorded,JBSDTFBPJJPL6V5ZFR3ICGYI,1,1,not_recorded,visibility=visible;status=available;sellable_quantity=1,not_recorded,0,no_sync_record,,website_projection_missing;kiosk_projection_not_recorded
1,connected,local-inventory-3dc67cc5-1941-4103-a68a-cbad4550c094,0addb5cf-c392-188d-9d32-4ee93bcbd134,Cufant,PUG-CBFF29E4,available,1,,not_recorded,FXEK2M4XEDCPBT3XPRIXD4SK,1,1,not_recorded,visibility=visible;status=available;sellable_quantity=1,not_recorded,0,synced,,website_projection_missing;kiosk_projection_not_recorded
1,connected,local-inventory-dc7e6a45-8737-4f1a-a599-5f953f5ab592,0418d3a4-7e41-8403-8cb3-88ba93bf0345,Cufant,PUG-60E8C5C7,available,1,,not_recorded,AKDIGQQJ4B6VVL6HVDAIT7YD,1,1,not_recorded,visibility=visible;status=available;sellable_quantity=1,not_recorded,0,synced,,website_projection_missing;kiosk_projection_not_recorded
1,connected,local-inventory-9a8c50b7-2ab7-4043-b573-62d3d95e67fb,fcf3e835-4d36-2b40-4eb2-b4d69616d4e9,Venusaur,PUG-92541775,removed,1,,not_recorded,77PUAWRS4EA7BIOCMFA7RP2M,0,0,not_recorded,visibility=hidden;status=removed;sellable_quantity=0,not_recorded,0,synced,,website_projection_missing;kiosk_projection_not_recorded
1,connected,local-inventory-43430255-1047-4246-bdcf-f121163da38c,00543e39-03d8-2151-e614-c0b9067fc738,Venusaur,PUG-DE4864D4,removed,1,,not_recorded,NN2DA7JIEFLNZYIEBAYDUWMG,0,0,not_recorded,visibility=hidden;status=removed;sellable_quantity=0,not_recorded,0,synced,,website_projection_missing;kiosk_projection_not_recorded
1,connected,local-inventory-34db4b3d-48f1-4151-92b8-ca914edccd93,494c9478-0491-9ac5-bf16-bb408f4a7970,Mega Hawlucha ex,PUG-AE5AA27A,available,1,,not_recorded,IDHTJLXVWNXKDLPZ2KFCFNZT,1,1,not_recorded,visibility=visible;status=available;sellable_quantity=1,not_recorded,0,synced,,website_projection_missing;kiosk_projection_not_recorded
1,connected,local-inventory-b37c5588-030e-461c-92f5-d7fcae0f5446,c76979e0-504b-eca8-3fe2-7d57ebf90aec,Flareon,PUG-C3FFECBE,available,1,,not_recorded,5WJSAWYU7SBUZFACIBGFJYNR,1,1,not_recorded,visibility=visible;status=available;sellable_quantity=1,not_recorded,0,no_sync_record,,website_projection_missing;kiosk_projection_not_recorded
1,connected,local-inventory-784c50cd-d2e5-4d20-aecc-3d06fa02b19c,777fe453-b038-443f-3186-308614be9d7f,Eevee,PUG-AEFF63D0,available,1,,not_recorded,C7K55QHRKO7HHJC6FTWPQAG6,1,1,not_recorded,visibility=visible;status=available;sellable_quantity=1,not_recorded,0,synced,,website_projection_missing;kiosk_projection_not_recorded
1,connected,local-inventory-3c5eae89-c42d-4071-a1b3-fd44a65282fd,22644cbd-ea71-dade-106a-e5d5bbc8d783,Kingdra,PUG-C05698E3,available,1,,not_recorded,Z4E6E2TXMI5QMUT2LVUBFYCH,1,1,not_recorded,visibility=visible;status=available;sellable_quantity=1,not_recorded,0,synced,,website_projection_missing;kiosk_projection_not_recorded
1,connected,local-inventory-d64c551f-9f75-480e-a7ee-62d6d2548643,62d67e64-a7ec-f1d0-d3ad-0c6fd8575559,Mimikyu VMAX,PUG-ECEFE5A6,sold,0,,not_recorded,VNXNKVNA6ZOHYZWPFHOVWZXD,0,0,not_recorded,visibility=visible;status=sold;sellable_quantity=0,not_recorded,0,synced,,website_projection_missing;kiosk_projection_not_recorded
1,connected,local-inventory-d9e73e09-fb68-4e52-bbc2-5ad028c757c7,1debfbb5-5573-0d7d-32a8-d1ec8b2fd23a,Charizard V,PUG-6F4A7690,sold,0,,not_recorded,QRZYOH3O6SHM7KHRYMJLKJMI,0,0,not_recorded,visibility=visible;status=sold;sellable_quantity=0,not_recorded,0,no_sync_record,,website_projection_missing;kiosk_projection_not_recorded
1,connected,local-inventory-68e92ed2-8f0e-45be-826f-d5ff43e37a48,b110c443-ed52-29af-ca9a-734c7a322e4e,Charizard,PUG-E2E1B399,sold,0,,not_recorded,B6M6QOSEYO5MXZ7JIVOOW3I7,0,0,not_recorded,visibility=visible;status=sold;sellable_quantity=0,not_recorded,0,no_sync_record,,website_projection_missing;kiosk_projection_not_recorded
1,connected,local-inventory-80f84be9-5cec-4406-a4c7-ec38c937616d,4f23bbb0-c117-73a0-0f2e-3bf1801aa3cd,Simulacrum Synthesizer,PUG-337A6241,available,1,,not_recorded,O4D5R35NQBS6QAHTRRBQICR3,1,1,not_recorded,visibility=visible;status=available;sellable_quantity=1,not_recorded,0,synced,,website_projection_missing;kiosk_projection_not_recorded
1,connected,local-inventory-46ef4f58-dc44-4637-8f8d-a60be051b012,6b629bb5-cf6b-c3e0-1e3b-0f2ab452fb43,Vaporeon,PUG-61DC2A07,removed,1,,not_recorded,EYAKQMDUNE45U74E2NNF6FGP,0,0,not_recorded,visibility=hidden;status=removed;sellable_quantity=0,not_recorded,0,synced,,website_projection_missing;kiosk_projection_not_recorded
1,connected,local-inventory-1d9f18c8-61a9-4319-b852-57f20c6cf726,4a39c4f9-00fe-23ed-18aa-319b19933379,Mega Charizard X ex,PUG-F1C5A723,available,1,,not_recorded,RXXQSQZPSWBPH3EX3JNLOMFM,1,1,not_recorded,visibility=visible;status=available;sellable_quantity=1,not_recorded,0,synced,,website_projection_missing;kiosk_projection_not_recorded
1,connected,local-inventory-8887de78-abdb-422e-9e34-eba57ed102bd,994a2b39-2099-13d2-a3ef-aae276e9d74e,Mega Sharpedo ex,PUG-8C00F994,available,1,,not_recorded,BLDPLTZV4IBGNQNSPRT255IU,1,1,not_recorded,visibility=visible;status=available;sellable_quantity=1,not_recorded,0,synced,,website_projection_missing;kiosk_projection_not_recorded
1,connected,local-inventory-5c76bd76-2c5a-466b-bc72-248f900a7153,925752bf-502c-c997-83ec-085131a884a8,M Gardevoir-EX,PUG-E4DA8AD7,sold,1,,not_recorded,N4L43N3AU6XKUK5CRWVT5HNU,0,0,not_recorded,visibility=visible;status=sold;sellable_quantity=0,not_recorded,0,synced,,website_projection_missing;kiosk_projection_not_recorded
1,connected,local-inventory-ff2a36fd-14aa-4166-ad9d-f4153c64d663,fe426050-afab-c6ca-d35a-347fa6d7e0b7,Single Strike Urshifu VMAX,PUG-79D8CED3,sold,1,,not_recorded,LI422EJOAZJG6DH4R53BRISZ,0,0,not_recorded,visibility=visible;status=sold;sellable_quantity=0,not_recorded,0,synced,,website_projection_missing;kiosk_projection_not_recorded
1,connected,local-inventory-16c390e9-e1f5-47c1-a0f2-6334558e0ce4,34b33017-821e-f265-492d-b280547c449a,Empoleon LV.X,PUG-1DB01ED6,available,1,,not_recorded,O4CIGZENYZALXGGD6QS3ENTP,1,1,not_recorded,visibility=visible;status=available;sellable_quantity=1,not_recorded,0,synced,,website_projection_missing;kiosk_projection_not_recorded
1,connected,local-inventory-004e5fd1-1055-4926-9b50-b5f14e28eaa0,49473301-e6ec-9515-8e2b-b8ee59ba9437,Toxtricity,PUG-EF514AEF,available,1,,not_recorded,ZQ62R3NLCJCIS6R2FIGKD4VP,1,1,not_recorded,visibility=visible;status=available;sellable_quantity=1,not_recorded,0,synced,,website_projection_missing;kiosk_projection_not_recorded
1,connected,local-inventory-29906e11-50f8-410f-872f-eeaa79896ec5,18073c8b-eb23-09be-ff67-642d32baf541,Lillie's Ribombee,PUG-CBEC122B,sold,1,,not_recorded,7F7GXQB6LRW2ARE3OVCTLO2L,0,0,not_recorded,visibility=visible;status=sold;sellable_quantity=0,not_recorded,0,synced,,website_projection_missing;kiosk_projection_not_recorded
1,connected,local-inventory-7d6719c9-5569-4889-95a2-b05471b2d213,ce7b86e9-2cc0-8ce2-a27b-c6d3b3a65653,Stufful,PUG-33AF8D44,available,1,,not_recorded,6D2OCRNIMPVQDY55BOPDFYZM,1,1,not_recorded,visibility=visible;status=available;sellable_quantity=1,not_recorded,0,synced,,website_projection_missing;kiosk_projection_not_recorded
1,connected,local-inventory-cbf53585-d8f6-4cef-be37-fc4971209b11,7fee5f1b-eaea-600c-352d-e7744367dd94,Altaria,PUG-0813B543,sold,1,,not_recorded,X7VGKSGHIYNGQEANMEXZDETY,0,0,not_recorded,visibility=visible;status=sold;sellable_quantity=0,not_recorded,0,synced,,website_projection_missing;kiosk_projection_not_recorded
1,connected,local-inventory-800b1559-3dd5-4dbe-9ddb-ca548f61af52,a77eb15a-0ba0-43b6-fe28-0fa16c726084,Tyrunt,PUG-17BFFFAB,available,1,,not_recorded,IP4QEV6OQD4GVLYJDLF6I7S6,1,0,not_recorded,visibility=visible;status=available;sellable_quantity=1,not_recorded,0,synced,,website_projection_missing;square_count_mismatch;kiosk_projection_not_recorded
1,connected,local-inventory-578c2a25-ea14-419a-b522-5b42797cf271,a45c64aa-fa6c-345b-a652-b4aa75c8c684,Team Rocket's Giovanni,PUG-9230C096,available,1,,not_recorded,HMV5OE53MKC74E47RNQLCE7A,1,1,not_recorded,visibility=visible;status=available;sellable_quantity=1,not_recorded,0,synced,,website_projection_missing;kiosk_projection_not_recorded
1,connected,local-inventory-715ddbb4-66f8-464a-8bac-8c4ec8a848ff,bf4aa0e4-79f1-e9b9-1531-fa73aef0bca0,Dreepy,PUG-64A52C7E,removed,0,,not_recorded,H7JRLQ6P2SA7GKMSZ2BWXCPN,0,0,not_recorded,visibility=hidden;status=removed;sellable_quantity=0,not_recorded,0,synced,,website_projection_missing;kiosk_projection_not_recorded
1,connected,local-inventory-2a999083-7bed-4b98-96ce-a6f15d772f7f,f506c408-ea8c-8e22-adce-ab964274767b,Castform Sunny Form,PUG-6987BB81,available,1,,not_recorded,YLBUD3IFSKPSTTKN3J2ASTXJ,1,1,not_recorded,visibility=visible;status=available;sellable_quantity=1,not_recorded,0,synced,,website_projection_missing;kiosk_projection_not_recorded
1,connected,local-inventory-f5935e8f-7d20-427f-be70-2656b26b4eb9,3f95c19b-d8d5-f4f3-7524-9504e1a69ad0,Hop's Wooloo,PUG-B2125624,available,1,status=available;quantity=1;online=visible;kiosk=visible,not_recorded,QRSF7REHNKJHHHZRPXREINMC,1,1,not_recorded,visibility=visible;status=available;sellable_quantity=1,not_recorded,0,synced,,kiosk_projection_not_recorded
1,connected,local-inventory-c49b1221-c019-4b90-8dfd-eee92f85431c,b12d39bf-ad98-bffd-b703-b9ed2157f7c1,Starly,PUG-29276165,available,1,,not_recorded,DOBKJZM3SNWRPT6ENUPSEBT4,1,1,not_recorded,visibility=visible;status=available;sellable_quantity=1,not_recorded,0,synced,,website_projection_missing;kiosk_projection_not_recorded
1,connected,local-inventory-71655344-9b60-4201-a5a6-84a919a62484,67dbd72a-1762-f504-c7d4-04bd6c31c78b,Team Rocket's Dugtrio,PUG-33611162,sold,1,,not_recorded,VURNSMFOTLU6DVCJ2HD3FXZ7,0,0,not_recorded,visibility=visible;status=sold;sellable_quantity=0,not_recorded,0,synced,,website_projection_missing;kiosk_projection_not_recorded
1,connected,local-inventory-d4cd0d59-f982-4663-8c59-c461270fa587,fab15cd3-a789-89fe-6513-31574d3cc310,Paldean Wooper,PUG-DDB19C51,available,1,status=available;quantity=1;online=visible;kiosk=visible,not_recorded,4UTA6XMNTNRZCJWBCHFNQK7R,1,1,not_recorded,visibility=visible;status=available;sellable_quantity=1,not_recorded,0,synced,,kiosk_projection_not_recorded
1,connected,local-inventory-a599c069-dfb0-4698-a93a-b4f50afa39fa,e5c0bead-0b0c-d05b-9880-287bfb89232d,Bruxish,PUG-EBEF457D,sold,0,,not_recorded,FK2PJNOPLCBF4PMZW7SS6LTR,0,0,not_recorded,visibility=visible;status=sold;sellable_quantity=0,not_recorded,0,no_sync_record,,website_projection_missing;kiosk_projection_not_recorded
1,connected,local-inventory-e0917590-25b8-429d-90c1-d235bd30234c,252d4d64-21e0-6569-a202-0bb243dc4d28,Iono's Kilowattrel,PUG-94A15DAF,available,1,status=available;quantity=1;online=visible;kiosk=visible,not_recorded,SNWF3R66GPDC4HFBSOIXGQOJ,1,1,not_recorded,visibility=visible;status=available;sellable_quantity=1,not_recorded,0,synced,,kiosk_projection_not_recorded
1,connected,local-inventory-e8099fba-90b0-4a65-9a47-98989b26638f,02b47bad-24f1-dc1f-9cd3-b58072eccc61,Zacian,PUG-C5B449F0,available,1,,not_recorded,HDT2YNRXKBVXTZKCWBZ4ZHIU,1,1,not_recorded,visibility=visible;status=available;sellable_quantity=1,not_recorded,0,synced,,website_projection_missing;kiosk_projection_not_recorded
1,connected,local-inventory-38098c6f-863d-4f74-b22b-418df16daf5f,95dcd68f-55fb-fa1f-23fd-5c4425817243,Rapidash,PUG-EF7B4FF6,available,1,,not_recorded,A4TJV22HHCO6WOZZLA3QUTND,1,1,not_recorded,visibility=visible;status=available;sellable_quantity=1,not_recorded,0,synced,,website_projection_missing;kiosk_projection_not_recorded
1,connected,local-inventory-413d5a38-a6cb-4b1c-a913-35b17fa82425,5f1b4c8f-0b85-515f-8ec5-6700232fef6a,Team Rocket's Mewtwo ex,PUG-8ACF70D4,available,1,,not_recorded,S34YEA4M23ESX7BBA3OU5AZZ,1,1,not_recorded,visibility=visible;status=available;sellable_quantity=1,not_recorded,0,synced,,website_projection_missing;kiosk_projection_not_recorded
1,connected,local-inventory-908c03b8-10f8-4a9e-8a66-cb29ba8f6957,ee023e36-a228-583f-88c7-fa464266e05c,Oricorio ex,PUG-55A113E2,available,1,,not_recorded,OSDECB7OPXNF6HVNRN6NCSRO,1,1,not_recorded,visibility=visible;status=available;sellable_quantity=1,not_recorded,0,synced,,website_projection_missing;kiosk_projection_not_recorded
1,connected,local-inventory-9f011629-23c2-4409-a1f0-3c3de5db5f3e,221c1a4d-77e6-e4cf-8e1e-ec17a2aaa21c,Mega Abomasnow ex,PUG-F0219F53,available,1,,not_recorded,YC7SFGSWK67F6VEV6UAF7KJD,1,1,not_recorded,visibility=visible;status=available;sellable_quantity=1,not_recorded,0,synced,,website_projection_missing;kiosk_projection_not_recorded
1,connected,local-inventory-213dd478-b9ea-4f47-b6d8-f8fb1b8238c6,99261234-5b37-ec5f-4ba6-7ecd1a579d7d,Mega Starmie ex,PUG-826359D9,sold,0,,not_recorded,K2JBXE6PRZEVH3MPNMNA6ORI,0,0,not_recorded,visibility=visible;status=sold;sellable_quantity=0,not_recorded,0,no_sync_record,,website_projection_missing;kiosk_projection_not_recorded
1,connected,local-inventory-6ae55f9b-e7a0-4d93-a21f-dc6f3eae1af3,6f939132-35ef-0655-c21e-1ab2601b8891,Pikachu,PUG-4B3E530B-01,available,1,,not_recorded,6HC6S3ZY33GQSJ6F5AK76G4A,1,0,not_recorded,visibility=visible;status=available;sellable_quantity=1,not_recorded,0,synced,,website_projection_missing;square_count_mismatch;kiosk_projection_not_recorded
1,connected,local-inventory-2b9f7754-19c7-4ffa-b797-f7fb95f86d62,54679770-8670-af52-f512-6771c14ccb36,Pikachu,PUG-4B3E530B-02,available,1,,not_recorded,M5TN4FQ3OMOHKQ2TOP5CLR7C,1,0,not_recorded,visibility=visible;status=available;sellable_quantity=1,not_recorded,0,synced,,website_projection_missing;square_count_mismatch;kiosk_projection_not_recorded
1,connected,local-inventory-9988d93c-0a20-4b85-ac05-2cd9b53f6697,0c36b9f1-75e7-1716-cc9e-360fa9daf4ba,"Lorehold, the Historian",PUG-587F25E5,available,1,,not_recorded,GOTLWXBP3UUHUIUBJWOQZLWM,1,0,not_recorded,visibility=visible;status=available;sellable_quantity=1,not_recorded,0,synced,,website_projection_missing;square_count_mismatch;kiosk_projection_not_recorded
1,connected,local-inventory-2dc4c119-7327-4d88-b92f-41cb94a972f5,82920931-615e-26d4-0d62-a5eeb517b48f,Secret Box,PUG-EE137798,sold,0,,not_recorded,AAV3XF3DC53BXEH5Y5N6DF3U,0,0,not_recorded,visibility=visible;status=sold;sellable_quantity=0,not_recorded,0,synced,,website_projection_missing;kiosk_projection_not_recorded
1,connected,local-inventory-78768a46-fe92-4aa5-989d-3ef6a6380079,ec12632a-3650-a432-1bba-d39782d74c4a,Monkey.D.Luffy,PUG-BAFE6FC7,available,1,,not_recorded,LI5OH5GGRH7MXSMPU7RDRUL2,1,1,not_recorded,visibility=visible;status=available;sellable_quantity=1,not_recorded,0,synced,,website_projection_missing;kiosk_projection_not_recorded
1,connected,local-inventory-2f05c70a-178d-41b1-a614-0167bc059fb9,3d063c31-b5a6-70aa-2db3-c658ae32e630,Force Spike,PUG-53158084,available,1,,not_recorded,ETK4HXS3BEKONBPDR5L45HUY,1,1,not_recorded,visibility=visible;status=available;sellable_quantity=1,not_recorded,0,no_sync_record,,website_projection_missing;kiosk_projection_not_recorded
1,connected,local-inventory-25c9f5b8-23f4-4465-a941-3fcb71d90f6b,4fbe3514-4cf5-537d-55c4-b71e368d7d4c,Orim's Chant,PUG-F6139E6C,sold,0,,not_recorded,3E7P7TWEK2MIW4XROFSLQUPQ,0,0,not_recorded,visibility=visible;status=sold;sellable_quantity=0,not_recorded,0,no_sync_record,,website_projection_missing;kiosk_projection_not_recorded
1,connected,local-inventory-bac30c3c-25b4-4269-b758-bd9c2df2b692,ad408d21-2250-0e34-a72b-1ce5d53e4164,"Aphelia, Viper Whisperer",PUG-E56E2F77,available,1,,not_recorded,CVBH4PTBV5OI5F7ZLXPNIJI5,1,1,not_recorded,visibility=visible;status=available;sellable_quantity=1,not_recorded,0,synced,,website_projection_missing;kiosk_projection_not_recorded
1,connected,local-inventory-ee2df2c8-6990-4322-bba7-2a2ac7d32b93,a7b4718a-7e41-193c-4500-dedbe9644cf9,Mega Latias ex,PUG-5BD78E34-01,available,1,,not_recorded,NUXSCBDWUSGPMMW2WD343LDB,1,1,not_recorded,visibility=visible;status=available;sellable_quantity=1,not_recorded,0,no_sync_record,,website_projection_missing;kiosk_projection_not_recorded
1,connected,local-inventory-5db065ad-8cf5-4fd1-bd4f-72ac1e005b00,c4d6a042-1d23-f837-7ba1-392bc8d24995,Mega Latias ex,PUG-5BD78E34-02,available,1,,not_recorded,L2S3HJF7J5SJXRYPOZSMPDBQ,1,1,not_recorded,visibility=visible;status=available;sellable_quantity=1,not_recorded,0,no_sync_record,,website_projection_missing;kiosk_projection_not_recorded
1,connected,local-inventory-af4046a8-0754-4f0e-9065-0ea90e58f25a,22962ddf-27d6-6b3d-4622-5bcc561cf567,Cyclizar ex,PUG-953C3EB7-01,available,1,,not_recorded,MVFKNRUTWQZIJNFOUHFGSAF2,1,1,not_recorded,visibility=visible;status=available;sellable_quantity=1,not_recorded,0,no_sync_record,,website_projection_missing;kiosk_projection_not_recorded
1,connected,local-inventory-b5755ffa-6560-4658-9370-d5009fd32acf,b707ec40-a5b7-0822-1a69-cbb1921be41b,Cyclizar ex,PUG-953C3EB7-02,available,1,,not_recorded,4FOF3CFQQ7ZVEI4CXU2OLVF5,1,1,not_recorded,visibility=visible;status=available;sellable_quantity=1,not_recorded,0,no_sync_record,,website_projection_missing;kiosk_projection_not_recorded
1,connected,local-inventory-b9d2f4a4-5915-4d8e-aedf-53d74469b9ff,d8b306e8-fed8-6faa-9b77-7949027b6e4f,Cyclizar ex,PUG-953C3EB7-03,available,1,,not_recorded,6WMD76D4Z6FHWCFSIJZQXBWK,1,1,not_recorded,visibility=visible;status=available;sellable_quantity=1,not_recorded,0,no_sync_record,,website_projection_missing;kiosk_projection_not_recorded
1,connected,local-inventory-38afb6fe-c470-4561-9fc0-55ce8283bdea,d9006b7f-f718-2012-74b8-2b3ff2fecda4,Salamence ex,PUG-C15E4229-01,available,12,,not_recorded,SZYZDMAAW7V66ADBOTGVR63H,12,12,not_recorded,visibility=visible;status=available;sellable_quantity=12,not_recorded,0,synced,,website_projection_missing;kiosk_projection_not_recorded
1,connected,local-inventory-ead6d590-a279-414e-a5c3-3f1425e0af8c,ea2bf408-547b-e50c-7c41-4e71f0070e65,Salamence ex,PUG-C15E4229-02,removed,0,,not_recorded,2J2DAJW7BIBEEC2XIUGTIKJI,0,0,not_recorded,visibility=hidden;status=removed;sellable_quantity=0,not_recorded,0,synced,,website_projection_missing;kiosk_projection_not_recorded
1,connected,local-inventory-ebb9b57d-b9b3-497a-83e5-592964b778ce,996e10e2-7901-bae4-57b6-00a9d7e2ad40,Salamence ex,PUG-C15E4229-03,removed,0,,not_recorded,ZLYN25NVEKVWUX4NZ4G32A3V,0,0,not_recorded,visibility=hidden;status=removed;sellable_quantity=0,not_recorded,0,synced,,website_projection_missing;kiosk_projection_not_recorded
1,connected,local-inventory-ed06897a-c7b0-43eb-a8b3-c592cd054c40,80b10d13-2287-9436-6aea-7be56a139391,Salamence ex,PUG-C15E4229-04,removed,0,,not_recorded,BFMM7TSROEWQGSDJ627DLMSM,0,0,not_recorded,visibility=hidden;status=removed;sellable_quantity=0,not_recorded,0,synced,,website_projection_missing;kiosk_projection_not_recorded
1,connected,local-inventory-ce9c9d1c-89e9-4417-9897-eee5588d2d8a,b3eae505-2d49-b548-4560-516ef4a340cb,Salamence ex,PUG-C15E4229-05,removed,0,,not_recorded,B3RQ5CDRXNQTISHFCH34SCAG,0,0,not_recorded,visibility=hidden;status=removed;sellable_quantity=0,not_recorded,0,synced,,website_projection_missing;kiosk_projection_not_recorded
1,connected,local-inventory-9ed612fb-d487-4031-83d6-ef1d08a82704,69d5fe8f-ddda-a736-77cc-ffc05d4d2bb0,Salamence ex,PUG-C15E4229-06,removed,0,,not_recorded,JTDFCLEOXP7F72UXLUQU2KTO,0,0,not_recorded,visibility=hidden;status=removed;sellable_quantity=0,not_recorded,0,synced,,website_projection_missing;kiosk_projection_not_recorded
1,connected,local-inventory-d27fd069-5e61-4b40-96b2-7a9be477d754,868e62c8-4109-fd6f-d26c-0d8dad64f014,Salamence ex,PUG-C15E4229-07,removed,0,,not_recorded,KNXVIUKLV2CORQOLXT4VVE2E,0,0,not_recorded,visibility=hidden;status=removed;sellable_quantity=0,not_recorded,0,synced,,website_projection_missing;kiosk_projection_not_recorded
1,connected,local-inventory-709fe6e8-3f8b-4993-b86b-47e523b7e85a,e1630f3e-a65a-ceb3-ad5b-505121c5dadb,Salamence ex,PUG-C15E4229-08,removed,0,,not_recorded,7VXV2J4DM3K3IA4LKKZAIDP6,0,0,not_recorded,visibility=hidden;status=removed;sellable_quantity=0,not_recorded,0,synced,,website_projection_missing;kiosk_projection_not_recorded
1,connected,local-inventory-aba9a295-8ea6-40b6-89ac-2ec188e15b59,d5c2bcb2-45e8-e9c0-d1a5-7e80f133f2cd,Salamence ex,PUG-C15E4229-09,removed,0,,not_recorded,UQYICHMX7SGCOIRMZPSZYNEL,0,0,not_recorded,visibility=hidden;status=removed;sellable_quantity=0,not_recorded,0,synced,,website_projection_missing;kiosk_projection_not_recorded
1,connected,local-inventory-436c2fe1-e96a-468c-9f74-d36dd932a25e,77106859-5e8c-708d-f070-2fe360cafb26,Salamence ex,PUG-C15E4229-10,removed,0,,not_recorded,6T5I3G2BT22RJI2J62EJRROY,0,0,not_recorded,visibility=hidden;status=removed;sellable_quantity=0,not_recorded,0,synced,,website_projection_missing;kiosk_projection_not_recorded
1,connected,local-inventory-3bc01956-009c-42c0-b551-06685e708b67,f3e49155-833e-cdda-f37a-228e624531fb,Salamence ex,PUG-C15E4229-11,removed,0,,not_recorded,LRMGPLG2E3YSHW267OVYLGLL,0,0,not_recorded,visibility=hidden;status=removed;sellable_quantity=0,not_recorded,0,synced,,website_projection_missing;kiosk_projection_not_recorded
1,connected,local-inventory-b3d195e6-e970-4433-8089-374e91123e04,a35388a5-cf6b-f3d9-b268-43a339a75b27,Salamence ex,PUG-C15E4229-12,removed,0,,not_recorded,XGZGHFUFJJWAPNURPKYWC5WO,0,0,not_recorded,visibility=hidden;status=removed;sellable_quantity=0,not_recorded,0,synced,,website_projection_missing;kiosk_projection_not_recorded
1,connected,local-inventory-73793230-e6a1-4577-9aa3-8ace8b9bb427,2d91cba1-0d1c-930b-306a-fb1409f69420,Shining Mewtwo,PUG-D2E9F892,removed,1,,not_recorded,XRASD2ZOGI7FYUOWQBK73A6D,0,0,not_recorded,visibility=hidden;status=removed;sellable_quantity=0,not_recorded,0,synced,,website_projection_missing;kiosk_projection_not_recorded
1,connected,local-inventory-f5521713-88d1-426a-8e16-b739b1ad90f7,c287ed6c-edac-98e6-fe62-9ca6db2ae5ef,Galarian Sirfetch'd V,PUG-AC1BE262,available,1,,not_recorded,EN7Y37MUHCZ7OS4S6SIOIWCQ,1,0,not_recorded,visibility=visible;status=available;sellable_quantity=1,not_recorded,0,no_sync_record,,website_projection_missing;square_count_mismatch;kiosk_projection_not_recorded
1,connected,local-inventory-2e7cdbec-533f-4a83-b033-19b971179abf,5b8b852f-2db4-08cf-0243-49c3bc961056,Darkrai VSTAR,PUG-BECA35A2,sold,0,,not_recorded,VNPX7URQWQWOMHW4KZLIOBZO,0,0,not_recorded,visibility=visible;status=sold;sellable_quantity=0,not_recorded,0,no_sync_record,,website_projection_missing;kiosk_projection_not_recorded
1,connected,local-inventory-7cd8572a-eb0f-4cea-a8b4-106f1fc91e02,98ab9d35-49d5-d7b6-4752-b93732b21e01,Night Stretcher,PUG-8E1AED5B,sold,0,,not_recorded,C6OCFUV5GCYIVHASJQVRQXIO,0,0,not_recorded,visibility=visible;status=sold;sellable_quantity=0,not_recorded,0,no_sync_record,,website_projection_missing;kiosk_projection_not_recorded
1,connected,local-inventory-fc551799-5257-4163-9da6-865ec601ffe4,eed15c2a-7913-4be1-4518-88d7f337d590,Hoopa-EX,PUG-2A246E56,available,1,,not_recorded,436DEVCGZH55JMQOL5LMAIMW,1,1,not_recorded,visibility=visible;status=available;sellable_quantity=1,not_recorded,0,no_sync_record,,website_projection_missing;kiosk_projection_not_recorded
1,connected,local-inventory-a63655fe-15c4-499c-a823-86093a83e914,8b333790-7208-87c4-80b9-d0c76d44cf17,Empoleon V,PUG-68D9A47B,available,1,,not_recorded,LVHOUSHX6JDM72B7N76W5X7R,1,1,not_recorded,visibility=visible;status=available;sellable_quantity=1,not_recorded,0,synced,,website_projection_missing;kiosk_projection_not_recorded
1,connected,local-inventory-b381b105-f3b9-4851-8756-9465b6f0cc0e,11bce9d0-16cd-f42d-c4b7-4f483d065603,Pikachu-EX,PUG-31992B3B,sold,0,,not_recorded,46D35SM223GKY4LCGD76MLC5,0,0,not_recorded,visibility=visible;status=sold;sellable_quantity=0,not_recorded,0,no_sync_record,,website_projection_missing;kiosk_projection_not_recorded
1,connected,local-inventory-5e08b700-10d9-49a8-abb7-738de991131b,5420dd74-8932-ace8-1b26-f71118b38395,Venusaur-EX,PUG-ECC024F4,sold,0,,not_recorded,FBXUGIEUT6HK7VZLLU5ZVRF5,0,0,not_recorded,visibility=visible;status=sold;sellable_quantity=0,not_recorded,0,no_sync_record,,website_projection_missing;kiosk_projection_not_recorded
1,connected,local-inventory-40157977-79cf-4f76-b797-a9b5b119b3a5,cb8fb644-3228-da26-df6c-30d31b67a6df,Muk,PUG-591B8F84,available,1,,not_recorded,2JYFAXLHCXGM4N36HFSRSLMB,1,1,not_recorded,visibility=visible;status=available;sellable_quantity=1,not_recorded,0,synced,,website_projection_missing;kiosk_projection_not_recorded
1,connected,local-inventory-f864ff03-1db6-4d72-880a-df88869c6f78,04e2093c-da12-5527-3ac1-b7706f9b8a91,Greninja-GX,PUG-4F47CCB6,available,1,,not_recorded,ETPXTXLDSEARXABIWG4TT3WB,1,1,not_recorded,visibility=visible;status=available;sellable_quantity=1,not_recorded,0,synced,,website_projection_missing;kiosk_projection_not_recorded
1,connected,local-inventory-3adb51ee-191e-4400-a217-453a8b96dc0f,9808f31f-070b-4478-a84e-a1a4b118841a,Slowbro,PUG-4851F764,sold,0,,not_recorded,AJW6Q2JPPNQELA35REFK7SGR,0,0,not_recorded,visibility=visible;status=sold;sellable_quantity=0,not_recorded,0,no_sync_record,,website_projection_missing;kiosk_projection_not_recorded
1,connected,local-inventory-89eeb6fe-df31-4714-81f9-7121e68d594e,f63fe65d-d4e1-da0b-8eb1-a66d0162d4f1,Morpeko V-UNION,PUG-7E075ACB,available,1,,not_recorded,B37L44QNYFMKAP7Z7XUG6RUP,1,1,not_recorded,visibility=visible;status=available;sellable_quantity=1,not_recorded,0,no_sync_record,,website_projection_missing;kiosk_projection_not_recorded
1,connected,local-inventory-e5434b8a-cfc8-4cf2-a702-0684014f09a3,af375adf-43fa-3017-dcf3-e1d3b3138fa6,Carmine,PUG-EAA7EE27,available,1,,not_recorded,4JDJB4HQYCUSTAPCSWDU7SOU,1,1,not_recorded,visibility=visible;status=available;sellable_quantity=1,not_recorded,0,synced,,website_projection_missing;kiosk_projection_not_recorded
1,connected,local-inventory-7cf85ac9-2655-40cf-a80c-b10de26d58d1,1a4b5711-9404-7760-7971-72ef69df59cb,Teal Mask Ogerpon,PUG-F329EBCF,available,1,,not_recorded,VGU6ZXRSHTFOEBLEKK65Z3XB,1,1,not_recorded,visibility=visible;status=available;sellable_quantity=1,not_recorded,0,synced,,website_projection_missing;kiosk_projection_not_recorded
1,connected,local-inventory-e452b4ad-61ea-4adc-9fb7-f0574f87aa61,c42be7a5-db81-a99e-1bed-c552f0e30262,Mega Kangaskhan ex,PUG-7BD23539-01,available,3,,not_recorded,BLT6PIUIGCPZ6262X23F6HLZ,3,3,not_recorded,visibility=visible;status=available;sellable_quantity=3,not_recorded,0,synced,,website_projection_missing;kiosk_projection_not_recorded
1,connected,local-inventory-56674358-fdf2-46fe-9c89-84e14bd90d77,835544da-f091-2718-4477-7a6ed0f13572,Mega Kangaskhan ex,PUG-7BD23539-02,removed,0,,not_recorded,MOZJS2IYXWDP6ADIC4GLUC2B,0,0,not_recorded,visibility=hidden;status=removed;sellable_quantity=0,not_recorded,0,synced,,website_projection_missing;kiosk_projection_not_recorded
1,connected,local-inventory-2e05b07a-ce6c-40aa-8670-6d168cca340b,98e59d0d-bbd4-9578-1284-4a9f6788e0c7,Mega Kangaskhan ex,PUG-7BD23539-03,removed,0,,not_recorded,HNQEYQIXU77MXWIXJNHJLCXZ,0,0,not_recorded,visibility=hidden;status=removed;sellable_quantity=0,not_recorded,0,synced,,website_projection_missing;kiosk_projection_not_recorded
1,connected,local-inventory-7d615e54-33b3-4545-965d-1b5fb2b815b2,69e03e67-ab32-2dc3-940e-a958e378186a,"Elesh Norn, Grand Cenobite",PUG-3DA85B01,removed,0,,not_recorded,ATHQH76Y5ZYMYGJAOLTFEWH3,0,0,not_recorded,visibility=hidden;status=removed;sellable_quantity=0,not_recorded,0,synced,,website_projection_missing;kiosk_projection_not_recorded
1,connected,local-inventory-ed6749d6-2e3a-4a0f-9755-bd6dc6617353,f5a21cc2-a595-07b8-4c39-7de27b619bab,Rayquaza V,PUG-451846A5-01,available,1,,not_recorded,Z3BH64TCGHVDDELNDVPZCZIV,1,1,not_recorded,visibility=visible;status=available;sellable_quantity=1,not_recorded,0,no_sync_record,,website_projection_missing;kiosk_projection_not_recorded
1,connected,local-inventory-d6c98c0e-fde1-4a3e-9502-3e6358db5c6c,0f737a31-44f8-2036-9920-034f0f2afc1a,Rayquaza V,PUG-451846A5-02,available,1,,not_recorded,7OSE5ENSFD3FQQJM6AX7CLSR,1,1,not_recorded,visibility=visible;status=available;sellable_quantity=1,not_recorded,0,no_sync_record,,website_projection_missing;kiosk_projection_not_recorded
1,connected,local-inventory-76405b31-1ee8-415b-bc5f-e9a667e88d34,d720a06e-35a3-3d2e-93e2-191118fc9a41,Rayquaza V,PUG-451846A5-03,available,1,,not_recorded,DRTITIGFCHD5ZDW3V2D5EU7R,1,1,not_recorded,visibility=visible;status=available;sellable_quantity=1,not_recorded,0,no_sync_record,,website_projection_missing;kiosk_projection_not_recorded
1,connected,local-inventory-df423648-0488-42b8-b731-82fb4408b5d8,2740388a-42d9-54c5-7471-a9c1b0566f3c,Rayquaza V,PUG-451846A5-04,available,1,,not_recorded,R5534757Q2QXDGRYKUIQRQGJ,1,1,not_recorded,visibility=visible;status=available;sellable_quantity=1,not_recorded,0,no_sync_record,,website_projection_missing;kiosk_projection_not_recorded
1,connected,local-inventory-84919c4d-b7b6-4679-bdde-d6da5cd243f3,6d09ffbb-6372-8877-03f5-c8b52afcaa4b,Rayquaza V,PUG-451846A5-05,available,1,,not_recorded,ASPA4U4KIIZMFQBCOPE4VPWU,1,1,not_recorded,visibility=visible;status=available;sellable_quantity=1,not_recorded,0,no_sync_record,,website_projection_missing;kiosk_projection_not_recorded
1,connected,local-inventory-a4bd564b-ad65-4b45-aabb-c5a70bc1389c,2b3434f0-05fa-4e17-82ac-d09b89808b35,Rayquaza V,PUG-451846A5-06,available,1,,not_recorded,7R6L4W7ELHYCQHESWB4X5AJA,1,1,not_recorded,visibility=visible;status=available;sellable_quantity=1,not_recorded,0,no_sync_record,,website_projection_missing;kiosk_projection_not_recorded
1,connected,local-inventory-2a592b87-f825-4c24-96a2-72fcc7497b3c,25888c6d-8fa3-6fba-5aa8-3b4399d24d4c,Rayquaza V,PUG-451846A5-07,available,1,,not_recorded,PH5I7Y4OOX3HQUQ2BAZZ3PTY,1,1,not_recorded,visibility=visible;status=available;sellable_quantity=1,not_recorded,0,no_sync_record,,website_projection_missing;kiosk_projection_not_recorded
1,connected,local-inventory-aea91096-e06e-4400-94f7-0ebeb18ad21a,054528c2-5866-5d00-f8fa-023a602862b1,Rayquaza V,PUG-451846A5-08,available,1,,not_recorded,HJXZQ77GLY7XUTTSMYXBWG7S,1,1,not_recorded,visibility=visible;status=available;sellable_quantity=1,not_recorded,0,no_sync_record,,website_projection_missing;kiosk_projection_not_recorded
1,connected,local-inventory-405245a7-7396-441c-ac71-87c934816ada,97ff38e4-7cf0-d573-a728-0342d50d05be,Rayquaza V,PUG-451846A5-09,available,1,,not_recorded,HIAI7GEAEBKED7JHOCPS2SWI,1,0,not_recorded,visibility=visible;status=available;sellable_quantity=1,not_recorded,0,no_sync_record,,website_projection_missing;square_count_mismatch;kiosk_projection_not_recorded
1,connected,local-inventory-ba9d1572-f336-4df6-bd3f-c1bd6e9bfb61,86d5c166-bd75-52ef-b550-b3ec20492630,Rayquaza V,PUG-451846A5-10,available,1,,not_recorded,IZFWZBN34FHLH2GIU5YJSALL,1,1,not_recorded,visibility=visible;status=available;sellable_quantity=1,not_recorded,0,no_sync_record,,website_projection_missing;kiosk_projection_not_recorded
1,connected,local-inventory-a56230ce-4d36-4d31-b863-d2350ebda8cb,e888ad8b-7613-c609-e860-bca38a6fcc18,Rayquaza V,PUG-451846A5-11,available,1,,not_recorded,A4HQ2HQMPF3XCLLYRT2NLLG5,1,1,not_recorded,visibility=visible;status=available;sellable_quantity=1,not_recorded,0,no_sync_record,,website_projection_missing;kiosk_projection_not_recorded
1,connected,local-inventory-5bfc3c6c-0041-4db7-aee6-66ba3e739d91,9b0ac38b-914f-9a45-9b3a-24b2e5054d99,Mabosstiff ex,PUG-C55EB95B,available,1,,not_recorded,CTI2LOFETHU3PEEQYIIWDQ53,1,1,not_recorded,visibility=visible;status=available;sellable_quantity=1,not_recorded,0,no_sync_record,,website_projection_missing;kiosk_projection_not_recorded
1,connected,local-inventory-6d0d5291-b80d-4522-ab31-ce8d28b39338,d35499ff-e9a7-7a06-98b5-ce195cfb5992,Snorlax,PUG-A76B3176-01,available,1,,not_recorded,LFG3PLQ5PF4XQ23SF6NYZGSP,1,1,not_recorded,visibility=visible;status=available;sellable_quantity=1,not_recorded,0,synced,,website_projection_missing;kiosk_projection_not_recorded
1,connected,local-inventory-e86f6d83-f8b4-4b8f-9c01-23500aab900f,a4c37d80-5875-7d39-8b7c-96ee8ef625e3,Snorlax,PUG-A76B3176-02,available,1,status=available;quantity=1;online=visible;kiosk=visible,not_recorded,SDAC5B7U3QHXNZWQBZDR52MR,1,1,not_recorded,visibility=visible;status=available;sellable_quantity=1,not_recorded,0,synced,,kiosk_projection_not_recorded
1,connected,local-inventory-d8be114e-e795-41e5-b041-e1c0a2cbb869,a713b435-971f-60db-a7a5-7eb4be31c85e,Snorlax,PUG-A76B3176-03,available,1,status=available;quantity=1;online=visible;kiosk=visible,not_recorded,HE56IZZC6CO5RPVDERSYBO32,1,1,not_recorded,visibility=visible;status=available;sellable_quantity=1,not_recorded,0,synced,,kiosk_projection_not_recorded
1,connected,local-inventory-e75d85ad-1674-4a19-95fb-cccca0702ba1,e38469f9-df2e-15cf-6b1e-30f757fff8a8,Snorlax,PUG-A76B3176-04,available,1,status=available;quantity=1;online=visible;kiosk=visible,not_recorded,NYBMGKD2I3YUR7TAGBWFX6KA,1,1,not_recorded,visibility=visible;status=available;sellable_quantity=1,not_recorded,0,synced,,kiosk_projection_not_recorded
1,connected,local-inventory-1684f87e-dd5f-4264-854c-7214dd214cdb,d65b1a94-57fe-0a13-243c-bc15e462a790,Snorlax,PUG-A76B3176-05,available,1,,not_recorded,RXZUH53BZEN36A7G4FPR6MCE,1,1,not_recorded,visibility=visible;status=available;sellable_quantity=1,not_recorded,0,synced,,website_projection_missing;kiosk_projection_not_recorded
1,connected,local-inventory-cb9ac565-0835-423d-9a28-06d389d6069b,71e83da2-25c1-f973-5e16-ba4e2a5f7a0b,Snorlax,PUG-A76B3176-06,available,1,status=available;quantity=1;online=visible;kiosk=visible,not_recorded,2STSOCL23MAABW7LRQBW5OVK,1,1,not_recorded,visibility=visible;status=available;sellable_quantity=1,not_recorded,0,synced,,kiosk_projection_not_recorded
1,connected,local-inventory-9c7aeb90-eebd-44ff-8e09-922a7ce1dca7,5276900f-6b3d-5e0a-070f-5867e06ae0e0,Snorlax,PUG-A76B3176-07,available,1,,not_recorded,O6LMG3K5N7VQB4U3REO2F4GY,1,1,not_recorded,visibility=visible;status=available;sellable_quantity=1,not_recorded,0,synced,,website_projection_missing;kiosk_projection_not_recorded
1,connected,local-inventory-7717f1e0-f68a-4a15-bbdc-dd8aed00922f,24548b76-0dcf-14ca-bf5b-c8c9ecf5aff5,Snorlax,PUG-A76B3176-08,available,1,,not_recorded,3WAUVHL3XPRZ6QJW6AHEXD46,1,1,not_recorded,visibility=visible;status=available;sellable_quantity=1,not_recorded,0,synced,,website_projection_missing;kiosk_projection_not_recorded
1,connected,local-inventory-64832e4f-64c2-4634-b600-7a5720d3d4a9,8aa84d4d-1fcf-9462-0162-28f71551a50c,Snorlax,PUG-A76B3176-09,available,1,,not_recorded,343WRU5X5LEIMCKHFNL2T7DH,1,1,not_recorded,visibility=visible;status=available;sellable_quantity=1,not_recorded,0,synced,,website_projection_missing;kiosk_projection_not_recorded
1,connected,local-inventory-781c740a-e55d-40ed-a636-9c324099ec0b,1bf04983-5bed-45fa-32dc-cdc7c1ae1362,Snorlax,PUG-A76B3176-10,available,1,,not_recorded,WYUTHZOP6ASD2YHH6KDCFYOY,1,1,not_recorded,visibility=visible;status=available;sellable_quantity=1,not_recorded,0,synced,,website_projection_missing;kiosk_projection_not_recorded
1,connected,local-inventory-1fbbd872-f9df-4c71-b3a7-ab1e718ff4b0,97eba621-c0d7-d32e-ff6b-f04472628463,Eevee,PUG-E8DE6B71,available,1,,not_recorded,DW55CYZFMN4KY5QBERZ47PBF,1,1,not_recorded,visibility=visible;status=available;sellable_quantity=1,not_recorded,0,synced,,website_projection_missing;kiosk_projection_not_recorded
1,connected,local-inventory-0a2a6b94-762a-4caf-a48d-1badd2b042f7,cf68a6ec-5d72-a11b-6422-e3607934ff88,Paldean Wooper,PUG-EC71CFED,available,1,,not_recorded,TZHMVWGL5GEHJY7D5LGBZWXN,1,1,not_recorded,visibility=visible;status=available;sellable_quantity=1,not_recorded,0,synced,,website_projection_missing;kiosk_projection_not_recorded
1,connected,local-inventory-5d898c52-c62c-4f91-8954-497b19c78748,e61e3c50-eb3f-1a67-2e06-4a1df11c2e76,Rayquaza,PUG-3BFFB455,available,1,,not_recorded,OJWNYY3JUN35GWOEWLRX5UUY,1,1,not_recorded,visibility=visible;status=available;sellable_quantity=1,not_recorded,0,synced,,website_projection_missing;kiosk_projection_not_recorded
1,connected,local-inventory-592acab3-0573-40e6-aa44-0e541f20a401,78b6c040-efc5-7214-3597-fd64e332e4b6,Radiant Charizard,PUG-2B73B8F8,available,1,,not_recorded,UX672733ETX7WJ3ZJFGUXPDZ,1,0,not_recorded,visibility=visible;status=available;sellable_quantity=1,not_recorded,0,synced,,website_projection_missing;square_count_mismatch;kiosk_projection_not_recorded
1,connected,local-inventory-d6bef026-63dc-4781-ae83-cedd83042648,d3c8f0d1-17e1-4feb-ad58-5f20a898f037,Raichu,PUG-C8B872EC,available,1,,not_recorded,FK4DAGC6WRE7LLZ3YPLHYE6C,1,1,not_recorded,visibility=visible;status=available;sellable_quantity=1,not_recorded,0,synced,,website_projection_missing;kiosk_projection_not_recorded
1,connected,local-inventory-e06866ec-8d9a-4ae7-9b36-34f0c1421c05,d4dcaca1-923d-ff8a-eb6c-41e92099970d,Umbreon VMAX,PUG-68F6D907,available,1,status=available;quantity=1;online=visible;kiosk=visible,not_recorded,OQZFFCE5TSLBRTFFFOB7XNKA,1,1,not_recorded,visibility=visible;status=available;sellable_quantity=1,not_recorded,0,synced,,kiosk_projection_not_recorded
1,connected,local-inventory-27c8a085-4d61-4571-a3f8-082e469d21b8,4907d9f2-1ef7-5ec3-f786-9564226a8500,Flareon V,PUG-F4D3C66E,available,1,,not_recorded,IWGE7MVPCQS7EJHFEGB3N3T3,1,1,not_recorded,visibility=visible;status=available;sellable_quantity=1,not_recorded,0,synced,,website_projection_missing;kiosk_projection_not_recorded
1,connected,local-inventory-2d1e8e6f-0c82-40b5-8102-d9e15fd5cf06,74f605a3-6943-36da-c0cd-7d7502951b9e,Piplup,PUG-5A052243,available,1,,not_recorded,6S2JJUW5T4K4NGRWNTQM2DD6,1,1,not_recorded,visibility=visible;status=available;sellable_quantity=1,not_recorded,0,synced,,website_projection_missing;kiosk_projection_not_recorded
1,connected,local-inventory-4703a2a8-ad4d-4537-9e87-a9fcd2cab3be,1def582c-4b8b-71d3-ca76-0cef81ac00cf,Secret Box,PUG-E0CB7C2B,available,1,,not_recorded,TW54QI43Z3XFTCIXSD3RVG7S,1,1,not_recorded,visibility=visible;status=available;sellable_quantity=1,not_recorded,0,synced,,website_projection_missing;kiosk_projection_not_recorded
1,connected,local-inventory-e35773f0-15be-4449-ae13-0db63cc52cf7,c4c9f871-5f9b-fa0e-22ad-435f3972ed32,Blastoise ex,PUG-2F3ED328,available,1,status=available;quantity=1;online=visible;kiosk=visible,not_recorded,XISHIC2BQ4KGSW22JWIXM6VR,1,1,not_recorded,visibility=visible;status=available;sellable_quantity=1,not_recorded,0,synced,,kiosk_projection_not_recorded
1,connected,local-inventory-62f36080-d2ae-441e-bca6-10159914a479,81f630ca-3cb4-5040-326b-b1201e00d1d6,Charizard ex,PUG-68A2C02A,available,1,,not_recorded,3J2PVYP3YQCY3HSPCDMFYSFD,1,1,not_recorded,visibility=visible;status=available;sellable_quantity=1,not_recorded,0,synced,,website_projection_missing;kiosk_projection_not_recorded
1,connected,local-inventory-fd40f7a8-8517-447e-96e9-048e52fdacc1,53502bf4-2a14-0693-a691-5ab092695fd4,Rayquaza VMAX,PUG-60B9951B,available,1,status=available;quantity=1;online=visible;kiosk=visible,not_recorded,U3OJ2OJMULOKBEPMD5BPGMFK,1,1,not_recorded,visibility=visible;status=available;sellable_quantity=1,not_recorded,0,synced,,kiosk_projection_not_recorded
1,connected,local-inventory-13e1384e-f502-4874-b43e-f53543a2eb81,d6af7c7d-277d-57a6-a912-25d5f372dc77,Radiant Eevee,PUG-E7C73F47,sold,0,,not_recorded,MAFKLAYKGQKYUBUQ2AEDNDYD,0,0,not_recorded,visibility=visible;status=sold;sellable_quantity=0,not_recorded,0,no_sync_record,,website_projection_missing;kiosk_projection_not_recorded
1,connected,local-inventory-a42c1ba6-2a59-46ab-9df9-dde17cad59c8,0fe5637d-71b3-7c5b-4410-e0d68b58e576,Dark Sylveon V,PUG-7586523C,available,1,,not_recorded,XAJJFHH7LJLBGPQQV2B2NWOD,1,1,not_recorded,visibility=visible;status=available;sellable_quantity=1,not_recorded,0,synced,,website_projection_missing;kiosk_projection_not_recorded
1,connected,local-inventory-9152489a-2b54-4116-8f7b-2bd74497a533,36ed71b7-e0de-f576-7353-156de6e702f1,Hearthflame Mask Ogerpon ex,PUG-4673654E-01,available,8,,not_recorded,5AMYXJTRHURBGR44X3SJWKRD,8,8,not_recorded,visibility=visible;status=available;sellable_quantity=8,not_recorded,0,synced,,website_projection_missing;kiosk_projection_not_recorded
1,connected,local-inventory-7273cb55-a971-4be8-9a9a-12d7c452ae89,e877f429-2bc2-9743-bc22-7fb60c8af4d1,Hearthflame Mask Ogerpon ex,PUG-4673654E-02,removed,0,,not_recorded,YORREUEFLTEMGKU7IHLRMWQB,0,0,not_recorded,visibility=hidden;status=removed;sellable_quantity=0,not_recorded,0,synced,,website_projection_missing;kiosk_projection_not_recorded
1,connected,local-inventory-50b830ec-eacc-4e31-9d02-3e98aec3c97a,a0374be3-8e94-6e17-7e9a-adb028dd4c59,Hearthflame Mask Ogerpon ex,PUG-4673654E-03,removed,0,,not_recorded,IVELEMLJUWWVAIQUXF4U5UJD,0,0,not_recorded,visibility=hidden;status=removed;sellable_quantity=0,not_recorded,0,synced,,website_projection_missing;kiosk_projection_not_recorded
1,connected,local-inventory-50c71231-02fe-4cb2-9d33-189d0282fa4a,2c112591-ebbf-012f-1191-3526fdd26c33,Hearthflame Mask Ogerpon ex,PUG-4673654E-04,removed,0,,not_recorded,DDPZWMXUSD4E7NA3UZSICYGR,0,0,not_recorded,visibility=hidden;status=removed;sellable_quantity=0,not_recorded,0,synced,,website_projection_missing;kiosk_projection_not_recorded
1,connected,local-inventory-e80f56cf-a73a-488f-9049-663365d77941,e276b652-7336-4fb6-444a-56f6bfff7086,Hearthflame Mask Ogerpon ex,PUG-4673654E-05,removed,0,,not_recorded,Y2AYCHUVXSPX3X6BDUPVRXG2,0,0,not_recorded,visibility=hidden;status=removed;sellable_quantity=0,not_recorded,0,synced,,website_projection_missing;kiosk_projection_not_recorded
1,connected,local-inventory-ec0fb664-34b5-4071-9b8f-0f2a756d10a8,2afaa0e3-0ae4-b933-4510-91bdb7f3213c,Hearthflame Mask Ogerpon ex,PUG-4673654E-06,removed,0,,not_recorded,GM3K5M6XO7OKMJCT3TTG4H3C,0,0,not_recorded,visibility=hidden;status=removed;sellable_quantity=0,not_recorded,0,synced,,website_projection_missing;kiosk_projection_not_recorded
1,connected,local-inventory-81291828-af29-4901-b87a-3360b31ad67e,4f2b5904-a416-be55-6671-b3cc6f17d6aa,Hearthflame Mask Ogerpon ex,PUG-4673654E-07,removed,0,,not_recorded,65LTZ3XUXVYVSBQ2SQD3XUGB,0,0,not_recorded,visibility=hidden;status=removed;sellable_quantity=0,not_recorded,0,synced,,website_projection_missing;kiosk_projection_not_recorded
1,connected,local-inventory-3147bfec-f7e8-4127-b8d1-3c503db13027,b47233c2-c0ab-cc67-5d20-65b32a5bd762,Hearthflame Mask Ogerpon ex,PUG-4673654E-08,removed,0,,not_recorded,K2NMMAU6TO5FSTOJIR322V3P,0,0,not_recorded,visibility=hidden;status=removed;sellable_quantity=0,not_recorded,0,synced,,website_projection_missing;kiosk_projection_not_recorded
1,connected,local-inventory-c3a66534-4577-43ca-b2c9-981210d4447d,28116d9d-195f-c4cf-6ff1-ed954b7c2cd3,Rayquaza V,PUG-AD7C530F,sold,0,,not_recorded,MMFODQWNEUPBHYYXTNOC6TZF,0,0,not_recorded,visibility=visible;status=sold;sellable_quantity=0,not_recorded,0,no_sync_record,,website_projection_missing;kiosk_projection_not_recorded
1,connected,local-inventory-3996e5fb-371e-48a4-819a-42a80a295295,29510fd0-d00f-fa6f-bea9-7341bca1e32b,Mega Greninja ex,PUG-8B7D2F6F-01,available,1,,not_recorded,UMMHLAO6HBCJ6COJTDRLBMVF,1,1,not_recorded,visibility=visible;status=available;sellable_quantity=1,not_recorded,0,synced,,website_projection_missing;kiosk_projection_not_recorded
1,connected,local-inventory-11e9e9c1-3ddd-4ccb-b40b-429374d821e3,3f68759a-628c-6aa8-d58a-3dad045873c5,Mega Greninja ex,PUG-8B7D2F6F-02,available,1,,not_recorded,XVMVDQDCJDYPYGBT47JFQZJY,1,1,not_recorded,visibility=visible;status=available;sellable_quantity=1,not_recorded,0,synced,,website_projection_missing;kiosk_projection_not_recorded
1,connected,local-inventory-e7eb9551-0c46-4c3d-82af-6f3ff078bcf1,a91e35f0-fb89-103d-03f6-a9e91d67c8d0,Metang,PUG-57ED1F3D-01,available,1,,not_recorded,N4VUOT4GDQ4TFQWX5RRCWNL5,1,0,not_recorded,visibility=visible;status=available;sellable_quantity=1,not_recorded,0,synced,,website_projection_missing;square_count_mismatch;kiosk_projection_not_recorded
1,connected,local-inventory-f3f600b4-4bde-43cf-ba6d-baad331a246b,b2ed9e33-36cb-d29f-4ff3-416846d32c7a,Metang,PUG-57ED1F3D-02,sold,0,,not_recorded,WYR3FCPSQMJVVV47V3WMG2BP,0,0,not_recorded,visibility=visible;status=sold;sellable_quantity=0,not_recorded,0,no_sync_record,,website_projection_missing;kiosk_projection_not_recorded
1,connected,local-inventory-8c24835a-c389-410e-9818-a4c29337def6,5781179d-cbd5-2490-dbee-7bdd077b0535,Dewgong,PUG-128FABEB,sold,0,,not_recorded,3XC36QXMZHA5UU4F2MNYOSRA,0,0,not_recorded,visibility=visible;status=sold;sellable_quantity=0,not_recorded,0,no_sync_record,,website_projection_missing;kiosk_projection_not_recorded
1,connected,local-inventory-3ac80395-5ac6-42f2-b325-a97f16410bc4,5941202c-9cb4-501d-8cd8-693374f1cc15,Chespin,PUG-D819183D-01,removed,0,,not_recorded,7QWJXGSD2SRZNGODTCDLRISU,0,0,not_recorded,visibility=hidden;status=removed;sellable_quantity=0,not_recorded,0,synced,,website_projection_missing;kiosk_projection_not_recorded
1,connected,local-inventory-c286f010-84c0-4fb7-ae3d-65d675f40900,e69dca83-d9be-7b3c-0050-81c9b3574bd4,Chespin,PUG-D819183D-02,removed,0,,not_recorded,RWZ6ON2X5VZ7VSW2ZNMOYIJE,0,0,not_recorded,visibility=hidden;status=removed;sellable_quantity=0,not_recorded,0,synced,,website_projection_missing;kiosk_projection_not_recorded
1,connected,local-inventory-0d6a1faf-5afc-45cf-8740-8142dd6d9ce8,75749fdb-a1da-94cc-ced9-f6d75a54c0e8,Chespin,PUG-D819183D-03,available,2,,not_recorded,HEK5SJL263OXV6FTZPT76ZA6,2,2,not_recorded,visibility=visible;status=available;sellable_quantity=2,not_recorded,0,synced,,website_projection_missing;kiosk_projection_not_recorded
1,connected,local-inventory-24575836-74f0-4243-bf07-14f31613d654,750f7007-8c84-a32d-cbc3-931fc63936ec,Spewpa,PUG-90836B68-01,available,1,,not_recorded,6MOFTVO55EE4MYYMKFJBXZEE,1,1,not_recorded,visibility=visible;status=available;sellable_quantity=1,not_recorded,0,synced,,website_projection_missing;kiosk_projection_not_recorded
1,connected,local-inventory-82fd3ac2-d008-43d3-8156-6a1601b9dcfa,6af07bee-15db-3d69-764d-6fbddcd69047,Spewpa,PUG-90836B68-02,available,1,,not_recorded,BVCO2VUVTFT25IKIF65P4ECT,1,1,not_recorded,visibility=visible;status=available;sellable_quantity=1,not_recorded,0,synced,,website_projection_missing;kiosk_projection_not_recorded
1,connected,local-inventory-ddaee9b3-3831-4c99-8a24-a76f669415fb,bc21f705-3916-c446-9e55-58b694581f21,Spewpa,PUG-90836B68-03,available,1,status=available;quantity=1;online=visible;kiosk=visible,not_recorded,GIVWX3MH5K7GLIY2LIGVTBE4,1,1,not_recorded,visibility=visible;status=available;sellable_quantity=1,not_recorded,0,synced,,kiosk_projection_not_recorded
1,connected,local-inventory-98dd1780-0da2-4c68-be45-d720ada547f7,294f3f37-dacd-f8d5-8a08-d735ba9a619e,Tauros,PUG-028EF2F5-01,removed,0,,not_recorded,NXSIAW4GM5JRHWNAXAMOFNM5,0,0,not_recorded,visibility=hidden;status=removed;sellable_quantity=0,not_recorded,0,synced,,website_projection_missing;kiosk_projection_not_recorded
1,connected,local-inventory-f8d8d9d1-a4ed-434d-8137-c929df2242df,645841ec-de8d-c537-d545-b864a21d489c,Tauros,PUG-028EF2F5-02,removed,0,,not_recorded,BUS3UZF4HVRJ5OPLK7OX37IW,0,0,not_recorded,visibility=hidden;status=removed;sellable_quantity=0,not_recorded,0,synced,,website_projection_missing;kiosk_projection_not_recorded
1,connected,local-inventory-ae843f93-9072-42f7-b249-1b0f9ad4d317,44b2668c-9c50-81c9-0f76-5efeb8c43a12,Tauros,PUG-028EF2F5-03,removed,0,,not_recorded,ZFVJHL2LILP5C6P4X4R7JRFU,0,0,not_recorded,visibility=hidden;status=removed;sellable_quantity=0,not_recorded,0,synced,,website_projection_missing;kiosk_projection_not_recorded
1,connected,local-inventory-08ea29d9-db95-4eec-80df-1db1f9f2d642,cb32dc98-964d-ef3a-7027-31e66d29224c,Tarragon,PUG-3D2F05DF-01,available,1,,not_recorded,F2Y3E42P75XTADGQBUQWKFC3,1,0,not_recorded,visibility=visible;status=available;sellable_quantity=1,not_recorded,0,no_sync_record,,website_projection_missing;square_count_mismatch;kiosk_projection_not_recorded
1,connected,local-inventory-f8c657b9-6463-4fc9-926f-b891aeed606f,f02d3ae0-495c-3b01-23c5-b0daf6b7240c,Tarragon,PUG-3D2F05DF-02,available,1,,not_recorded,AG5MYVMAB6DHV52D7VT3GR4E,1,1,not_recorded,visibility=visible;status=available;sellable_quantity=1,not_recorded,0,no_sync_record,,website_projection_missing;kiosk_projection_not_recorded
1,connected,local-inventory-9874d34d-c575-4b92-be64-7348bee28438,4aa81951-b804-04ea-33eb-ee4deaa67b34,Piplup,PUG-65229301-01,available,1,,not_recorded,C7Y5BVGPU535ULSHO7V55F3M,1,1,not_recorded,visibility=visible;status=available;sellable_quantity=1,not_recorded,0,synced,,website_projection_missing;kiosk_projection_not_recorded
1,connected,local-inventory-771ffeeb-d4f9-429a-8606-1291a2ab7218,d2616418-cd89-de53-2603-ba9cf1302c2e,Piplup,PUG-65229301-02,available,1,,not_recorded,VRFD5LAUOXNCEWSJWWD4WZM4,1,1,not_recorded,visibility=visible;status=available;sellable_quantity=1,not_recorded,0,synced,,website_projection_missing;kiosk_projection_not_recorded
1,connected,local-inventory-1b66a8d7-abef-48d2-9db6-60811fee86d5,8a09b7c8-1f4b-747a-9f94-5c507724ddc6,Crobat,PUG-EA3E2D1E-01,sold,0,,not_recorded,POBECGNY4EHUAOIXUOYXNZBD,0,0,not_recorded,visibility=visible;status=sold;sellable_quantity=0,not_recorded,0,no_sync_record,,website_projection_missing;kiosk_projection_not_recorded
1,connected,local-inventory-ffd86d1d-9dac-4d36-bfb5-3d3389f0598f,1dfec60a-dfea-100b-d088-7378a3cf72e1,Crobat,PUG-EA3E2D1E-02,available,1,,not_recorded,T7HMNGJLYMDZ572HMB2NNE4V,1,1,not_recorded,visibility=visible;status=available;sellable_quantity=1,not_recorded,0,synced,,website_projection_missing;kiosk_projection_not_recorded
1,connected,local-inventory-4b6d47cc-00d5-4044-b914-61e2c755eb64,d6a44b8b-d083-e0e4-c466-7dbd3ffef10c,Froakie,PUG-20A249F6-01,available,1,,not_recorded,KNZNXHEEWAOE4ITIF32XT5YG,1,1,not_recorded,visibility=visible;status=available;sellable_quantity=1,not_recorded,0,synced,,website_projection_missing;kiosk_projection_not_recorded
1,connected,local-inventory-4c5687ac-7468-45da-b591-38e03861d3a6,484b4a20-d7c3-3daf-0081-92da931188af,Froakie,PUG-20A249F6-02,available,1,,not_recorded,OO3FQYOD34FHIDSWDUZBYZTG,1,1,not_recorded,visibility=visible;status=available;sellable_quantity=1,not_recorded,0,synced,,website_projection_missing;kiosk_projection_not_recorded
1,connected,local-inventory-668b9de0-6e85-4a75-907b-503836eba83e,3aa13f5e-0853-5e70-6cef-e86719db485f,Dedenne,PUG-91D2D48B-01,removed,0,,not_recorded,FTCDKJ2ZVMFFPJQIDL43IF2O,0,0,not_recorded,visibility=hidden;status=removed;sellable_quantity=0,not_recorded,0,synced,,website_projection_missing;kiosk_projection_not_recorded
1,connected,local-inventory-5d027c39-6092-4ffc-aba1-b69b702c0bde,761ca991-5913-58db-df85-771d8d9f0e0f,Dedenne,PUG-91D2D48B-02,removed,0,,not_recorded,6WHLD326JCTRES7SMHELA5NK,0,0,not_recorded,visibility=hidden;status=removed;sellable_quantity=0,not_recorded,0,synced,,website_projection_missing;kiosk_projection_not_recorded
1,connected,local-inventory-7ad0085c-7b4f-4d92-816e-2b1a4562361d,3187ff9b-8474-0ffa-b93c-851b00cc55c3,Mega Dragalge ex,PUG-7C5D9689-01,sold,1,,not_recorded,5D7H7FWQIXIIW6445MHO4LYL,0,1,not_recorded,visibility=visible;status=sold;sellable_quantity=0,not_recorded,0,synced,,website_projection_missing;square_count_mismatch;kiosk_projection_not_recorded
1,connected,local-inventory-cf642799-258e-4fa1-92f8-74d4bde51c8e,3851c99f-cba9-408f-7ecd-9d6ec2d821aa,Mega Dragalge ex,PUG-7C5D9689-02,available,1,,not_recorded,6KVKCBZA2FMTIEI7SEVOOPIG,1,1,not_recorded,visibility=visible;status=available;sellable_quantity=1,not_recorded,0,synced,,website_projection_missing;kiosk_projection_not_recorded
1,connected,local-inventory-3a57bd92-2062-4aff-a030-8776f0f04995,cddebd71-6bef-454b-1449-f0efe56e67a9,Raticate,PUG-E327B05B,sold,0,,not_recorded,B5XTBFBSH4UZDIIJEHL42RSL,0,0,not_recorded,visibility=visible;status=sold;sellable_quantity=0,not_recorded,0,no_sync_record,,website_projection_missing;kiosk_projection_not_recorded
1,connected,local-inventory-477d8fcb-7e4b-438d-a65e-9a444d02663a,9be145de-099c-a30c-cbd1-44c0f4c88b77,Ampharos,PUG-1562AC02,sold,0,,not_recorded,UVBULP25HX7QFNAGWWW53IET,0,0,not_recorded,visibility=visible;status=sold;sellable_quantity=0,not_recorded,0,no_sync_record,,website_projection_missing;kiosk_projection_not_recorded
1,connected,local-inventory-7bc880af-8b62-46f3-aa53-2a8f8b26aa6b,6143a3cd-e0d9-b9a8-9d9d-9662cb833a1e,Team Rocket's Mewtwo ex,PUG-2741CC13,available,1,,not_recorded,XNEJOCR3QCIMR6KPJOZG4CBP,1,1,not_recorded,visibility=visible;status=available;sellable_quantity=1,not_recorded,0,synced,,website_projection_missing;kiosk_projection_not_recorded
1,connected,local-inventory-3557d978-dbb3-45e7-931e-f99ee38b3711,b15b8652-7783-5274-ffe0-581081f51856,Yamper,PUG-67DEFF7B,available,1,,not_recorded,HVFJRQM7J3VMWRTOGTWAU2RT,1,1,not_recorded,visibility=visible;status=available;sellable_quantity=1,not_recorded,0,synced,,website_projection_missing;kiosk_projection_not_recorded
1,connected,local-inventory-8a814d99-f257-42e6-b817-6f23af3bd155,e05b485c-00b4-07dd-6bca-0d2a8bca195b,Roxie's Performance,PUG-FFBA5934,sold,1,,not_recorded,7V42I3TUA4MDEZJIRY7664QR,0,1,not_recorded,visibility=visible;status=sold;sellable_quantity=0,not_recorded,0,synced,,website_projection_missing;square_count_mismatch;kiosk_projection_not_recorded
1,connected,local-inventory-361b2a59-cce0-4cca-9999-ad2abce8399d,dd71b14e-44e3-e81a-2d12-fc804e5ed98d,Xerneas,PUG-57D53325,removed,1,,not_recorded,JMPUVFI32YVIYYKWPXIQVMVI,0,0,not_recorded,visibility=hidden;status=removed;sellable_quantity=0,not_recorded,0,synced,,website_projection_missing;kiosk_projection_not_recorded
1,connected,local-inventory-c55924ef-a147-413f-aee3-d6b072fd7291,a6be6a3a-5690-975e-4a83-2f86daa947a5,Ambipom,PUG-CB815670,sold,0,,not_recorded,XOEGY3ULM7ZHM5KGVT63XQ2W,0,0,not_recorded,visibility=visible;status=sold;sellable_quantity=0,not_recorded,0,no_sync_record,,website_projection_missing;kiosk_projection_not_recorded
1,connected,local-inventory-3da272d6-e3ba-4d63-ae79-ab8de5ad69db,e6ce3593-f7a3-512b-f32c-9e94f99208db,Beedrill ex,PUG-20EAB304,removed,0,,not_recorded,4FVIRX6CLSBVK7WDWWDONQUW,0,0,not_recorded,visibility=hidden;status=removed;sellable_quantity=0,not_recorded,0,synced,,website_projection_missing;kiosk_projection_not_recorded
1,connected,local-inventory-ba2ac50d-23db-4ce9-b740-3f64e065def7,243732c2-8e30-c3f3-2638-437c24e0c086,Aurorus,PUG-9E5CCF8C,removed,0,,not_recorded,6BB5ZNOIJQC2Q3VWNNYXMNII,0,0,not_recorded,visibility=hidden;status=removed;sellable_quantity=0,not_recorded,0,synced,,website_projection_missing;kiosk_projection_not_recorded
1,connected,local-inventory-a363fe9d-21d3-494f-b379-9d85fd2d0cab,ec932879-025a-d43f-fcc5-ef775cbebcea,Decidueye ex,PUG-1A6484B0,available,1,,not_recorded,SAB5PDWZZ6BHZKSXJD5YMMP3,1,1,not_recorded,visibility=visible;status=available;sellable_quantity=1,not_recorded,0,synced,,website_projection_missing;kiosk_projection_not_recorded
1,connected,local-inventory-8160ce5f-e3b1-4d2f-9057-356ccf6f2a9f,926bc447-b705-7a42-1923-4e86ee1ed7ba,Chimchar,PUG-4E42F952,removed,0,,not_recorded,G6AV5ZJKQBYGZPS75SNT446I,0,0,not_recorded,visibility=hidden;status=removed;sellable_quantity=0,not_recorded,0,synced,,website_projection_missing;kiosk_projection_not_recorded
1,connected,local-inventory-7c8c2fb3-fcdb-4312-83e9-4cccff9d7e5c,c66204df-1807-da22-f6be-522aa4d6faef,Piplup,PUG-CDD3CD99,available,1,,not_recorded,DBRVIWUIOKERY27NUTWC4WUF,1,1,not_recorded,visibility=visible;status=available;sellable_quantity=1,not_recorded,0,synced,,website_projection_missing;kiosk_projection_not_recorded
1,connected,local-inventory-a95538c8-1b6d-4741-8158-9da0197da05d,845d513e-be52-8e20-c123-16ef261a9efd,Turtwig,PUG-2053B405,available,1,,not_recorded,ZWBQQB4NGCMUED2UI3NLT3KM,1,1,not_recorded,visibility=visible;status=available;sellable_quantity=1,not_recorded,0,synced,,website_projection_missing;kiosk_projection_not_recorded
1,connected,local-inventory-d2c178d3-3bea-4f9c-8f20-6ac7f4b53c0b,54bb04b6-b460-1f6d-b219-69ff7bd38f1b,Black Kyurem ex,PUG-F10BD588,sold,0,,not_recorded,B424K5SBVTS6TRMGFZYLWTWR,0,0,not_recorded,visibility=visible;status=sold;sellable_quantity=0,not_recorded,0,no_sync_record,,website_projection_missing;kiosk_projection_not_recorded
1,connected,local-inventory-2492c6cc-d25c-40c4-9d34-4a22df4f62de,83a54560-4570-d296-ea41-b79e4bb0d5b0,Mega Skarmory ex,PUG-23C53ED2,available,1,,not_recorded,52MRTWO5XUYMMFZGO4FCNPKK,1,1,not_recorded,visibility=visible;status=available;sellable_quantity=1,not_recorded,0,synced,,website_projection_missing;kiosk_projection_not_recorded
1,connected,local-inventory-c7360e85-80ea-4b11-9ce4-0c21fd182b83,68c3b9d0-14ec-5076-8730-66d3805c65b1,Mega Greninja ex,PUG-765A3941,available,1,status=available;quantity=1;online=visible;kiosk=visible,not_recorded,H3HWDRZXJGJPUSAJBFEQ4W5M,1,1,not_recorded,visibility=visible;status=available;sellable_quantity=1,not_recorded,0,synced,,kiosk_projection_not_recorded
1,connected,local-inventory-d50d8d9e-7d6c-4579-b462-84daa73ad540,f038c936-f784-86e2-4f6d-915fe037ad2d,Pikachu V,PUG-DC32FA9C,sold,0,,not_recorded,UUTRAPRC3JXISTUZT3M64KP5,0,0,not_recorded,visibility=visible;status=sold;sellable_quantity=0,not_recorded,0,no_sync_record,,website_projection_missing;kiosk_projection_not_recorded
1,connected,local-inventory-3079952f-6448-4511-83ab-614a401b2c77,348635bd-6354-669f-f711-487709369282,Doublade,PUG-C02FCBF6,available,2,,not_recorded,NNSANXQH63NNGASGDBPUDWRE,2,0,not_recorded,visibility=visible;status=available;sellable_quantity=2,not_recorded,0,synced,,website_projection_missing;square_count_mismatch;kiosk_projection_not_recorded
1,connected,local-inventory-385e12a9-1244-4be6-87d9-ff08d521fca7,49f3f951-0162-9130-cee9-f297842b50ef,Professor Turo's Scenario,PUG-E8E77235,available,1,,not_recorded,VDGDFE5LPUWYGR62ZPW3CBQR,1,0,not_recorded,visibility=visible;status=available;sellable_quantity=1,not_recorded,0,no_sync_record,,website_projection_missing;square_count_mismatch;kiosk_projection_not_recorded
1,connected,local-inventory-b4467e3a-f0b5-4544-9dfb-9afac898832b,05bab4b8-f5e4-80ec-859a-c98966ecba76,Archaludon ex,PUG-82288DD3,available,1,,not_recorded,7W3TMQVLB4Z4WRG3WTUN6P47,1,0,not_recorded,visibility=visible;status=available;sellable_quantity=1,not_recorded,0,no_sync_record,,website_projection_missing;square_count_mismatch;kiosk_projection_not_recorded
1,connected,local-inventory-a31ef5d4-8cc2-469c-95c4-7ca79f2e4cdf,3863aca1-1387-10ba-aadc-99a94a8ae38a,Decidueye ex,PUG-158B9814,available,1,,not_recorded,YQ5CUOEBV45TEUOOQ4QEVPDL,1,1,not_recorded,visibility=visible;status=available;sellable_quantity=1,not_recorded,0,synced,,website_projection_missing;kiosk_projection_not_recorded
1,connected,local-inventory-9d85dcb8-5bb6-40af-9d59-5b24844f2370,9e99ca02-3bd5-c2e1-765b-563b4b35d202,Sacred Ash,PUG-E01FAB53,available,1,,not_recorded,CJOZUAAA4QUXK7BYSILMANNO,1,1,not_recorded,visibility=visible;status=available;sellable_quantity=1,not_recorded,0,synced,,website_projection_missing;kiosk_projection_not_recorded
1,connected,local-inventory-9f99e874-d6e9-4be0-9605-9c75c37a4148,01e42aa4-75c7-0eb5-cb81-420be94a280d,Rapidash,PUG-F13FE7EB,removed,1,,not_recorded,VVYETOW32FPOEVPG4DCL75GE,0,0,not_recorded,visibility=hidden;status=removed;sellable_quantity=0,not_recorded,0,synced,,website_projection_missing;kiosk_projection_not_recorded
1,connected,local-inventory-9bc7cf40-a9f6-439c-885f-08aea80d6764,f224f1f7-fb04-6b43-2985-1f250add0dd9,Lugia ex,PUG-00701AE6-01,available,1,,not_recorded,7RTFES4ZM7GMVXJSG7UTQGOO,1,1,not_recorded,visibility=visible;status=available;sellable_quantity=1,not_recorded,0,no_sync_record,,website_projection_missing;kiosk_projection_not_recorded
1,connected,local-inventory-eecd8ca2-bb25-4284-b9b3-78f6eb17eb42,561415e9-af6f-f993-7bfb-628e928e6907,Lugia ex,PUG-00701AE6-02,available,1,,not_recorded,7M3OH443AKPHRCF4JRVJ3IZN,1,1,not_recorded,visibility=visible;status=available;sellable_quantity=1,not_recorded,0,no_sync_record,,website_projection_missing;kiosk_projection_not_recorded
1,connected,local-inventory-11e6b81d-3cd4-4fcc-b445-93a39d688e63,018869bf-7337-09ac-334c-91ab973ff43f,Lugia ex,PUG-00701AE6-03,available,1,,not_recorded,SLQN3HY76N5QLYO6CIM6S7IE,1,1,not_recorded,visibility=visible;status=available;sellable_quantity=1,not_recorded,0,no_sync_record,,website_projection_missing;kiosk_projection_not_recorded
1,connected,local-inventory-eb1b1a61-0852-43c8-9bce-eddcad59efe5,f5070e02-7a22-1613-ed4d-b4607219e1cf,Morpeko V-UNION,PUG-5E4FD087-01,available,1,,not_recorded,XTXWUGNDAMWYEPUFX3DPGKSU,1,1,not_recorded,visibility=visible;status=available;sellable_quantity=1,not_recorded,0,no_sync_record,,website_projection_missing;kiosk_projection_not_recorded
1,connected,local-inventory-36fa3adc-5ecc-4d95-b904-49b3b78a2457,1ad9fe81-aea3-59ee-779a-7eba3286294b,Morpeko V-UNION,PUG-5E4FD087-02,available,1,,not_recorded,V2OYOPEDUV6ZQJ2UE3E2KHF7,1,1,not_recorded,visibility=visible;status=available;sellable_quantity=1,not_recorded,0,no_sync_record,,website_projection_missing;kiosk_projection_not_recorded
1,connected,local-inventory-5ae340f7-9f69-47db-a55f-95ca230d83d1,e721e2d0-34c1-db72-491e-3dd7e078ce8c,Morpeko V-UNION,PUG-5E4FD087-03,available,1,,not_recorded,MCBNLP6GS2TMNNGFPBX4CXG7,1,1,not_recorded,visibility=visible;status=available;sellable_quantity=1,not_recorded,0,no_sync_record,,website_projection_missing;kiosk_projection_not_recorded
1,connected,local-inventory-337be827-d43b-4858-a13c-e611cd51fbab,62c3e77d-215f-44c4-faf1-0825df07fa9c,Morpeko V-UNION,PUG-5E4FD087-04,available,1,,not_recorded,4LRTKEE75Z5NL4TRNP3F7FSB,1,1,not_recorded,visibility=visible;status=available;sellable_quantity=1,not_recorded,0,no_sync_record,,website_projection_missing;kiosk_projection_not_recorded
1,connected,local-inventory-8c520697-e064-4324-82fe-94efd95e9943,d48b4af1-f4f3-e2e8-000d-190d2b3c42e3,Morpeko V-UNION,PUG-5E4FD087-05,available,1,,not_recorded,3HYTY7ZPXE3NCXKUVPLKX4YQ,1,1,not_recorded,visibility=visible;status=available;sellable_quantity=1,not_recorded,0,no_sync_record,,website_projection_missing;kiosk_projection_not_recorded
1,connected,local-inventory-aeba12d6-aee9-4b7f-99a6-7387840b9dee,2c7deaa1-c5e2-3514-0bdf-a4b53ec55c00,Morpeko V-UNION,PUG-5E4FD087-06,available,1,,not_recorded,HIZJSOXQF4AR7NHSDU32QRYU,1,1,not_recorded,visibility=visible;status=available;sellable_quantity=1,not_recorded,0,no_sync_record,,website_projection_missing;kiosk_projection_not_recorded
1,connected,local-inventory-7506664a-56cc-4f85-978c-ea09d4319e15,62c2c36d-ee3f-b550-05c2-9cda5dbc65a0,Morpeko V-UNION,PUG-5E4FD087-07,available,1,,not_recorded,EYFYOIZ3LUV44MZ5OEUNWWPU,1,1,not_recorded,visibility=visible;status=available;sellable_quantity=1,not_recorded,0,no_sync_record,,website_projection_missing;kiosk_projection_not_recorded
1,connected,local-inventory-528195ce-75ff-44c9-a523-a2a2cfced20d,79e9a23b-62ad-4907-b944-5d2fe709210b,Morpeko V-UNION,PUG-5E4FD087-08,available,1,,not_recorded,ZTR5CHKG4AHP3QGZRDT26233,1,1,not_recorded,visibility=visible;status=available;sellable_quantity=1,not_recorded,0,no_sync_record,,website_projection_missing;kiosk_projection_not_recorded
1,connected,local-inventory-e9cf36f6-d7a9-4805-aad2-7fbb08c18185,25866d2c-c2b7-0834-aef4-eb53092873c6,Morpeko V-UNION,PUG-5E4FD087-09,available,1,,not_recorded,NUVYGSRK2BQ4IWRCKLWDZJVK,1,1,not_recorded,visibility=visible;status=available;sellable_quantity=1,not_recorded,0,no_sync_record,,website_projection_missing;kiosk_projection_not_recorded
1,connected,local-inventory-ef5b6201-c9f0-48c0-bf98-763b37419ac7,523ab77f-5d7e-f05c-3a19-4fe0447f206e,Snivy,PUG-0301CD7D-01,available,4,,not_recorded,XEKUB66K54SHQKJICWYLP2G6,4,4,not_recorded,visibility=visible;status=available;sellable_quantity=4,not_recorded,0,synced,,website_projection_missing;kiosk_projection_not_recorded
1,connected,local-inventory-29761a8b-f8d1-407c-995f-85730b49063a,7e75f19a-603c-a09d-e4ad-0aa8ee4e7129,Snivy,PUG-0301CD7D-02,removed,0,,not_recorded,RNTPCEZU4M2UZTM6XADTZX2L,0,0,not_recorded,visibility=hidden;status=removed;sellable_quantity=0,not_recorded,0,synced,,website_projection_missing;kiosk_projection_not_recorded
1,connected,local-inventory-4e9641c3-b228-4087-b443-750dc9485d70,72add948-b36a-b3f1-d0f2-256b828a0d5b,Snivy,PUG-0301CD7D-03,removed,0,,not_recorded,IAGJCIBSU6OVDD32JKQX2L2V,0,0,not_recorded,visibility=hidden;status=removed;sellable_quantity=0,not_recorded,0,synced,,website_projection_missing;kiosk_projection_not_recorded
1,connected,local-inventory-b380b279-0a20-4422-87b4-9cbb457eba2d,59d11b30-562f-64d0-e562-ac5a1db837f5,Snivy,PUG-0301CD7D-04,removed,0,,not_recorded,SPMMQ3OXR6TEJTH7SLKHM2M7,0,0,not_recorded,visibility=hidden;status=removed;sellable_quantity=0,not_recorded,0,synced,,website_projection_missing;kiosk_projection_not_recorded
1,connected,local-inventory-9caaffd1-cef2-4211-84dd-5346fb3c2b9c,c8164e00-311e-d5e4-b88d-5258985df834,Dubwool V,PUG-ED97C556,available,1,,not_recorded,IZHBBOPGV5ZJSVWASFJ2RVJG,1,0,not_recorded,visibility=visible;status=available;sellable_quantity=1,not_recorded,0,no_sync_record,,website_projection_missing;square_count_mismatch;kiosk_projection_not_recorded
1,connected,local-inventory-e75bfef1-1d67-44f7-9f51-80d462b65233,ae340257-d23e-c8cc-9079-253368b6934c,Blastoise ex,PUG-7757EC5E-01,available,1,,not_recorded,CL42PH47GGBP7F4CH56YNUOQ,1,1,not_recorded,visibility=visible;status=available;sellable_quantity=1,not_recorded,0,no_sync_record,,website_projection_missing;kiosk_projection_not_recorded
1,connected,local-inventory-2f282a89-7e33-4a30-93eb-69f8df8c3e61,054e7b1f-c795-dab0-9fb5-820c2f19e058,Blastoise ex,PUG-7757EC5E-02,available,1,,not_recorded,CQHRYSGXSHSVDSGN6QPG4AGT,1,1,not_recorded,visibility=visible;status=available;sellable_quantity=1,not_recorded,0,no_sync_record,,website_projection_missing;kiosk_projection_not_recorded
1,connected,local-inventory-8c7fce2f-f651-49ff-a65a-eca05499ef60,407d28cf-e622-b167-27c2-5b15afde04ee,Blastoise ex,PUG-7757EC5E-03,available,1,,not_recorded,OESX6QVC5PQ4V57GGD2UUXLF,1,1,not_recorded,visibility=visible;status=available;sellable_quantity=1,not_recorded,0,no_sync_record,,website_projection_missing;kiosk_projection_not_recorded
1,connected,local-inventory-d87c7f95-ab45-4ef0-8a96-a69a19440b8f,5ce71b6f-f8aa-596b-fb97-dc104c66c7bd,Blastoise ex,PUG-7757EC5E-04,available,1,,not_recorded,Q2EQ6VQ6QOJR2ZM2C7TYNKXL,1,1,not_recorded,visibility=visible;status=available;sellable_quantity=1,not_recorded,0,no_sync_record,,website_projection_missing;kiosk_projection_not_recorded
1,connected,local-inventory-855d6b3f-8b37-42ea-9a86-b08fca3e160c,dfbe56a4-98fd-d393-eb5d-6d913d84f3f3,Blastoise ex,PUG-7757EC5E-05,available,1,,not_recorded,HMMM6J5DWM5ZO5RILUJ56QBH,1,1,not_recorded,visibility=visible;status=available;sellable_quantity=1,not_recorded,0,no_sync_record,,website_projection_missing;kiosk_projection_not_recorded
1,connected,local-inventory-a385535d-7d02-4a2e-98e4-7f2a6fac91a6,3b9cd7bb-001a-2ef0-7bff-39cd94a8e2a8,Blastoise ex,PUG-7757EC5E-06,available,1,,not_recorded,JDEITX2CJ4I5RKZSBTGPAJ7J,1,1,not_recorded,visibility=visible;status=available;sellable_quantity=1,not_recorded,0,no_sync_record,,website_projection_missing;kiosk_projection_not_recorded
1,connected,local-inventory-3e81e860-b4d5-4b86-ae4a-e7524d10f4b6,d1110f12-d8b4-a809-c92b-95c24f86cc37,Blastoise ex,PUG-7757EC5E-07,available,1,,not_recorded,HVADUEWXPMSRVFOLTPUXQDVI,1,1,not_recorded,visibility=visible;status=available;sellable_quantity=1,not_recorded,0,no_sync_record,,website_projection_missing;kiosk_projection_not_recorded
1,connected,local-inventory-3d7b7850-ca18-4e12-96c1-71d92d6dbd31,5d6447f4-f169-d858-6299-6c43e5a0f55b,Blastoise ex,PUG-7757EC5E-08,available,1,,not_recorded,6ECIMWZCWNVXI2YJMAMFWAYS,1,1,not_recorded,visibility=visible;status=available;sellable_quantity=1,not_recorded,0,no_sync_record,,website_projection_missing;kiosk_projection_not_recorded
1,connected,local-inventory-ec13dfcf-1f49-47ca-bbae-d70c82bacdcd,e200af08-7e48-118d-e247-fd9003c1d32a,Blastoise ex,PUG-7757EC5E-09,available,1,,not_recorded,FZSYCUIJULM3N5AGGQ5VF7KB,1,1,not_recorded,visibility=visible;status=available;sellable_quantity=1,not_recorded,0,no_sync_record,,website_projection_missing;kiosk_projection_not_recorded
1,connected,local-inventory-e037f3b7-370d-4c40-9386-ca5525c33a2e,b61d78eb-f7bf-1c69-3c2b-78740db1bff8,Meowth ex,PUG-701CC50F,available,1,status=available;quantity=1;online=visible;kiosk=visible,not_recorded,ZDWRX57MOTIDTPA57IWV5F6C,1,1,not_recorded,visibility=visible;status=available;sellable_quantity=1,not_recorded,0,synced,,kiosk_projection_not_recorded
1,connected,local-inventory-fa7e476f-4df9-430f-b41d-2b2c1d7e031d,1bd6a692-d882-a104-3452-eded3d109696,Pikachu ex,PUG-78D58459,available,1,,not_recorded,7WFYSIJTNPISQB5442GFE6PS,1,1,not_recorded,visibility=visible;status=available;sellable_quantity=1,not_recorded,0,synced,,website_projection_missing;kiosk_projection_not_recorded
1,connected,local-inventory-916a2ef9-bd99-429c-8ad7-0f317e3a0ae9,82214166-fa8b-6ca4-f33c-5fde50817cd7,Team Rocket's Mewtwo ex,PUG-D0B3F951,available,1,,not_recorded,NUHH3T543EFGFK6FMCXKKR6R,1,0,not_recorded,visibility=visible;status=available;sellable_quantity=1,not_recorded,0,synced,,website_projection_missing;square_count_mismatch;kiosk_projection_not_recorded
1,connected,local-inventory-fb56cb72-95ef-4e9c-8985-26e87921c00b,5451972a-c6df-4a33-9275-2fc567f8c4c2,Mega Latias ex,PUG-7A56C400,available,1,,not_recorded,PQMG5BGDXLDS4ZZODFXW432N,1,0,not_recorded,visibility=visible;status=available;sellable_quantity=1,not_recorded,0,synced,,website_projection_missing;square_count_mismatch;kiosk_projection_not_recorded
1,connected,local-inventory-2f7c42f2-0642-4859-ab95-25f50a812c18,f1baa737-c205-9a6a-4780-43710060762e,Brock's Primeape,PUG-F3556E07,available,1,,not_recorded,EBNX7XSEDBOUIVBBQCGC57CE,1,0,not_recorded,visibility=visible;status=available;sellable_quantity=1,not_recorded,0,synced,,website_projection_missing;square_count_mismatch;kiosk_projection_not_recorded
1,connected,local-inventory-d9ad9e30-2273-4cb9-9aa1-68aff46327a9,956c3384-ab97-3d6f-01ed-965fb811a0a6,Lt. Surge's Spearow,PUG-C633F702,removed,0,,not_recorded,DY5OADY4Z7ZFYWNUOPUGLOXV,0,0,not_recorded,visibility=hidden;status=removed;sellable_quantity=0,not_recorded,0,synced,,website_projection_missing;kiosk_projection_not_recorded
1,connected,local-inventory-9d28d445-7f36-4ba9-8431-cf6db2f34f6e,f35c53ff-bb81-80b8-e18a-c1a58c950c9e,Galarian Sirfetch'd V,PUG-E7582A87,available,1,,not_recorded,FUEMJYMK7GUKFUMTATSEHS3K,1,1,not_recorded,visibility=visible;status=available;sellable_quantity=1,not_recorded,0,no_sync_record,,website_projection_missing;kiosk_projection_not_recorded
1,connected,local-inventory-232424fe-6981-4d8c-a24e-cce3bc36b1c2,1a465f5c-bb1e-9b67-bd5f-e31936944e9d,Mew,PUG-B7B6C795,sold,0,,not_recorded,ZAYZEJJ7RRK2GDOTGKTKF4FO,0,0,not_recorded,visibility=visible;status=sold;sellable_quantity=0,not_recorded,0,no_sync_record,,website_projection_missing;kiosk_projection_not_recorded
1,connected,local-inventory-c36b57c8-e0fb-4254-9c9c-09e23c46cb29,01fce447-2b9a-ca5e-376c-b799bb23287a,Latias,PUG-EED721F0,available,1,,not_recorded,EDC6Z4CAPTVRA7PEQJFF76SE,1,0,not_recorded,visibility=visible;status=available;sellable_quantity=1,not_recorded,0,synced,,website_projection_missing;square_count_mismatch;kiosk_projection_not_recorded
1,connected,local-inventory-210dcb52-ba72-468a-8e03-b5ed621da1d5,3686fef7-e475-c7d9-536e-ce9c1277b75c,Galarian Zapdos,PUG-303F1D06-01,sold,0,,not_recorded,S4KYXKF6Z3HPTBDNYFI5JNKG,0,0,not_recorded,visibility=visible;status=sold;sellable_quantity=0,not_recorded,0,no_sync_record,,website_projection_missing;kiosk_projection_not_recorded
1,connected,local-inventory-7fda409e-ad23-4b2a-ac02-d2c647c17838,fdd0e072-36a0-9eb3-2151-49d9109e6173,Galarian Zapdos,PUG-303F1D06-02,available,1,,not_recorded,KXLVHXTFJFB7CPLF2BS6IPWI,1,1,not_recorded,visibility=visible;status=available;sellable_quantity=1,not_recorded,0,no_sync_record,,website_projection_missing;kiosk_projection_not_recorded
1,connected,local-inventory-211f56b1-c4bd-400f-aff2-8322b7adf56c,8580eb08-9b78-1d46-2f48-f839b5f1b0e5,Galarian Zapdos,PUG-303F1D06-03,available,1,,not_recorded,XLOMD5HAJJI4ZZOWDCO2ZPAA,1,1,not_recorded,visibility=visible;status=available;sellable_quantity=1,not_recorded,0,no_sync_record,,website_projection_missing;kiosk_projection_not_recorded
1,connected,local-inventory-bfbd7ec1-840c-47ad-b905-b5bf49f5060b,9e7df81d-1809-3923-031a-13af7d2c8ed1,Galarian Articuno,PUG-1C77E7E7,sold,0,,not_recorded,5AVPK5TJNMXIY3BNZWCCGIQB,0,0,not_recorded,visibility=visible;status=sold;sellable_quantity=0,not_recorded,0,no_sync_record,,website_projection_missing;kiosk_projection_not_recorded
1,connected,local-inventory-647cb99b-5343-4eb3-bdda-25411539a620,43cc2f76-7d4c-61b6-7ba4-f4b0b34c0747,Galarian Articuno,PUG-E7104659,available,1,,not_recorded,RKZH5UQVMCYHUGUM2RK5P2XP,1,1,not_recorded,visibility=visible;status=available;sellable_quantity=1,not_recorded,0,synced,,website_projection_missing;kiosk_projection_not_recorded
1,connected,local-inventory-fe780f7b-7ae5-4df2-b4a1-29a1d42b4f26,f13c3a4e-69b1-94d4-df40-c1ddc75f02ae,Charizard ex,PUG-4CC428C6-01,sold,0,,not_recorded,ICE37SVFI2Q325RQHPUZN4BZ,0,0,not_recorded,visibility=visible;status=sold;sellable_quantity=0,not_recorded,0,no_sync_record,,website_projection_missing;kiosk_projection_not_recorded
1,connected,local-inventory-db5eb199-4dd4-4ede-af9f-15f60db4b81f,f95e8afe-599d-b60e-dbe9-d552296f32f4,Charizard ex,PUG-4CC428C6-02,available,1,,not_recorded,PVADEAULWKB3VQ6YTGASQ4FA,1,1,not_recorded,visibility=visible;status=available;sellable_quantity=1,not_recorded,0,synced,,website_projection_missing;kiosk_projection_not_recorded
1,connected,local-inventory-61e30f10-6278-4329-9f34-d454d4d0d913,b9d439d8-57b4-be8e-dcb1-fadf9e95c415,Gengar V,PUG-903BFDE8,available,1,,not_recorded,2IRCRXSEYZJ6X6PHQOZKMOE7,1,1,not_recorded,visibility=visible;status=available;sellable_quantity=1,not_recorded,0,synced,,website_projection_missing;kiosk_projection_not_recorded
1,connected,local-inventory-1b3c3a89-f541-478e-8ff8-fb2efbb58344,38bd62b5-63bd-e246-c039-fcb5566e4ada,Rockruff,PUG-57598AC3,available,1,,not_recorded,7AI6PJGW2ASZP53R7ESSXNTY,1,1,not_recorded,visibility=visible;status=available;sellable_quantity=1,not_recorded,0,no_sync_record,,website_projection_missing;kiosk_projection_not_recorded
1,connected,local-inventory-04748583-f3b0-49d3-b953-2a553cfdfbbe,b8c277f4-deb1-061c-9111-ddac4590e66a,Venusaur & Snivy-GX,PUG-E3305EC0,available,1,,not_recorded,7PJQWWDWALVTQUTRCQQRRTGI,1,1,not_recorded,visibility=visible;status=available;sellable_quantity=1,not_recorded,0,no_sync_record,,website_projection_missing;kiosk_projection_not_recorded
1,connected,local-inventory-b2bad14d-5b74-490a-96d7-a76911ce319b,f1d5bc26-ce0a-5fe5-07d0-1f5a67a554fe,Riolu,PUG-BAB1AD94,sold,0,,not_recorded,DG4DDOZCUCT53VDTFADQ42FZ,0,0,not_recorded,visibility=visible;status=sold;sellable_quantity=0,not_recorded,0,no_sync_record,,website_projection_missing;kiosk_projection_not_recorded
1,connected,local-inventory-fb62c320-a113-4d21-b9f6-6b37979ef70a,7003d2ba-2e37-6108-f0ad-caa2719dc92e,Clauncher,PUG-DEF9B4DE,sold,0,,not_recorded,4G6CPWBXHJEUJCJIRPTS36EJ,0,0,not_recorded,visibility=visible;status=sold;sellable_quantity=0,not_recorded,0,no_sync_record,,website_projection_missing;kiosk_projection_not_recorded
1,connected,local-inventory-eae3feb7-91c8-4108-b506-3f66d38e4ff1,942c93fc-a98f-b104-9e47-1cbd35a61f61,Braixen,PUG-346FD0BA,sold,0,,not_recorded,S4VKKCO2CO7GXAJLAG2TCZKN,0,0,not_recorded,visibility=visible;status=sold;sellable_quantity=0,not_recorded,0,no_sync_record,,website_projection_missing;kiosk_projection_not_recorded
1,connected,local-inventory-fbf9cec2-98bf-43f7-aaa0-e5ab43893cfb,23d5de35-fa60-51e5-6069-526ad4d239a0,Flaaffy,PUG-0A3602F9,sold,1,,not_recorded,GZJA7WWRJORF6RAMT6QBQPQW,0,0,not_recorded,visibility=visible;status=sold;sellable_quantity=0,not_recorded,0,synced,,website_projection_missing;kiosk_projection_not_recorded
1,connected,local-inventory-c05b56a7-7890-4375-8c9f-1ff111ea9f22,bf9e989a-0c6a-5a17-b47f-5c878e732dd5,Team Rocket's Wobbuffet,PUG-C44FB421,sold,0,,not_recorded,YZNUIN7CHLJ22NWHLFZKG2RN,0,0,not_recorded,visibility=visible;status=sold;sellable_quantity=0,not_recorded,0,no_sync_record,,website_projection_missing;kiosk_projection_not_recorded
1,connected,local-inventory-b7bbe718-c802-4143-8d63-b9d714e45f27,455bd88e-f4fc-ff4e-6119-2c8c5b1be00d,Beedrill ex,PUG-ED12FD5D,available,2,,not_recorded,DQPWMRRAZDDEV6UMRAFPGO7R,0,0,not_recorded,visibility=hidden;status=available;sellable_quantity=0,not_recorded,0,synced,,website_projection_missing;kiosk_projection_not_recorded
1,connected,local-inventory-692c519e-dded-4a0a-a6bd-7a6e5a5cb68c,fde706c3-da28-faf2-b4cf-8143f55be2ac,Duraludon VMAX,PUG-E43B321A,available,1,,not_recorded,HE5GADKX6YUJCF4ZMSOXO6TH,1,1,not_recorded,visibility=visible;status=available;sellable_quantity=1,not_recorded,0,no_sync_record,,website_projection_missing;kiosk_projection_not_recorded
1,connected,local-inventory-532b5ecf-0a10-491e-893d-493ae753f84b,4d4eb5d9-993c-95b5-a458-03f29081f6e9,Gloom,PUG-DF039F8D,sold,0,,not_recorded,7PRDBO5VHYOGWGT3UZSIQRDN,0,0,not_recorded,visibility=visible;status=sold;sellable_quantity=0,not_recorded,0,no_sync_record,,website_projection_missing;kiosk_projection_not_recorded
1,connected,local-inventory-df5e4c4c-e6bb-4b12-bb27-49984584221c,3868d16c-76d2-8f01-907e-3088417b45ad,Kingler VMAX,PUG-6741D864,sold,1,,not_recorded,M27APAHK7BANFQZOFWBLKCJT,0,1,not_recorded,visibility=visible;status=sold;sellable_quantity=0,not_recorded,0,synced,,website_projection_missing;square_count_mismatch;kiosk_projection_not_recorded
1,connected,local-inventory-2adbc82c-20c3-4840-9078-dc021fd2406c,88e89621-1981-9bf6-7a7b-40d300bcf229,Kangaskhan,PUG-AE597DC2,available,1,,not_recorded,YL7LKGJEGGFJLGNXXBFKAWZL,1,1,not_recorded,visibility=visible;status=available;sellable_quantity=1,not_recorded,0,synced,,website_projection_missing;kiosk_projection_not_recorded
1,connected,local-inventory-55714891-9817-4853-bdad-08d06fce9484,33b7e58c-fe26-69a2-5215-9926f5d2e371,Iris's Fighting Spirit,PUG-099940DD,available,1,,not_recorded,Q2DAUROK7ZEZZDC2Z5THLAFQ,1,1,not_recorded,visibility=visible;status=available;sellable_quantity=1,not_recorded,0,synced,,website_projection_missing;kiosk_projection_not_recorded
1,connected,local-inventory-914264b6-ca4a-4d92-8981-50598bf67c94,fde8c4c0-dbd8-3ab9-d56c-9328dbb649d1,Charizard ex,PUG-EC231B68,sold,0,,not_recorded,QZTBHEGAX4MK4LEOP7X4UUET,0,0,not_recorded,visibility=visible;status=sold;sellable_quantity=0,not_recorded,0,no_sync_record,,website_projection_missing;kiosk_projection_not_recorded
1,connected,local-inventory-5e760d1e-8ad5-486a-aa36-aec6b14ff944,cbcdcf62-d66b-3c24-da85-cb5cde013274,Sylveon V,PUG-1C7AC319,available,1,,not_recorded,LJPGJN27IWSM3Q3ZZBA45H5D,1,1,not_recorded,visibility=visible;status=available;sellable_quantity=1,not_recorded,0,synced,,website_projection_missing;kiosk_projection_not_recorded
1,connected,local-inventory-a8504e4d-5d61-45e1-b11b-79d3bdda4a3e,7f78697a-7ac9-36cc-2e25-fe491f3efffa,Dragonite,PUG-8677C0C3,available,1,,not_recorded,QI2FWRWYSPLBY2KQVQA7IFOI,1,0,not_recorded,visibility=visible;status=available;sellable_quantity=1,not_recorded,0,synced,,website_projection_missing;square_count_mismatch;kiosk_projection_not_recorded
1,connected,local-inventory-538b1852-325d-4195-8cb7-5c3c76684a07,73888f85-f6fe-3a2b-d78d-b976ed49aeb0,Dragonite,PUG-A3D54487,sold,1,,not_recorded,5AKEIBKSPY3H3UBGI4AND2ER,0,0,not_recorded,visibility=visible;status=sold;sellable_quantity=0,not_recorded,0,synced,,website_projection_missing;kiosk_projection_not_recorded
1,connected,local-inventory-9ca702c7-2fc0-4883-b620-8dcb30076ec1,8f7e0af0-ce4b-1107-431f-2c948d081ac0,Machamp,PUG-B1F227B6,available,1,,not_recorded,Z5VACAO54FJ7FIAHGUEQ7GIF,1,1,not_recorded,visibility=visible;status=available;sellable_quantity=1,not_recorded,0,synced,,website_projection_missing;kiosk_projection_not_recorded
1,connected,local-inventory-a93d752e-09c6-4de1-86c4-3fa5c9ab9dfe,905ddaf1-6a0f-6d1c-bbb4-aa8f9694bba1,Typhlosion,PUG-1C63CB7C,sold,0,,not_recorded,234KXKH6J52TSA72NN23DTX7,0,0,not_recorded,visibility=visible;status=sold;sellable_quantity=0,not_recorded,0,no_sync_record,,website_projection_missing;kiosk_projection_not_recorded
1,connected,local-inventory-9da7e6fa-d8fa-48b2-bd95-0aa7ec3b66ab,641db5e2-40a3-a8b8-b2fa-230fe8b514cf,Gyarados,PUG-6A57386A,sold,0,,not_recorded,HGHOFV4453OXYP7WXV4CHRRD,0,0,not_recorded,visibility=visible;status=sold;sellable_quantity=0,not_recorded,0,no_sync_record,,website_projection_missing;kiosk_projection_not_recorded
1,connected,local-inventory-3d59626a-2f59-46c5-9ad0-c56b36cf8115,4e9eb7b0-4eb1-c4cc-15f4-d6875336e3c6,Mewtwo,PUG-130FA680,available,1,,not_recorded,W6UGNE4R4VW4663SNVQWWHJB,1,1,not_recorded,visibility=visible;status=available;sellable_quantity=1,not_recorded,0,synced,,website_projection_missing;kiosk_projection_not_recorded
1,connected,local-inventory-e9066961-781e-4f6d-99ee-43beeddd6d71,da74705e-6c4a-da66-7342-bbe0dd2c4778,Sabrina's Gengar,PUG-B866821B,sold,0,,not_recorded,RSRUFZKT2NIJ4UAFMOQFKLQR,0,0,not_recorded,visibility=visible;status=sold;sellable_quantity=0,not_recorded,0,no_sync_record,,website_projection_missing;kiosk_projection_not_recorded
1,connected,local-inventory-28563bbc-560a-4eb1-8285-b3e592698d26,c9a8d90a-cf64-7286-50bd-46e5757fd93e,Dark Dragonite,PUG-1A165449,sold,1,,not_recorded,BNYKOVCOHP5UW4L5PMTEVBOF,0,0,not_recorded,visibility=visible;status=sold;sellable_quantity=0,not_recorded,0,synced,,website_projection_missing;kiosk_projection_not_recorded
1,connected,local-inventory-50c7eadf-f4a7-4009-9d68-7b62ee6d0117,30962986-0449-af80-3aa2-7d3726149225,Muk,PUG-6BB556C9,sold,0,,not_recorded,PGJ7Q5N6RWBL4FY42DP53F5N,0,0,not_recorded,visibility=visible;status=sold;sellable_quantity=0,not_recorded,0,no_sync_record,,website_projection_missing;kiosk_projection_not_recorded
1,connected,local-inventory-64759a94-445e-4810-ad6e-92f1fc4df555,acd3ec5a-b53a-efd5-02ac-a54e1bff261e,Mimikyu ex,PUG-04067655,available,1,,not_recorded,XJ7LE3P3FVLOQWB4CSNUMRBK,1,0,not_recorded,visibility=visible;status=available;sellable_quantity=1,not_recorded,0,no_sync_record,,website_projection_missing;square_count_mismatch;kiosk_projection_not_recorded
1,connected,local-inventory-38517a21-b47f-4e14-ad39-1b24eaabdd08,de4f7034-217f-9299-7739-f95bfb946506,Team Magma's Aggron,PUG-095332D0,available,1,,not_recorded,2NP24PDFHXZOSFE2A6PSKTFC,1,0,not_recorded,visibility=visible;status=available;sellable_quantity=1,not_recorded,0,synced,,website_projection_missing;square_count_mismatch;kiosk_projection_not_recorded
1,connected,local-inventory-b109ec2e-5c5c-493b-b7e1-812c0639aadb,67293e31-dd03-6dd7-21c6-e00817f68b3d,Roxie's Performance,PUG-E11B6D9A,sold,0,,not_recorded,GTX2AMODPFSNFWEHT3PKER2P,0,0,not_recorded,visibility=visible;status=sold;sellable_quantity=0,not_recorded,0,synced,,website_projection_missing;kiosk_projection_not_recorded
1,connected,local-inventory-c4e11c52-8c2a-4ec3-b7fe-1e8334fb687b,f2924766-359f-b4b2-3489-bd791da9af5c,Vaporeon,PUG-C6590681,sold,0,,not_recorded,RHTLUY2VJGNE2PTIPDKVD4JX,0,0,not_recorded,visibility=visible;status=sold;sellable_quantity=0,not_recorded,0,no_sync_record,,website_projection_missing;kiosk_projection_not_recorded
1,connected,local-inventory-993c1df4-9313-40a2-a486-7e402f1b1977,0d4b8502-c692-20c7-d1b5-b3314236c858,Cinccino ex,PUG-08274EFF,available,1,,not_recorded,O3AXP4KBIUAPJZZQ2622SQQ7,1,1,not_recorded,visibility=visible;status=available;sellable_quantity=1,not_recorded,0,no_sync_record,,website_projection_missing;kiosk_projection_not_recorded
1,connected,local-inventory-e39aa80f-46e1-4684-b470-bf50eeead50a,2de24038-b8cc-ef47-886e-36b9dc3a9ebb,Vikavolt,PUG-4518E1AB,available,1,status=available;quantity=1;online=visible;kiosk=visible,not_recorded,4VAOVW6QHTDEOWNVHTRJK34Q,1,1,not_recorded,visibility=visible;status=available;sellable_quantity=1,not_recorded,0,synced,,kiosk_projection_not_recorded
1,connected,local-inventory-f9f427a2-2b62-4c3a-a553-eb32b2428a05,0878cda6-f21a-0e6a-c925-03a74886f1d1,Ignition Energy,PUG-B364162C,available,1,,not_recorded,CK3PJGFSVMSE2DMOHTIYKQIX,1,1,not_recorded,visibility=visible;status=available;sellable_quantity=1,not_recorded,0,synced,,website_projection_missing;kiosk_projection_not_recorded
1,connected,local-inventory-30e70b6e-30af-4b22-8f0e-c745e08eb6e9,44443dc2-c3f0-b39c-bf2c-45df345727d2,Bloodmoon Ursaluna ex,PUG-1F2ADFC6,sold,0,,not_recorded,LLR25UYWWRJG5NHAQKI5FOWO,0,0,not_recorded,visibility=visible;status=sold;sellable_quantity=0,not_recorded,0,no_sync_record,,website_projection_missing;kiosk_projection_not_recorded
1,connected,local-inventory-680ab437-f664-402a-a613-e8065216ed59,c97176e7-3f2f-fb49-7210-9f66feffb99c,Larry's Staraptor,PUG-375FBC2D,sold,0,,not_recorded,TCMIAFUBGGO5RYZGJRY3H4DQ,0,0,not_recorded,visibility=visible;status=sold;sellable_quantity=0,not_recorded,0,no_sync_record,,website_projection_missing;kiosk_projection_not_recorded
1,connected,local-inventory-792d9dd6-662e-4438-85fd-50c3752641c3,0c0d5597-3136-73aa-1c6d-b550dd72392b,N's PP Up,PUG-52B1E470,sold,0,,not_recorded,N7PS5Z7XT4WIKCQ5A5WXJDZ4,0,0,not_recorded,visibility=visible;status=sold;sellable_quantity=0,not_recorded,0,no_sync_record,,website_projection_missing;kiosk_projection_not_recorded
1,connected,local-inventory-945dcc69-5b8a-42c2-8ab7-da816a534c54,d55a44f2-5d7c-ecab-0cd3-1ceafa54c9f0,Aerodactyl,PUG-86C5E50C,available,1,,not_recorded,LPUCJMPCRGVJXPXIP3I2S24V,1,1,not_recorded,visibility=visible;status=available;sellable_quantity=1,not_recorded,0,synced,,website_projection_missing;kiosk_projection_not_recorded
1,connected,local-inventory-0521a576-69ba-4e0f-8720-7c936fce1f18,64678814-bba6-5947-0939-2ac3fbfbed4b,Meowth,PUG-681688B8,available,1,,not_recorded,XR6KDGDNJFNA4GTFQGCMK7EI,1,1,not_recorded,visibility=visible;status=available;sellable_quantity=1,not_recorded,0,synced,,website_projection_missing;kiosk_projection_not_recorded
1,connected,local-inventory-c8dc93d0-1be5-4ad1-8c75-50a2dbe03e63,69fb961e-b3b2-4bdf-98bf-cf780acb3e42,Flareon,PUG-D7D446B4,available,1,status=available;quantity=1;online=visible;kiosk=visible,not_recorded,OAXLJIG6D4YHO2V6HZVRBNXB,1,1,not_recorded,visibility=visible;status=available;sellable_quantity=1,not_recorded,0,synced,,kiosk_projection_not_recorded
1,connected,local-inventory-ef7eb032-59dc-40c9-a055-c22c23124f3c,8311dad0-8116-83f9-8dc8-b97b71cdf874,Hitmonlee,PUG-CB60BC40,sold,0,,not_recorded,PSTTTZDWG63HMEDGMY3VWCLE,0,0,not_recorded,visibility=visible;status=sold;sellable_quantity=0,not_recorded,0,no_sync_record,,website_projection_missing;kiosk_projection_not_recorded
1,connected,local-inventory-59a521aa-ff7b-4b1d-b54a-f8fab3a76690,f977906f-2e0c-7103-f2a7-897bcf873d77,Venusaur ex,PUG-DAC4EB21,available,1,,not_recorded,BPJZ43BHKXSXASIY3ZHXME2L,1,0,not_recorded,visibility=visible;status=available;sellable_quantity=1,not_recorded,0,no_sync_record,,website_projection_missing;square_count_mismatch;kiosk_projection_not_recorded
1,connected,local-inventory-541b97aa-f24d-43f3-9579-917c8653597f,63f17653-a35b-4163-52f5-e9ceb4c8a172,Pikachu VMAX,PUG-38BAEB16-01,removed,1,,not_recorded,SOTTQXRLUYG6O7PQFINEBFSB,0,0,not_recorded,visibility=hidden;status=removed;sellable_quantity=0,not_recorded,0,synced,,website_projection_missing;kiosk_projection_not_recorded
1,connected,local-inventory-a79cd495-8287-4d3d-96be-c2d6fcb018e6,36c66983-98be-f718-79a0-e8c697d28f0a,Pikachu VMAX,PUG-38BAEB16-02,removed,1,,not_recorded,XWOYPVW2X44C4CYLHFQXYXNF,0,0,not_recorded,visibility=hidden;status=removed;sellable_quantity=0,not_recorded,0,synced,,website_projection_missing;kiosk_projection_not_recorded
1,connected,local-inventory-a44f6f09-9b55-405d-bcba-f67792c5d90e,45e112f6-881a-92d8-d291-9dbb82210ee1,Pikachu VMAX,PUG-38BAEB16-03,removed,1,,not_recorded,PE6TGBRZVCQZ67DBUJAHD3MM,0,0,not_recorded,visibility=hidden;status=removed;sellable_quantity=0,not_recorded,0,synced,,website_projection_missing;kiosk_projection_not_recorded
1,connected,local-inventory-4740f043-65d9-4e15-9649-1b1d263cdf34,7b198368-b523-7d9a-9639-ef6a2f56ebfc,Pikachu VMAX,PUG-38BAEB16-04,removed,1,,not_recorded,T7UYOIS7EGRQ6DAPAJCHBX26,0,0,not_recorded,visibility=hidden;status=removed;sellable_quantity=0,not_recorded,0,synced,,website_projection_missing;kiosk_projection_not_recorded
1,connected,local-inventory-8b0e21a9-fb21-40b0-87c2-fc2791e435bd,a94dfb28-783d-d1ed-097b-e062fefc8ded,Pikachu VMAX,PUG-38BAEB16-05,removed,1,,not_recorded,ENLIYZNXDT72J37MHHBIHHGK,0,0,not_recorded,visibility=hidden;status=removed;sellable_quantity=0,not_recorded,0,synced,,website_projection_missing;kiosk_projection_not_recorded
1,connected,local-inventory-08b8df47-f6b9-4616-ab7b-601a9f4b1583,edd94923-81e7-b421-7f83-7bce3be54ed6,Pikachu VMAX,PUG-38BAEB16-06,removed,1,,not_recorded,KDNOSQQR2X64GCSACCPA464F,0,0,not_recorded,visibility=hidden;status=removed;sellable_quantity=0,not_recorded,0,synced,,website_projection_missing;kiosk_projection_not_recorded
1,connected,local-inventory-08650cb9-3300-45ee-9436-63a6d7e4ed7c,4ee5f9d8-4dc3-6b7c-cf17-cd5ffe98bb44,Pikachu VMAX,PUG-38BAEB16-07,removed,1,,not_recorded,A2WMHIUHRBV2YSQE2S3UVPN4,0,0,not_recorded,visibility=hidden;status=removed;sellable_quantity=0,not_recorded,0,synced,,website_projection_missing;kiosk_projection_not_recorded
1,connected,local-inventory-30bccc76-cafd-4c5b-8f74-42413d6addc2,ef89c365-95c8-fa3f-d8ad-d35639a31a4a,Dragapult ex,PUG-951689BE,sold,0,,not_recorded,S6O6AFOK2WWZ3AF7O446GDA6,0,0,not_recorded,visibility=visible;status=sold;sellable_quantity=0,not_recorded,0,no_sync_record,,website_projection_missing;kiosk_projection_not_recorded
1,connected,local-inventory-29abee7a-07d7-4d3e-9c26-db98d35d97d9,1d9e40a5-6be1-6201-7a7c-d63c70222946,Magneton,PUG-8E2B39E2,sold,0,,not_recorded,TQU67TVSIAKNSSI7ZKLCJOM6,0,0,not_recorded,visibility=visible;status=sold;sellable_quantity=0,not_recorded,0,no_sync_record,,website_projection_missing;kiosk_projection_not_recorded
1,connected,local-inventory-9e10e4f9-4c96-4101-883e-c66275e021e2,47eef0aa-4f22-db56-a55f-a38d42708a76,Electabuzz,PUG-D4EF6FF0,available,1,,not_recorded,DHVBIJV4YLW5URZ6EDJNZB33,1,1,not_recorded,visibility=visible;status=available;sellable_quantity=1,not_recorded,0,synced,,website_projection_missing;kiosk_projection_not_recorded
1,connected,local-inventory-92ae38a5-2a73-48d0-8a7e-fdb8eb2915cf,eddf31a6-bff8-0f8c-1cb0-ef02825ad121,Pikachu VMAX,PUG-B16FE733-01,available,6,,not_recorded,SHPVWYILK6BK63WVOVET46N5,6,4,not_recorded,visibility=visible;status=available;sellable_quantity=6,not_recorded,0,synced,,website_projection_missing;square_count_mismatch;kiosk_projection_not_recorded
1,connected,local-inventory-927384af-fa5e-4d93-bcae-0ea643cce163,af624860-4307-dca8-5b2d-dc11729d2356,Pikachu VMAX,PUG-B16FE733-02,removed,0,,not_recorded,ZRUXINYLTWYLPB7EEW2L7WS3,0,0,not_recorded,visibility=hidden;status=removed;sellable_quantity=0,not_recorded,0,synced,,website_projection_missing;kiosk_projection_not_recorded
1,connected,local-inventory-eed3ae61-3ff9-4ee6-8a52-9e22fc46fafb,6f30689d-f1c2-39c9-c361-e88a3a290bba,Pikachu VMAX,PUG-B16FE733-03,removed,0,,not_recorded,FZKIAOWAV35V4GNKK6MI4ZDK,0,0,not_recorded,visibility=hidden;status=removed;sellable_quantity=0,not_recorded,0,synced,,website_projection_missing;kiosk_projection_not_recorded
1,connected,local-inventory-0de3225c-6aac-457a-a725-ee66682771c2,6e9b0f41-b369-7e89-ca9b-058b4f12ab87,Pikachu VMAX,PUG-B16FE733-04,removed,0,,not_recorded,FHAFPSLSZQHGRFH6QDJKMBSH,0,0,not_recorded,visibility=hidden;status=removed;sellable_quantity=0,not_recorded,0,synced,,website_projection_missing;kiosk_projection_not_recorded
1,connected,local-inventory-91900478-9778-496d-906f-54b83d0a07e4,424607d8-1795-d234-8637-b2b4d8984886,Pikachu VMAX,PUG-B16FE733-05,removed,0,,not_recorded,PQNOTL25JHHYYMIGQIEHIONH,0,0,not_recorded,visibility=hidden;status=removed;sellable_quantity=0,not_recorded,0,synced,,website_projection_missing;kiosk_projection_not_recorded
1,connected,local-inventory-6fd4ffb1-1265-47e7-8b5f-cd11466e3e0a,951e554d-977b-d20a-eb28-0e6b960cded5,Pikachu VMAX,PUG-B16FE733-06,removed,0,,not_recorded,R6EZELMKJMUUUEXBUVOASDIV,0,0,not_recorded,visibility=hidden;status=removed;sellable_quantity=0,not_recorded,0,synced,,website_projection_missing;kiosk_projection_not_recorded
1,connected,local-inventory-e11165eb-7d6b-48ed-b162-022204c0f8dc,b55631d5-bd26-b26a-6e2e-c0853142e21d,Pikachu VMAX,PUG-B16FE733-07,removed,0,,not_recorded,62VRCGTLIDDO6BCZZG4BWHBQ,0,0,not_recorded,visibility=hidden;status=removed;sellable_quantity=0,not_recorded,0,synced,,website_projection_missing;kiosk_projection_not_recorded
1,connected,local-inventory-41001025-df9e-4386-a0d2-0657a2fc149d,11102ea0-734a-fc5b-0a39-2781d1ca2a62,Kingler VMAX,PUG-BD250D61,sold,0,,not_recorded,CPHJHTJMSGJL4GYLHCJ6VS54,0,0,not_recorded,visibility=visible;status=sold;sellable_quantity=0,not_recorded,0,no_sync_record,,website_projection_missing;kiosk_projection_not_recorded
1,connected,local-inventory-63ca6945-2a69-472e-85b5-3cc8cdcc400b,720eedcd-910e-3a38-6949-1ac89c9d20f6,Mewtwo,PUG-A6C947BC,available,1,,not_recorded,XW5OTRKVCRQBQXUUWHHTOU63,1,1,not_recorded,visibility=visible;status=available;sellable_quantity=1,not_recorded,0,synced,,website_projection_missing;kiosk_projection_not_recorded
1,connected,local-inventory-a14adaa5-690c-4be0-b871-91f6cec3f660,688db945-77ea-9153-139c-c8bdfcc65749,Tortured Existence,PUG-D955681E-01,available,1,,not_recorded,WMVEMZUD74XHJXBU6Z4MCENZ,1,1,not_recorded,visibility=visible;status=available;sellable_quantity=1,not_recorded,0,synced,,website_projection_missing;kiosk_projection_not_recorded
1,connected,local-inventory-565ec168-40a6-4143-b13e-6827ab149fb6,793f6b73-26c0-1fee-2ffc-f914703ed6fd,Tortured Existence,PUG-D955681E-02,sold,0,,not_recorded,MEAZTABS2NXQ6ZKFXGMWSZYJ,0,0,not_recorded,visibility=visible;status=sold;sellable_quantity=0,not_recorded,0,no_sync_record,,website_projection_missing;kiosk_projection_not_recorded
1,connected,local-inventory-acd1b3b7-61a8-4a6f-a07e-0c09221acf1b,df1e274c-27e5-1fbb-0301-9ec455b685e4,Victini,PUG-16D1B850-01,available,1,,not_recorded,Z6DVXICNXFJTXTZYMO3REFSN,1,1,not_recorded,visibility=visible;status=available;sellable_quantity=1,not_recorded,0,synced,,website_projection_missing;kiosk_projection_not_recorded
1,connected,local-inventory-1c50a5c6-d793-4f1f-8aee-05b54df9b21e,d2b2f52e-a48a-d401-12dc-0af023d50801,Victini,PUG-16D1B850-02,available,1,,not_recorded,7YOFFCZOFERNLU5EAAC7KGHV,1,1,not_recorded,visibility=visible;status=available;sellable_quantity=1,not_recorded,0,synced,,website_projection_missing;kiosk_projection_not_recorded
1,connected,local-inventory-a8bcaf1a-fe2b-4a73-9ecf-c5f1a73f7e56,b58911c6-8174-47e8-c541-37e2fed1c327,Victini,PUG-16D1B850-03,available,1,,not_recorded,EXMQGG43F7VR7DZB3Z6RCN5Q,1,1,not_recorded,visibility=visible;status=available;sellable_quantity=1,not_recorded,0,synced,,website_projection_missing;kiosk_projection_not_recorded
1,connected,local-inventory-2d40c2e2-e89f-433b-b23d-ab5717d51cfe,06878f68-1e08-60ff-ac40-60d95c45f4e9,Victini,PUG-16D1B850-04,available,1,,not_recorded,UJVV5S3NKIWVFISQ5UGVBPZ3,1,1,not_recorded,visibility=visible;status=available;sellable_quantity=1,not_recorded,0,synced,,website_projection_missing;kiosk_projection_not_recorded
1,connected,local-inventory-24fcd448-7bd1-4430-990a-6b04d028338e,102dd628-59c0-bfd5-5765-3ece9d810440,Victini,PUG-16D1B850-05,available,1,,not_recorded,GNEUNJRGGP4ELM5TBEGHKXH3,1,1,not_recorded,visibility=visible;status=available;sellable_quantity=1,not_recorded,0,synced,,website_projection_missing;kiosk_projection_not_recorded
1,connected,local-inventory-4f7d94ed-a829-45e9-8ade-2a016d347e3c,63aad8c1-7671-9e3a-65c4-85cbeed73970,Victini,PUG-16D1B850-06,available,1,,not_recorded,26KKMNZF3I2ZKKHCUHP4ZBKU,1,1,not_recorded,visibility=visible;status=available;sellable_quantity=1,not_recorded,0,synced,,website_projection_missing;kiosk_projection_not_recorded
1,connected,local-inventory-de016ce7-0f28-4a2a-885e-8857f7fc5e86,c92c15cc-da42-aae0-981a-be25d58a4b55,Victini,PUG-16D1B850-07,available,1,,not_recorded,IZBB67TKBTSASQF2APIEVEET,1,1,not_recorded,visibility=visible;status=available;sellable_quantity=1,not_recorded,0,synced,,website_projection_missing;kiosk_projection_not_recorded
1,connected,local-inventory-5e71cbec-7306-4b80-ba06-06136ad3bdb1,a1d44af8-eb05-8143-6962-f0a1f3fd7c3e,Victini,PUG-16D1B850-08,available,1,,not_recorded,LO5OMSJIDEMHPUNAQFJIVB65,1,1,not_recorded,visibility=visible;status=available;sellable_quantity=1,not_recorded,0,synced,,website_projection_missing;kiosk_projection_not_recorded
1,connected,local-inventory-62cc39ce-4aae-4958-a24f-3130fca9a7b2,b9b5cf46-6bd5-a630-2983-76808cd8e50a,Victini,PUG-16D1B850-09,available,1,,not_recorded,WPNXHCQIQRZTQQ4FBH6Z7QEM,1,1,not_recorded,visibility=visible;status=available;sellable_quantity=1,not_recorded,0,synced,,website_projection_missing;kiosk_projection_not_recorded
1,connected,local-inventory-82cdbe36-b3e7-4a15-b14c-37cbbf8fe2a6,cd96539e-a3de-11e0-bf97-4d59a5fec2c3,Victini,PUG-16D1B850-10,available,1,,not_recorded,6RRCED2UDDWC2QTHWOC3UQAJ,1,1,not_recorded,visibility=visible;status=available;sellable_quantity=1,not_recorded,0,synced,,website_projection_missing;kiosk_projection_not_recorded
1,connected,local-inventory-3e84a1a5-d8a6-447f-8571-9d630b58525b,c3a87172-3728-1a62-09f6-ee6aabe6a041,Victini,PUG-16D1B850-11,available,1,,not_recorded,BITTLXGQLDYJ67TGM36UR4BO,1,1,not_recorded,visibility=visible;status=available;sellable_quantity=1,not_recorded,0,synced,,website_projection_missing;kiosk_projection_not_recorded
1,connected,local-inventory-0a9c825d-3d15-4cbb-b993-4936519c73dc,bb01ad9b-efd3-7a96-4b26-181662e79549,Victini,PUG-16D1B850-12,available,1,,not_recorded,ETNDWZNQYBL7UVGZFKWZM3HL,1,1,not_recorded,visibility=visible;status=available;sellable_quantity=1,not_recorded,0,synced,,website_projection_missing;kiosk_projection_not_recorded
1,connected,local-inventory-2c01972a-0ed6-45e6-b0f9-c3130e00ddbb,6a062ea0-3e09-3591-b2f7-2b7ea3560460,Victini,PUG-16D1B850-13,available,1,,not_recorded,QLQZB6TLFFQHQR2FPMOLIWI5,1,1,not_recorded,visibility=visible;status=available;sellable_quantity=1,not_recorded,0,synced,,website_projection_missing;kiosk_projection_not_recorded
1,connected,local-inventory-1b5fbb6f-06b7-4ff9-8284-03c1768075ad,586f43b1-2324-3645-107b-4fdc21bb9b73,Victini,PUG-16D1B850-14,available,1,,not_recorded,LPJK56QP3WBMPO74GOKXN4IP,1,1,not_recorded,visibility=visible;status=available;sellable_quantity=1,not_recorded,0,synced,,website_projection_missing;kiosk_projection_not_recorded
1,connected,local-inventory-fbf1c82e-2818-4af1-932b-ff4b15cd7ee5,4afbdbc3-1308-3c09-8a45-a080ab38c608,Victini,PUG-16D1B850-15,available,1,,not_recorded,HP4HJLXTDEBN7VC2JFGNZZPJ,1,1,not_recorded,visibility=visible;status=available;sellable_quantity=1,not_recorded,0,synced,,website_projection_missing;kiosk_projection_not_recorded
1,connected,local-inventory-8cb19576-265d-41dc-ad99-128298fdfa2a,b7c9d91a-2eb1-bb56-4c57-3cffb37d9037,Victini,PUG-16D1B850-16,available,1,,not_recorded,IDICKIUBN2MNRROBRXQ4LO2A,1,1,not_recorded,visibility=visible;status=available;sellable_quantity=1,not_recorded,0,synced,,website_projection_missing;kiosk_projection_not_recorded
1,connected,local-inventory-293535c9-f93f-4c69-9e16-091610915e9e,6ec34516-5e96-1cf7-ed4a-e136441a2175,Victini,PUG-16D1B850-17,available,1,,not_recorded,GNTIU2L27MQ227LETL3T2X65,1,1,not_recorded,visibility=visible;status=available;sellable_quantity=1,not_recorded,0,synced,,website_projection_missing;kiosk_projection_not_recorded
1,connected,local-inventory-6b38110d-3a40-4f0f-83dc-a40f204656b6,86f3701c-24a8-0768-f029-e47a3b47831e,Victini,PUG-16D1B850-18,available,1,,not_recorded,WLFMTLMIVGTF2XQMCNNNMTXA,1,1,not_recorded,visibility=visible;status=available;sellable_quantity=1,not_recorded,0,synced,,website_projection_missing;kiosk_projection_not_recorded
1,connected,local-inventory-f6cca649-e1a0-4304-a7fa-e2f324f7a440,bccc171f-2a68-fefc-1deb-4d8300e1236b,Victini,PUG-16D1B850-19,available,1,,not_recorded,KTF2WPJSF3GTKCK4DJQOZ6AJ,1,1,not_recorded,visibility=visible;status=available;sellable_quantity=1,not_recorded,0,synced,,website_projection_missing;kiosk_projection_not_recorded
1,connected,local-inventory-c636004f-3833-4a26-8675-7b563c9af20a,2a823e69-2e0c-2e3f-0e29-1fca4e7cbcbe,Victini,PUG-16D1B850-20,available,1,,not_recorded,6UV72FCXHCW5Z72ICJRAFNR4,1,1,not_recorded,visibility=visible;status=available;sellable_quantity=1,not_recorded,0,synced,,website_projection_missing;kiosk_projection_not_recorded
1,connected,local-inventory-b0ebc608-7f12-4f49-9b75-babcfcd5c314,9ebbc1e5-b251-56a8-3acd-b26aa96adea8,Victini,PUG-16D1B850-21,available,1,,not_recorded,ACLFANNZSP4YPYDVM26MU3NX,1,1,not_recorded,visibility=visible;status=available;sellable_quantity=1,not_recorded,0,synced,,website_projection_missing;kiosk_projection_not_recorded
1,connected,local-inventory-744b4948-acfb-40c7-b815-3fcf167cc9d2,8f792f19-e0fb-ca94-a0b0-097adfb49b59,Shield Sphere,PUG-987EAEE0-01,available,1,,not_recorded,AXWTTPEWQ3R73WG4SYM74Q4O,1,1,not_recorded,visibility=visible;status=available;sellable_quantity=1,not_recorded,0,no_sync_record,,website_projection_missing;kiosk_projection_not_recorded
1,connected,local-inventory-bd4805d2-fdc8-4edd-9bed-386f034991b5,c2a9c749-0c21-68b3-30be-a4180cbb5632,Shield Sphere,PUG-987EAEE0-02,available,1,,not_recorded,2VTY3SMBHZN62BHHPUXYMM3I,1,1,not_recorded,visibility=visible;status=available;sellable_quantity=1,not_recorded,0,no_sync_record,,website_projection_missing;kiosk_projection_not_recorded
1,connected,local-inventory-dc57682c-105a-459d-9476-86f1d983c1cf,e0709919-963a-4809-a512-02aea08748fc,Umbreon & Darkrai-GX,PUG-DD9828B5,available,1,,not_recorded,Y57QQHYL3R4LJBER35VN4DEJ,1,1,not_recorded,visibility=visible;status=available;sellable_quantity=1,not_recorded,0,synced,,website_projection_missing;kiosk_projection_not_recorded
1,connected,local-inventory-950ec08c-a2cf-4418-a6df-0f6a6a852f4d,bc9304c0-2ffd-45c6-8d4c-5fd1688630c0,Caltrops,PUG-1B4F43BD,sold,0,,not_recorded,MI5JXFEAFTVLGRKAJIBYP3CN,0,0,not_recorded,visibility=hidden;status=sold;sellable_quantity=0,not_recorded,0,synced,,website_projection_missing;kiosk_projection_not_recorded
1,connected,local-inventory-2ed1a0ba-7a33-4f50-bbc0-7d71177b0547,08deca57-8abb-b3d5-3a27-73ee005870c8,Paradise Mantle,PUG-02845BF4,available,1,,not_recorded,MHRI2FVZDQQWYK6QS5LFHQMT,1,0,not_recorded,visibility=visible;status=available;sellable_quantity=1,not_recorded,0,synced,,website_projection_missing;square_count_mismatch;kiosk_projection_not_recorded
1,connected,local-inventory-d318765c-43bb-4b28-a0b5-f476ed0a2281,1fa3c1ba-f3e8-7583-c021-3c4f0e24280e,Energy Chamber,PUG-E2C4A772,available,1,,not_recorded,WPJM7L27NOXHU3ESY6GEI2TV,1,0,not_recorded,visibility=visible;status=available;sellable_quantity=1,not_recorded,0,no_sync_record,,website_projection_missing;square_count_mismatch;kiosk_projection_not_recorded
1,connected,local-inventory-5341886f-373b-4814-80c4-17867204b6d8,3ee953e2-8448-eac0-4f2e-c887f32e1bc7,Ashnod's Altar,PUG-E649B29F,available,1,,not_recorded,IOIHFCAURWSFIY5HG5L3TVWN,1,1,not_recorded,visibility=visible;status=available;sellable_quantity=1,not_recorded,0,synced,,website_projection_missing;kiosk_projection_not_recorded
1,connected,local-inventory-6173efbb-9da8-493f-994c-0e861272ec1a,8c2fbbe7-5205-f565-9014-170acb82783f,Crawlspace,PUG-6FEB3E79,available,1,,not_recorded,LIHREYWUVHC3MJYQGOIZQOHQ,1,0,not_recorded,visibility=visible;status=available;sellable_quantity=1,not_recorded,0,no_sync_record,,website_projection_missing;square_count_mismatch;kiosk_projection_not_recorded
1,connected,local-inventory-1f8c20ee-abea-45c9-b0c8-a44c0c42591e,ca3f2ce8-bc96-8547-06c3-87e1df18469a,Claws of Gix,PUG-FEF64011-01,available,1,,not_recorded,A2DJFNNHCNDABE335GVQTQ5U,1,1,not_recorded,visibility=visible;status=available;sellable_quantity=1,not_recorded,0,no_sync_record,,website_projection_missing;kiosk_projection_not_recorded
1,connected,local-inventory-cc6d50ca-b8aa-4344-a1ac-a2b5cef3d1a8,39b67159-8b90-36cf-89a0-0eb379aef79d,Claws of Gix,PUG-FEF64011-02,available,1,,not_recorded,YMF2774KZYDIAZET3SXCKKCL,1,1,not_recorded,visibility=visible;status=available;sellable_quantity=1,not_recorded,0,no_sync_record,,website_projection_missing;kiosk_projection_not_recorded
1,connected,local-inventory-156e916b-0a3a-4dd2-8da8-98da0219b18b,c85f0373-8aa1-8ee7-e956-e530f4146133,Claws of Gix,PUG-0719B3C0-01,available,1,,not_recorded,H35LR3VQQSRZIRXAGLI77Y4K,1,1,not_recorded,visibility=visible;status=available;sellable_quantity=1,not_recorded,0,synced,,website_projection_missing;kiosk_projection_not_recorded
1,connected,local-inventory-bcf53e96-565a-4898-acd4-97ccc0ff8a31,c69c7354-818a-79de-9ad1-10a18e4c0a07,Claws of Gix,PUG-0719B3C0-02,available,1,,not_recorded,SCEEGTOQXS6YWVUH2Q6YVIRX,1,1,not_recorded,visibility=visible;status=available;sellable_quantity=1,not_recorded,0,synced,,website_projection_missing;kiosk_projection_not_recorded
1,connected,local-inventory-05dbe4e6-13b1-49ea-b0ac-7c0645ea72a3,da169350-00fd-5b91-05e3-880bca9ef786,Sphere of Resistance,PUG-7F1C2FDD,available,1,,not_recorded,TECUYLCSABEW25ER2RKV3UO7,1,1,not_recorded,visibility=visible;status=available;sellable_quantity=1,not_recorded,0,synced,,website_projection_missing;kiosk_projection_not_recorded
1,connected,local-inventory-6631617c-1b2f-4e45-9603-c980573d5700,4f15bbac-c891-ffd2-31ad-daaa58b27469,Thran Dynamo,PUG-8AA59562-01,available,1,,not_recorded,35AJZNTOGQMVL35JO2YXU6N6,1,1,not_recorded,visibility=visible;status=available;sellable_quantity=1,not_recorded,0,no_sync_record,,website_projection_missing;kiosk_projection_not_recorded
1,connected,local-inventory-8f6ac6db-b7dc-4f41-a917-1fc530fc2691,fe5d4e81-cd14-70f6-d953-210763dd5dfe,Thran Dynamo,PUG-8AA59562-02,sold,0,,not_recorded,JG4IHN6F4EUNANUUQJDZOZL2,0,0,not_recorded,visibility=visible;status=sold;sellable_quantity=0,not_recorded,0,no_sync_record,,website_projection_missing;kiosk_projection_not_recorded
1,connected,local-inventory-50a822ab-1106-472f-b1f4-849848083145,d4c0f527-716c-aec0-438c-d21a98ecc617,Thran Dynamo,PUG-8AA59562-03,available,1,,not_recorded,SSKGDX4KYEFYMWMKKKQQGNT2,1,0,not_recorded,visibility=visible;status=available;sellable_quantity=1,not_recorded,0,no_sync_record,,website_projection_missing;square_count_mismatch;kiosk_projection_not_recorded
1,connected,local-inventory-3d20d27c-e630-404c-a5c8-3d7fb592def8,ba7531c7-5419-ab0d-edc9-a3647049d46f,Urza's Bauble,PUG-3D62214F,available,1,,not_recorded,GSKHL66QHRY7BMIZ4XP7TVSK,1,1,not_recorded,visibility=visible;status=available;sellable_quantity=1,not_recorded,0,no_sync_record,,website_projection_missing;kiosk_projection_not_recorded
1,connected,local-inventory-e7f843b8-8a37-4591-a81b-d355acd78a41,9b9b7c01-6c98-5c56-7d00-adebb57fa5aa,Jokulhaups,PUG-D3F08908,available,1,,not_recorded,5VCCDL6MM6RYQWWMM3TX3RWN,1,1,not_recorded,visibility=visible;status=available;sellable_quantity=1,not_recorded,0,no_sync_record,,website_projection_missing;kiosk_projection_not_recorded
1,connected,local-inventory-c34731e2-9599-4a70-9780-a344622915f0,46ef9a74-b335-b328-ff88-35ddf9ff51f1,Chaosphere,PUG-4DA0CC87,available,1,,not_recorded,6PSB5LY23QPPOI5KJYZ7UMEP,1,1,not_recorded,visibility=visible;status=available;sellable_quantity=1,not_recorded,0,no_sync_record,,website_projection_missing;kiosk_projection_not_recorded
1,connected,local-inventory-5368db04-9b80-4a5c-9eec-5cb2e3486517,45b1ddec-a0a6-ebdb-b8a3-320e6cdeb059,Necromancy,PUG-E3AAB888,available,1,,not_recorded,ZR2IDIN4Q572IQMRFJEOOYOI,1,1,not_recorded,visibility=visible;status=available;sellable_quantity=1,not_recorded,0,synced,,website_projection_missing;kiosk_projection_not_recorded
1,connected,local-inventory-c398c50e-0868-4e67-9e58-f480b8c54fd9,ff4bd82c-3670-334a-0ad8-c656a9a3f5d5,Doomsday,PUG-8C5008B7-01,available,1,,not_recorded,E6LRUIBML5U5KVDFLI2PIXLS,1,1,not_recorded,visibility=visible;status=available;sellable_quantity=1,not_recorded,0,no_sync_record,,website_projection_missing;kiosk_projection_not_recorded
1,connected,local-inventory-9c2d9697-be03-4d19-a552-cf504dc85064,80203807-8ff1-aafc-eed2-e3531d0da0d5,Doomsday,PUG-8C5008B7-02,available,1,,not_recorded,VNUNGDDMWRL37PLEPV6MLABN,1,1,not_recorded,visibility=visible;status=available;sellable_quantity=1,not_recorded,0,no_sync_record,,website_projection_missing;kiosk_projection_not_recorded
1,connected,local-inventory-40b5a296-efa5-465c-bb22-68d0c8924464,80fc60dc-3a75-47bf-d51f-bf9662a50cfa,Ritual of the Machine,PUG-49B1501F,available,1,,not_recorded,MTCOQY4XQGXTUPFDKBHRLQGZ,1,1,not_recorded,visibility=visible;status=available;sellable_quantity=1,not_recorded,0,synced,,website_projection_missing;kiosk_projection_not_recorded
1,connected,local-inventory-2da85e79-b5c8-40c4-96c2-8d4505c7637b,ea312a85-5678-d3fb-316e-9857498b0ab9,No Mercy,PUG-048CAF4A,available,1,,not_recorded,PGXP4BONQUNFZTTVPZFYRNIK,1,1,not_recorded,visibility=visible;status=available;sellable_quantity=1,not_recorded,0,no_sync_record,,website_projection_missing;kiosk_projection_not_recorded
1,connected,local-inventory-a3d2e59a-a5cb-40e3-a430-5dcc8135a37d,f7b13285-7233-c9a5-1b81-3ea8c63a5b93,Goblin Bombardment,PUG-BE090D92,available,1,,not_recorded,OH5K53S76FZ24GGUQKK3TNF7,1,1,not_recorded,visibility=visible;status=available;sellable_quantity=1,not_recorded,0,no_sync_record,,website_projection_missing;kiosk_projection_not_recorded
1,connected,local-inventory-0be4c16c-b841-4945-be29-06d896b92fc7,a9948631-68a4-c293-ac36-e414cb9acdf9,Intruder Alarm,PUG-50DF7DE2,available,1,,not_recorded,J3O7ZA3GRFYHHEG56N4XJH3I,1,0,not_recorded,visibility=visible;status=available;sellable_quantity=1,not_recorded,0,synced,,website_projection_missing;square_count_mismatch;kiosk_projection_not_recorded
1,connected,local-inventory-f522b438-d267-40a0-978a-0b85db055153,3dc86218-d185-624b-19c8-c85f0a1f2bb9,Verdant Force,PUG-A1758E98,available,1,,not_recorded,4VJAXGYYVEVWAAEKIZAL4QSU,1,1,not_recorded,visibility=visible;status=available;sellable_quantity=1,not_recorded,0,synced,,website_projection_missing;kiosk_projection_not_recorded
1,connected,local-inventory-28b24c3c-dc9a-42e8-8255-310021da2e74,c365ec28-f812-7642-4152-6a2d5a6b009b,Crystalline Sliver,PUG-AF47006B,available,1,,not_recorded,BFLIPWLVWQMJXXWXHYQ35IB2,1,0,not_recorded,visibility=visible;status=available;sellable_quantity=1,not_recorded,0,no_sync_record,,website_projection_missing;square_count_mismatch;kiosk_projection_not_recorded
1,connected,local-inventory-07c1c962-d94c-4eb3-b487-8f1c755abd3f,ad7a0d11-4734-5164-d6c0-869eecab2623,Snorlax,PUG-215F9579,available,1,,not_recorded,GP4VQ45D42IMVQLG5RJ3AV2X,1,1,not_recorded,visibility=visible;status=available;sellable_quantity=1,not_recorded,0,synced,,website_projection_missing;kiosk_projection_not_recorded
1,connected,local-inventory-fcd0a023-050d-4e50-a2b1-5a5196aed904,2dd773b5-c848-b3b8-ed19-c15f0f4fea03,Temple of Triumph,PUG-1C1D694B,available,1,,not_recorded,ZHQBPINIOCSKEWLOZNX5Q65C,1,1,not_recorded,visibility=visible;status=available;sellable_quantity=1,not_recorded,0,no_sync_record,,website_projection_missing;kiosk_projection_not_recorded
1,connected,local-inventory-01c52396-94c8-4713-8b39-eee0e054906a,10a0c26a-155b-cf7d-ef78-02712caa084a,Froakie,PUG-61FC5545,sold,0,,not_recorded,JA65EO5ODJQTUNHH4L44XYHP,0,0,not_recorded,visibility=visible;status=sold;sellable_quantity=0,not_recorded,0,no_sync_record,,website_projection_missing;kiosk_projection_not_recorded
1,connected,local-inventory-1c4c42e4-5255-418b-8459-1ef7ff9f1172,7ed9014d-7333-7668-fbc0-576b5d9ec66d,Clefairy,PUG-DB1F0AAB,sold,0,,not_recorded,RVZR2S4EQEUPE3H7A724EOKI,0,0,not_recorded,visibility=visible;status=sold;sellable_quantity=0,not_recorded,0,no_sync_record,,website_projection_missing;kiosk_projection_not_recorded
1,connected,local-inventory-2afc30b3-ce40-4436-b74f-e27e475cef2f,063cdb2d-aa81-8f81-b074-739c6be0a036,Scrafty,PUG-13DEED02,sold,0,,not_recorded,ZHKJPBZ5DHGNYVBUWSRUVGIV,0,0,not_recorded,visibility=visible;status=sold;sellable_quantity=0,not_recorded,0,no_sync_record,,website_projection_missing;kiosk_projection_not_recorded
1,connected,local-inventory-06dedf38-f083-4492-ab2d-788c351c2895,7560419c-162f-6268-5c50-8157653be105,Budew,PUG-DCBA52DF,removed,0,,not_recorded,6DSECFCRUKFSK5ZIEIIPAHLU,0,0,not_recorded,visibility=hidden;status=removed;sellable_quantity=0,not_recorded,0,synced,,website_projection_missing;kiosk_projection_not_recorded
1,connected,local-inventory-c0c4c8c7-e4ff-4991-91e4-58856bdc66b7,af061243-4a4c-47f6-f576-9f4afe19d92c,N's Reshiram,PUG-E51FDB04,available,1,,not_recorded,BN7KMAAY7HAN5YOGYDJ7FNZQ,1,1,not_recorded,visibility=visible;status=available;sellable_quantity=1,not_recorded,0,synced,,website_projection_missing;kiosk_projection_not_recorded
1,connected,local-inventory-dcd11c24-d43e-4104-b4f6-9fa2e16f0867,a91f695b-4cce-f259-43bf-d89cba9c9105,N's Reshiram,PUG-16420C98,removed,0,,not_recorded,EJKKELX5C5P6Z3RJWF6PRLKQ,0,0,not_recorded,visibility=hidden;status=removed;sellable_quantity=0,not_recorded,0,synced,,website_projection_missing;kiosk_projection_not_recorded
1,connected,local-inventory-c4a66e48-bd0f-400d-8990-9c885ccff3a8,202279e9-b559-a12e-1596-1b4072c0281a,Mega Froslass ex,PUG-D155ECCE,available,2,,not_recorded,CC72MVKUBHJWEDKTWXVKFE2Y,2,2,not_recorded,visibility=visible;status=available;sellable_quantity=2,not_recorded,0,synced,,website_projection_missing;kiosk_projection_not_recorded
1,connected,local-inventory-d4a37dd2-a860-4c84-acc5-246eed0e6cfa,75a1f27e-c320-bd89-4e9a-98c33cae2245,Lillie's Clefairy ex,PUG-343BE58A,available,1,status=available;quantity=1;online=visible;kiosk=visible,not_recorded,KXD5JZRD5CNGDIBAWNVIGQC3,1,1,not_recorded,visibility=visible;status=available;sellable_quantity=1,not_recorded,0,synced,,kiosk_projection_not_recorded
1,connected,local-inventory-bccaea36-f4b6-4673-a60e-190f218e11b8,ac234b95-eac1-4fa9-d15c-2aae171f3abc,Constant Mists,PUG-A9AC599B,available,1,,not_recorded,RYBKQ44DH2WVTH3QNTBA5PGB,1,1,not_recorded,visibility=visible;status=available;sellable_quantity=1,not_recorded,0,synced,,website_projection_missing;kiosk_projection_not_recorded
1,connected,local-inventory-6b691715-c546-40f5-a0ee-97270925d4d1,5ceeccd8-7018-7cb5-930e-f97e0a232410,Rain of Filth,PUG-ED32082A-01,available,1,,not_recorded,HYZ6TLZGRYZBAPNYHUAA2C7N,1,1,not_recorded,visibility=visible;status=available;sellable_quantity=1,not_recorded,0,synced,,website_projection_missing;kiosk_projection_not_recorded
1,connected,local-inventory-46bfd9bd-f3d5-4c5c-b81d-fbc16c0e8569,ab236ae9-448b-68ac-bd94-7abbd88c122a,Rain of Filth,PUG-ED32082A-02,available,1,,not_recorded,NFYW2BUB7U7XF25YZ5CXNK4M,1,1,not_recorded,visibility=visible;status=available;sellable_quantity=1,not_recorded,0,synced,,website_projection_missing;kiosk_projection_not_recorded
1,connected,local-inventory-b8f4519c-2459-4586-a4e3-02fe51b6be72,db38ed08-d02b-b7b8-f05a-897ca7e94099,Rain of Filth,PUG-BC7E4DD6,available,1,,not_recorded,QZW5WREBVNLGFHZBYWDXFK7R,1,1,not_recorded,visibility=visible;status=available;sellable_quantity=1,not_recorded,0,synced,,website_projection_missing;kiosk_projection_not_recorded
1,connected,local-inventory-6f1a0862-54e7-4470-8ae2-4046756c0644,e6c80e58-bc71-f5ef-303d-e601e531eccd,Carpet of Flowers,PUG-BEE0BECC-01,available,1,,not_recorded,7SKJ4OI3X7T2KNTSR3NV2XEX,1,1,not_recorded,visibility=visible;status=available;sellable_quantity=1,not_recorded,0,no_sync_record,,website_projection_missing;kiosk_projection_not_recorded
1,connected,local-inventory-511fff83-30cf-46dd-8fa3-3d81ee1f1df3,ed8968d5-1b3e-25fa-0415-d8d79cfe26a7,Carpet of Flowers,PUG-BEE0BECC-02,available,1,,not_recorded,JPSTSZB6HJFVAKIVBHOHMMKH,1,1,not_recorded,visibility=visible;status=available;sellable_quantity=1,not_recorded,0,no_sync_record,,website_projection_missing;kiosk_projection_not_recorded
1,connected,local-inventory-5dbe1a00-2229-471a-b790-fd96e4098601,f44d2746-9e3c-0a73-ed4a-cd97f2516e63,Carpet of Flowers,PUG-EA3C6637-01,available,1,,not_recorded,7X24OW7RRVCGTAIHJJJZGOY3,1,1,not_recorded,visibility=visible;status=available;sellable_quantity=1,not_recorded,0,synced,,website_projection_missing;kiosk_projection_not_recorded
1,connected,local-inventory-ad9d9e8e-a416-43b1-9e0a-e237c3155572,fc438bcd-f094-dd6b-9dc6-6814f714e53e,Carpet of Flowers,PUG-EA3C6637-02,available,1,status=available;quantity=1;online=visible;kiosk=visible,not_recorded,WKOS3AOJPDNZUBHIGAWPNDIQ,1,1,not_recorded,visibility=visible;status=available;sellable_quantity=1,not_recorded,0,synced,,kiosk_projection_not_recorded
1,connected,local-inventory-4bf186f6-d72c-4998-9f97-8f1d3c337271,275bc7e5-4966-d496-3a1f-cc4f016d642e,Carpet of Flowers,PUG-EA3C6637-03,available,1,,not_recorded,ZP3ZWJORL5LVUAOZ2JPEIZTV,1,1,not_recorded,visibility=visible;status=available;sellable_quantity=1,not_recorded,0,synced,,website_projection_missing;kiosk_projection_not_recorded
1,connected,local-inventory-845065c5-33e6-41c6-830b-53203fa6c7b3,3e7caa1f-df9c-c3b1-8894-556e47d670b6,Crop Rotation,PUG-1492CCFE-01,available,1,,not_recorded,ZAEMBB6U6TOX26H7PXEKQQB2,1,1,not_recorded,visibility=visible;status=available;sellable_quantity=1,not_recorded,0,synced,,website_projection_missing;kiosk_projection_not_recorded
1,connected,local-inventory-0b2198e9-c141-4090-8863-8bcf42a1d6e3,ee411683-520f-3f53-7fbc-d3f7b0743959,Crop Rotation,PUG-1492CCFE-02,available,1,,not_recorded,4U2SFV2LLMNRZQ6VDSGSEBY7,1,1,not_recorded,visibility=visible;status=available;sellable_quantity=1,not_recorded,0,synced,,website_projection_missing;kiosk_projection_not_recorded
1,connected,local-inventory-7d0b95d9-177d-48a8-8f84-f13b24b13e12,608e2835-993a-87df-595c-23e37e94c943,Crop Rotation,PUG-1492CCFE-03,available,1,,not_recorded,MYG2QVEXEKXV2QS4QODRHUCK,1,1,not_recorded,visibility=visible;status=available;sellable_quantity=1,not_recorded,0,synced,,website_projection_missing;kiosk_projection_not_recorded
1,connected,local-inventory-3811a759-0181-4eef-8529-616660bba2f4,a55c0d7e-ee7c-b073-7bdc-511a82bcecc0,Crop Rotation,PUG-1492CCFE-04,available,1,,not_recorded,GBAXAXXDA33EI7UKMJ4VUKCP,1,1,not_recorded,visibility=visible;status=available;sellable_quantity=1,not_recorded,0,synced,,website_projection_missing;kiosk_projection_not_recorded
1,connected,local-inventory-35340610-4a01-46b3-9426-e45aed02a474,2d97ba33-6889-c714-c738-3f346d0925b0,Crop Rotation,PUG-1492CCFE-05,available,1,,not_recorded,SUY77V3OGYD266LBFTKFCJMC,1,1,not_recorded,visibility=visible;status=available;sellable_quantity=1,not_recorded,0,synced,,website_projection_missing;kiosk_projection_not_recorded
1,connected,local-inventory-c14e2f58-15ff-436e-a473-a2142f7f4e52,96b86cb3-a40b-1fec-0b99-be497e8ed552,Crop Rotation,PUG-1492CCFE-06,available,1,,not_recorded,3SXDCMG6KGA6SGRBX6GMFD73,1,0,not_recorded,visibility=visible;status=available;sellable_quantity=1,not_recorded,0,synced,,website_projection_missing;square_count_mismatch;kiosk_projection_not_recorded
1,connected,local-inventory-7e156699-3c5c-4adf-9aea-1150b234dec3,6a104487-0b8f-97f4-f27c-a88b1ce2a0be,Crop Rotation,PUG-1492CCFE-07,available,1,,not_recorded,CDMFENRTEJBNBKVQY6VILZR4,1,1,not_recorded,visibility=visible;status=available;sellable_quantity=1,not_recorded,0,synced,,website_projection_missing;kiosk_projection_not_recorded
1,connected,local-inventory-b157fd87-be5e-4058-a044-e5e4a8dc7f3d,988cbf3a-8a6b-fb1a-c6bf-69eec41bf457,Crop Rotation,PUG-1492CCFE-08,available,1,,not_recorded,SJYBUKT6JYU4P7W6KWBCSFI5,1,1,not_recorded,visibility=visible;status=available;sellable_quantity=1,not_recorded,0,synced,,website_projection_missing;kiosk_projection_not_recorded
1,connected,local-inventory-957a23c6-8440-488f-a5d3-1684ede90050,fbebf0a7-4979-6292-0a9d-38bc17f5195a,Sage's Training,PUG-D28E6476,available,1,,not_recorded,PJZRNASUXOETXNEXACPN3JDA,1,1,not_recorded,visibility=visible;status=available;sellable_quantity=1,not_recorded,0,synced,,website_projection_missing;kiosk_projection_not_recorded
1,connected,local-inventory-10d8d5fa-3e4e-4909-8896-3abda7504bbb,1699e84d-2cac-82da-fcb4-aa2a024bbf72,M Ampharos-EX,PUG-7434A847,removed,1,,not_recorded,SO4C2QXHZNCNNDBV3FPWOEWO,0,0,not_recorded,visibility=hidden;status=removed;sellable_quantity=0,not_recorded,0,synced,,website_projection_missing;kiosk_projection_not_recorded
1,connected,local-inventory-cf553e02-208e-461c-b6dc-33b61b40f615,fbc7aa35-7c2f-fce3-5758-a1f18baddc22,Beldum,PUG-0FEF1491,available,1,,not_recorded,4XD6NYLFRED7AZVQQ4EPVFOB,1,1,not_recorded,visibility=visible;status=available;sellable_quantity=1,not_recorded,0,synced,,website_projection_missing;kiosk_projection_not_recorded
1,connected,local-inventory-5a4f2977-d41b-4af1-b8a6-edd9c0e6fd4b,2f23e3fc-e5ee-9862-795d-f83b33665fd4,Dark Slowbro,PUG-47114F81,removed,1,,not_recorded,MJCQMEUKFTI6JDIFYHULOUVX,0,0,not_recorded,visibility=hidden;status=removed;sellable_quantity=0,not_recorded,0,synced,,website_projection_missing;kiosk_projection_not_recorded
1,connected,local-inventory-fd92f62f-1789-499a-bfe3-5604b0f432ab,d0742be3-e020-9228-e0c7-8a2f041d8ef0,Stinkweed Imp,PUG-32EF49DF,available,1,,not_recorded,4WKJHOIDZDY7MPJSEMAOE44S,1,1,not_recorded,visibility=visible;status=available;sellable_quantity=1,not_recorded,0,no_sync_record,,website_projection_missing;kiosk_projection_not_recorded
1,connected,local-inventory-37712583-3f3e-46d5-8c3c-cb62b34fca65,1c2f545d-1857-6b43-51bd-57042ad899b3,Curse of Misfortunes,PUG-8CC423DF,available,1,,not_recorded,7K4UUEJPCT6EFBVAPXR6HZAS,1,1,not_recorded,visibility=visible;status=available;sellable_quantity=1,not_recorded,0,no_sync_record,,website_projection_missing;kiosk_projection_not_recorded
1,connected,local-inventory-087472aa-cbc7-40f3-ab29-90f832217ee8,bff3bb06-b204-3b06-5c3c-b4dfdab40e67,Bridge from Below,PUG-FA8C73BE,available,2,,not_recorded,63DXMHCT6ECW5DWI4XQN6YNK,2,2,not_recorded,visibility=visible;status=available;sellable_quantity=2,not_recorded,0,synced,,website_projection_missing;kiosk_projection_not_recorded
1,connected,local-inventory-b6d73a39-eca4-4829-956f-0a978cf69fed,c1b1744b-8cdc-e27a-8ef6-40fb9f3af5c8,Demon of Dark Schemes,PUG-F7A9E0E8,available,2,,not_recorded,EO3X57XMEA2JJI3VL6JYBUBJ,2,2,not_recorded,visibility=visible;status=available;sellable_quantity=2,not_recorded,0,synced,,website_projection_missing;kiosk_projection_not_recorded
1,connected,local-inventory-422bbb4c-5c67-4664-ab13-6c1bb317ce80,f4d0bc33-2a7b-01c6-6049-6ca91f11b4a3,Dread Return,PUG-7CA624FF,available,1,,not_recorded,OQEAKXEYZ2ZPXRZRKPGJGZRN,1,1,not_recorded,visibility=visible;status=available;sellable_quantity=1,not_recorded,0,no_sync_record,,website_projection_missing;kiosk_projection_not_recorded
1,connected,local-inventory-d3055484-a7a0-4bcc-b583-f415c652e744,ee91038f-f7d8-8323-d053-de7769660c89,Dregs of Sorrow,PUG-4E0376B7,available,1,,not_recorded,CVS43BSECLMPZTVNKBVTNMMM,1,1,not_recorded,visibility=visible;status=available;sellable_quantity=1,not_recorded,0,no_sync_record,,website_projection_missing;kiosk_projection_not_recorded
1,connected,local-inventory-0ee86498-a9d0-4b44-9e6a-43807f5eff9e,d285b11f-5132-b11c-dc22-a9953934b5a3,Rune-Scarred Demon,PUG-C6CD0648,available,1,,not_recorded,TERPUV2FKSHVK6NZJQSWRRVN,1,1,not_recorded,visibility=visible;status=available;sellable_quantity=1,not_recorded,0,synced,,website_projection_missing;kiosk_projection_not_recorded
1,connected,local-inventory-d8cec823-9cc8-4c45-a6d2-814da313862b,aeb6a479-8e0e-c6f4-ee00-9dea3b15ac9b,Cosmic Eclipse Booster Pack,PUG-127754CA-01,removed,1,,not_recorded,RYF6G7M5VW2BG44UHN3JFCON,0,0,not_recorded,visibility=hidden;status=removed;sellable_quantity=0,not_recorded,0,synced,,website_projection_missing;kiosk_projection_not_recorded
1,connected,local-inventory-fc2c90d8-db5f-47ba-bcf3-f18d5e8a16eb,bb50750e-20e4-db9a-7295-7e0b4d68bd98,Cosmic Eclipse Booster Pack,PUG-127754CA-02,removed,1,,not_recorded,LOYNA47TUZMWEDH7XWJIXTUF,0,0,not_recorded,visibility=hidden;status=removed;sellable_quantity=0,not_recorded,0,synced,,website_projection_missing;kiosk_projection_not_recorded
1,connected,local-inventory-09afe68c-efeb-493d-b68c-52cb2927331a,1e27e060-cc4e-2a22-7987-2de7038088dd,Strong Bonds Tin [Gardevoir],PUG-A2025DD4,available,0,,not_recorded,55AQUC4SXDK43BWFIKEX6PZ7,0,0,not_recorded,visibility=visible;status=available;sellable_quantity=0,not_recorded,0,synced,,website_projection_missing;kiosk_projection_not_recorded
1,connected,local-inventory-2574195c-bb1a-420e-966a-8e74d1475d46,ad16acf4-83e5-0085-9e59-d6812a49c3c5,Strong Bonds Tin [Blissey],PUG-CB930A17,available,0,,not_recorded,ICXGCLAJCR5FSFF35VXGDPTK,0,0,not_recorded,visibility=visible;status=available;sellable_quantity=0,not_recorded,0,synced,,website_projection_missing;kiosk_projection_not_recorded
1,connected,local-inventory-b20b8b63-bda4-4a58-b885-f444408df377,a3eb5340-c35f-d577-50e0-48dc75949ac7,Summer 2023 Collector's Chest Tin,PUG-61F82F61,available,0,,not_recorded,MJDY3BTQUULLUUDZZ66UEOQU,0,0,not_recorded,visibility=visible;status=available;sellable_quantity=0,not_recorded,0,synced,,website_projection_missing;kiosk_projection_not_recorded
1,connected,local-inventory-118ae022-5832-4e8b-8369-72b58c1fdcac,91c810e9-862f-2f08-eafc-1e0ab613141b,Fall 2022 Collector Chest,PUG-6E9D8650,removed,1,,not_recorded,NS6O5NUNGWYGG7NZZIIH6DGI,0,0,not_recorded,visibility=hidden;status=removed;sellable_quantity=0,not_recorded,0,synced,,website_projection_missing;kiosk_projection_not_recorded
1,connected,local-inventory-4aaedb75-fc4b-4f4f-898d-c59888fc072b,0985b86f-f514-c515-3d5b-c4bbbb688782,Fall 2025 Collector Chest,PUG-27EA79F8,available,0,,not_recorded,NZFIOQV5E3MD5RGVCGI7L7H7,0,0,not_recorded,visibility=visible;status=available;sellable_quantity=0,not_recorded,0,synced,,website_projection_missing;kiosk_projection_not_recorded
1,connected,local-inventory-bb4fda9f-280c-4519-bbf4-6a65b8e10541,3eb405bd-f8e8-97a9-335a-a00fd9f84544,Fall 2023 Collector Chest,PUG-E913C6ED,removed,1,,not_recorded,4IOAGOGF6KDADCTLPTXY47GK,0,0,not_recorded,visibility=hidden;status=removed;sellable_quantity=0,not_recorded,0,synced,,website_projection_missing;kiosk_projection_not_recorded
1,connected,local-inventory-c3dc60d8-cde9-439d-b982-019639274abe,14064334-382d-baeb-cbaf-a4284eaca570,Prismatic Evolutions Booster Bundle,PUG-703B0881,available,0,,not_recorded,CHCTZQRNQVWS54B62NMEKVJJ,0,0,not_recorded,visibility=visible;status=available;sellable_quantity=0,not_recorded,0,synced,,website_projection_missing;kiosk_projection_not_recorded
1,connected,local-inventory-d9a2cbb5-45c0-40a8-bf7f-51a039953bb3,3ef95a1c-b0bb-c44f-0fa7-6a4c8476e00f,Paldean Fates Booster Bundle,PUG-A61FDD69,available,0,,not_recorded,GDQQFBMHVE64ABSVTTVGCOOP,0,0,not_recorded,visibility=visible;status=available;sellable_quantity=0,not_recorded,0,synced,,website_projection_missing;kiosk_projection_not_recorded
1,connected,local-inventory-835c7259-eb3b-4068-9f1b-f27d549a1117,a5a5193e-788a-e71b-a52b-f5f5f268bf15,Chaos Rising Booster Bundle,PUG-C98D5335,available,0,,not_recorded,2XFQJ5SKH5URU5AUKC2MLBGN,0,0,not_recorded,visibility=visible;status=available;sellable_quantity=0,not_recorded,0,synced,,website_projection_missing;kiosk_projection_not_recorded
1,connected,local-inventory-654eb6f4-0b53-4cf1-b906-6fcef5c0bc2c,7e968e59-3ca9-3016-3d6d-30b564b7fda2,151 Booster Bundle,PUG-C04519AB,available,0,,not_recorded,BPH2TN454ETYXA4J3YYW43RZ,0,0,not_recorded,visibility=visible;status=available;sellable_quantity=0,not_recorded,0,synced,,website_projection_missing;kiosk_projection_not_recorded
1,connected,local-inventory-0e7fa5b4-0473-41d1-8106-aeaf6019c720,51df1e04-5a9d-f19c-9539-fb8668cd9bfa,Ascended Heroes Booster Bundle,PUG-88DDB4E5,available,0,,not_recorded,CYMWBA6ERUDIP5QF45A2TNL2,0,0,not_recorded,visibility=visible;status=available;sellable_quantity=0,not_recorded,0,synced,,website_projection_missing;kiosk_projection_not_recorded
1,connected,local-inventory-2bf94516-706a-43d2-a869-5b96714fcdd3,67870d97-d7cd-9652-90a3-b5e674c6ac44,Ascended Heroes Elite Trainer Box,PUG-5C830A6F,removed,1,,not_recorded,VAPGECERMIZ7L4HV5J4M6MEW,0,0,not_recorded,visibility=hidden;status=removed;sellable_quantity=0,not_recorded,0,synced,,website_projection_missing;kiosk_projection_not_recorded
1,connected,local-inventory-564fcdbc-654e-4ab9-b01c-28578c88fde2,b6531fe6-c1c4-037c-9e3c-b89fd92f3d34,Professor Juniper Premium Tournament Collection Box,PUG-24C4BEE6,available,0,,not_recorded,VPETXBOVLUBTNLGENYSB3H6J,0,0,not_recorded,visibility=visible;status=available;sellable_quantity=0,not_recorded,0,synced,,website_projection_missing;kiosk_projection_not_recorded
1,connected,local-inventory-4ef54cea-c0ec-484c-b6b3-292c0530065f,a471b9ae-6845-7b03-3ae7-9112ad815f6d,Klara Premium Tournament Collection Box,PUG-029E3D71,available,0,,not_recorded,WTVX7U7PEE7AZTNOUIRDTOJA,0,0,not_recorded,visibility=visible;status=available;sellable_quantity=0,not_recorded,0,synced,,website_projection_missing;kiosk_projection_not_recorded
1,connected,local-inventory-250dc697-47df-4f9c-adfb-e98026445792,0b9381bb-332d-6799-0732-65eb01e45376,Blooming Waters Premium Collection,PUG-8AA8C6AE,available,0,,not_recorded,NQWXPUI2EU3CFXKXS7BL3AXE,0,0,not_recorded,visibility=visible;status=available;sellable_quantity=0,not_recorded,0,synced,,website_projection_missing;kiosk_projection_not_recorded
1,connected,local-inventory-77ae86d5-9fa1-4202-902a-80064a00111a,d488edb7-b333-3744-3a28-4090bf615f3f,Prismatic Evolutions Premium Figure Collection,PUG-8EF9211E,available,0,,not_recorded,VJCWQDJ4LFO3ZPL4RRGBRDC5,0,0,not_recorded,visibility=visible;status=available;sellable_quantity=0,not_recorded,0,synced,,website_projection_missing;kiosk_projection_not_recorded
1,connected,local-inventory-3fc45f51-da6a-4067-8b9a-8c699a0d65b6,220e0814-136f-0608-4e6d-9a2b2a078eef,Mega Lucario ex Premium Figure Collection,PUG-9D74DDA3,available,0,,not_recorded,EN7EAFUUCLUW23T7MBTOFECG,0,0,not_recorded,visibility=visible;status=available;sellable_quantity=0,not_recorded,0,synced,,website_projection_missing;kiosk_projection_not_recorded
1,connected,local-inventory-a6ca0fd7-ad83-4cf7-8934-33977dc585bf,84a0d185-b0d9-30a4-590a-c1352784cea5,Mega Venusaur ex Premium Collection,PUG-11F5DE92,available,0,,not_recorded,HUIVNTP45Z2FFJ6OQUGIEWTW,0,0,not_recorded,visibility=visible;status=available;sellable_quantity=0,not_recorded,0,synced,,website_projection_missing;kiosk_projection_not_recorded
1,connected,local-inventory-e726b994-5137-4864-b7dc-bdb308efc8f2,28ac2b05-dadb-c6cc-0820-8d5955f887ec,Paldean Fates Premium Collection [Quaquaval ex],PUG-C6FDF0A1,available,0,,not_recorded,PPWN66QOV2NG3T644EROLM53,0,0,not_recorded,visibility=visible;status=available;sellable_quantity=0,not_recorded,0,synced,,website_projection_missing;kiosk_projection_not_recorded
1,connected,local-inventory-11d5bb13-138b-46c9-8fdb-3497217c9435,ff6d1dd9-6650-3ca0-4d8a-713701b43250,Paldean Fates Premium Collection [Skeledirge ex],PUG-61051C9C,available,0,,not_recorded,HB7N77NLS5OJLGP4XAUSTOGF,0,0,not_recorded,visibility=visible;status=available;sellable_quantity=0,not_recorded,0,synced,,website_projection_missing;kiosk_projection_not_recorded
1,connected,local-inventory-c642b9c9-fa4c-4516-9673-ef7e6a3e5edf,2ef91451-14e6-694c-5b89-8028fbe7ea39,Brutal Hordechief,PUG-FB13315C,available,1,,not_recorded,DWWHNKICPX5Z5TTB3EQAHRLZ,1,1,not_recorded,visibility=visible;status=available;sellable_quantity=1,not_recorded,0,no_sync_record,,website_projection_missing;kiosk_projection_not_recorded
1,connected,local-inventory-91fc4b0c-7428-4c55-87be-5793e44034f5,8837e329-0676-826d-6631-cd8b600729cd,Paldean Fates Premium Collection [Meowscarada ex],PUG-2561F163,available,0,,not_recorded,H6W3RVG366EHUPKB26MSRUKS,0,0,not_recorded,visibility=visible;status=available;sellable_quantity=0,not_recorded,0,synced,,website_projection_missing;kiosk_projection_not_recorded
1,connected,local-inventory-0bf74e7c-4f91-4f53-821c-cb5f954d5f42,5b0faec3-bcc4-99f5-9c89-5ebbc8cc6301,Celebrations Collection [Lance's Charizard V],PUG-9C957347,removed,1,,not_recorded,FG4GKMLLE6SXE2ZBWMY2SF6H,0,0,not_recorded,visibility=hidden;status=removed;sellable_quantity=0,not_recorded,0,synced,,website_projection_missing;kiosk_projection_not_recorded
1,connected,local-inventory-67b45714-c836-4bf2-b1ac-c3236449d7d4,3583dfbe-7adc-a694-770f-87d72c22b887,Celebrations Collection [Dark Sylveon V],PUG-C92C5832,removed,1,,not_recorded,TRXHKYLTPTIQJHYYY62N46CF,0,0,not_recorded,visibility=hidden;status=removed;sellable_quantity=0,not_recorded,0,synced,,website_projection_missing;kiosk_projection_not_recorded
1,connected,local-inventory-d56b2649-04a9-475e-80b0-3059528efdd4,ed33af04-4cdd-d690-1221-b1c2385b9b85,Prismatic Evolutions Poster Collection,PUG-E72FF8B2,available,0,,not_recorded,CCBYHQ46OEHCG3XXCUH77Q5S,0,0,not_recorded,visibility=visible;status=available;sellable_quantity=0,not_recorded,0,synced,,website_projection_missing;kiosk_projection_not_recorded
1,connected,local-inventory-efd436b9-9b69-4b8b-8dae-5deb2071965e,ac133954-5472-3602-d85e-a7690fb1c1aa,151: Zapdos ex Collection,PUG-CF89B238,available,0,,not_recorded,H4XECQPLZNBT74BTQ26GMABM,0,0,not_recorded,visibility=visible;status=available;sellable_quantity=0,not_recorded,0,synced,,website_projection_missing;kiosk_projection_not_recorded
1,connected,local-inventory-062fcf5a-0c6f-4a08-9738-049273073baa,ead24e38-621e-08d1-5b0a-1a927419d276,Prismatic Evolutions Accessory Pouch Special Collection,PUG-FE809769,available,0,,not_recorded,K2WPZF2NDEIPKFG2UQ3OFCEZ,0,0,not_recorded,visibility=visible;status=available;sellable_quantity=0,not_recorded,0,synced,,website_projection_missing;kiosk_projection_not_recorded
1,connected,local-inventory-c7962fc5-d91a-47fb-8b99-8fa80177f18a,647ef206-033a-444a-6b70-6e036dba64b5,Prismatic Evolutions Binder Collection,PUG-E74BFE38,available,0,,not_recorded,LYI36C7G3XS5A3PHPIEWHDQB,0,0,not_recorded,visibility=visible;status=available;sellable_quantity=0,not_recorded,0,synced,,website_projection_missing;kiosk_projection_not_recorded
1,connected,local-inventory-ec3dcc73-16fa-43f8-a8bf-8ba1a0aaec17,41cc2fc7-4539-bb67-7318-51e6d893fc62,Charizard ex Super-Premium Collection,PUG-311403F8,removed,1,,not_recorded,IFQ2FSZT3JZXHUSJCLORCFCD,0,0,not_recorded,visibility=hidden;status=removed;sellable_quantity=0,not_recorded,0,synced,,website_projection_missing;kiosk_projection_not_recorded
1,connected,local-inventory-a8fca78b-45cb-485b-81e8-22f805f7f6b7,a3d2adbf-4559-fe6b-370c-f446785faf0e,Mighty Mysterious Tin [Darkrai],PUG-CAAA1CAF,available,0,,not_recorded,575AIXRF5GB4CDMCGBYC7RI2,0,0,not_recorded,visibility=visible;status=available;sellable_quantity=0,not_recorded,0,synced,,website_projection_missing;kiosk_projection_not_recorded
1,connected,local-inventory-b490e398-0dde-4b7a-a2fd-a49d6f0c6a2a,c587b41a-2a36-25d0-54c4-fa617ddfa1b4,Mighty Mysterious Tin [Snorlax],PUG-E0726350,available,0,,not_recorded,Y4X2IEDOZ34HIAZBANCWSFSX,0,0,not_recorded,visibility=visible;status=available;sellable_quantity=0,not_recorded,0,synced,,website_projection_missing;kiosk_projection_not_recorded
1,connected,local-inventory-527c50ac-4eb7-49c3-aa90-dfaa341374e9,41f4a022-09d5-7b86-b381-f5026d519241,Mighty Mysterious Tin [Mimikyu],PUG-887F9EA2,available,0,,not_recorded,ET5PGKY3WBVGTHQPKDNHLZNA,0,0,not_recorded,visibility=visible;status=available;sellable_quantity=0,not_recorded,0,synced,,website_projection_missing;kiosk_projection_not_recorded
1,connected,local-inventory-d01068cd-2743-4f2e-a09e-1db05afda4a4,8ae1a51e-1747-1e03-5fb3-04ace9ebdadf,Iono Premium Tournament Collection Box,PUG-66F676A7,available,0,,not_recorded,GGWCHDL7OZDE6PP74SSG7QIB,0,0,not_recorded,visibility=visible;status=available;sellable_quantity=0,not_recorded,0,synced,,website_projection_missing;kiosk_projection_not_recorded
1,connected,local-inventory-ae2980e4-965b-47a0-a597-d1061f500de6,3d5ab4b7-1e20-7d89-5e3b-d1e46187f914,Blood Funnel,PUG-95DD65BE,available,1,,not_recorded,UVPDUWVWZF7RV3FAI2YWYB3V,1,0,not_recorded,visibility=visible;status=available;sellable_quantity=1,not_recorded,0,no_sync_record,,website_projection_missing;square_count_mismatch;kiosk_projection_not_recorded
1,connected,local-inventory-1bf07192-4f62-4120-bb67-64b0e2464d8a,ae1cde87-7ab8-6be6-2352-3058c5268217,Cyrus Premium Tournament Collection Box,PUG-A05B980C,removed,1,,not_recorded,JDGOSMDSR2E535PFIMQCHHO5,0,0,not_recorded,visibility=hidden;status=removed;sellable_quantity=0,not_recorded,0,synced,,website_projection_missing;kiosk_projection_not_recorded
1,connected,local-inventory-e8fe53cc-480a-40e7-8b64-4db73661eff0,f675e748-be7f-0b37-d9fe-a214aa8607ef,Unbroken Bonds 3 Pack Hanger Box,PUG-5734DD43,available,0,,not_recorded,GU27GF3H37IRYKNNURQAHMKZ,0,0,not_recorded,visibility=visible;status=available;sellable_quantity=0,not_recorded,0,synced,,website_projection_missing;kiosk_projection_not_recorded
1,connected,local-inventory-846641ab-add9-4894-a93d-cd9ee2c822ea,e049058a-7fe2-3a43-a2a2-54771f350ef1,Destined Rivals Elite Trainer Box,PUG-5D0AFD96,removed,1,,not_recorded,RLKFDTLBPE54ICQMFFJXMUEN,0,0,not_recorded,visibility=hidden;status=removed;sellable_quantity=0,not_recorded,0,synced,,website_projection_missing;kiosk_projection_not_recorded
1,connected,local-inventory-a9ac36eb-717e-45c6-a0c6-309fab73c487,29f6dbd9-5adf-1fe2-3e43-9c9efa056aa7,Paldea Partners Tin [Quaquaval ex],PUG-DF34FE32,available,1,,not_recorded,KYRQU53OL7ZZUDGGMRIPPYQA,1,1,not_recorded,visibility=visible;status=available;sellable_quantity=1,not_recorded,0,synced,,website_projection_missing;kiosk_projection_not_recorded
1,connected,local-inventory-ca3f1420-bb4c-4821-a9ac-a6efe3a6afc0,30aa5e41-d440-6d7c-09f0-a84711cd4f96,Paldea Partners Tin [Meowscarada ex],PUG-1B2026F7,available,1,,not_recorded,ASW2OORJVC7BEUKCXHZFICJE,1,1,not_recorded,visibility=visible;status=available;sellable_quantity=1,not_recorded,0,no_sync_record,,website_projection_missing;kiosk_projection_not_recorded
1,connected,local-inventory-dca1ef7f-e821-4a05-aa73-93da6efb5361,dddaa65d-4784-e16d-1aa8-e7aeb0b93582,Paldea Partners Tin [Skeledirge ex],PUG-D1E3A60D,available,1,,not_recorded,357LHSUV53L2CC3HVSIIPMRQ,1,1,not_recorded,visibility=visible;status=available;sellable_quantity=1,not_recorded,0,synced,,website_projection_missing;kiosk_projection_not_recorded
1,connected,local-inventory-09ac5859-5ae1-44c5-8da7-b7ffa4b966e0,165712e2-0fc8-b31f-78a8-a6913e6d1821,Shrouded Fable Mini Tin [Set of 5],PUG-80C8C8E3,available,0,,not_recorded,3ZVFI6YB33YX3RMTGYKO7JGJ,0,0,not_recorded,visibility=visible;status=available;sellable_quantity=0,not_recorded,0,synced,,website_projection_missing;kiosk_projection_not_recorded
1,connected,local-inventory-5ff72d35-de44-4117-ba1c-7d5a170069c8,3483ece6-4e29-65d7-bb6b-9760ad7765ef,Paldean Fates Mini Tin [Set of 5],PUG-A71CB790,available,0,,not_recorded,4U7GN2E7RLYNCNUF6343AKKR,0,0,not_recorded,visibility=visible;status=available;sellable_quantity=0,not_recorded,0,synced,,website_projection_missing;kiosk_projection_not_recorded
1,connected,local-inventory-4a2f4db6-152e-4af8-bc92-366a184d7733,68f5a590-90dd-43d6-6df0-bb734dd35a68,Pokemon TCG: Back to School Pencil Case 2024,PUG-F9975CB8,available,0,,not_recorded,IJ5CZKJXB42BQMN5MWT4JUQQ,0,0,not_recorded,visibility=visible;status=available;sellable_quantity=0,not_recorded,0,synced,,website_projection_missing;kiosk_projection_not_recorded
1,connected,local-inventory-f74380cd-a8e4-405f-bc6c-8803bae9c797,58e59012-8ca8-729e-1728-8d7804e94879,Pokemon TCG: Back to School Pencil Case 2023,PUG-0A723878,available,0,,not_recorded,6EGEYKHC43EDS643XI7CMHKL,0,0,not_recorded,visibility=visible;status=available;sellable_quantity=0,not_recorded,0,synced,,website_projection_missing;kiosk_projection_not_recorded
1,connected,local-inventory-de5dceb6-f1ac-448c-8756-028802d44d2a,0ec690bc-c024-df5c-7abf-3a1b089956b6,Paldean Fates Tin [Charizard ex],PUG-E8775107,available,0,,not_recorded,XXMEL2C3ZSTFQEJHYQR2OLWR,0,0,not_recorded,visibility=visible;status=available;sellable_quantity=0,not_recorded,0,synced,,website_projection_missing;kiosk_projection_not_recorded
1,connected,local-inventory-e880f227-a748-4a12-a4e1-eb07db3c3b67,2f735c45-00ca-8c1f-6c7e-dfa4958f7fce,Paldean Fates Tin [Great Tusk ex],PUG-178B9A5E,available,0,,not_recorded,4PKPEYNX67IQVAFQ2AJAYIBO,0,0,not_recorded,visibility=visible;status=available;sellable_quantity=0,not_recorded,0,synced,,website_projection_missing;kiosk_projection_not_recorded
1,connected,local-inventory-5d32bdb7-0748-4f17-bac8-c6fc99faf6c1,1667db5c-a2c1-60d5-6b86-d706ad2414ed,Fall 2024 Collector Chest,PUG-795F010B,removed,1,,not_recorded,G5K6VLBVY3DWMLV2IR23RV5D,0,0,not_recorded,visibility=hidden;status=removed;sellable_quantity=0,not_recorded,0,synced,,website_projection_missing;kiosk_projection_not_recorded
1,connected,local-inventory-651f6312-11ad-4268-a15d-55dd89fb4515,2afa47c7-7d7b-38ee-2253-d1834ae5fe5b,Prismatic Evolutions Mini Tin Display,PUG-120DDB38,available,0,,not_recorded,XFKAKA4XMVEQYNFXFVB7WSLQ,0,0,not_recorded,visibility=visible;status=available;sellable_quantity=0,not_recorded,0,synced,,website_projection_missing;kiosk_projection_not_recorded
1,connected,local-inventory-6e3663c8-2195-4645-b55d-7a4a44172a2c,bd668436-675d-3bd9-31fc-4b2b868484c5,Galar Pal Mini Tin [Yamper & Morpeko],PUG-D844F111,available,0,,not_recorded,NN44MDSFT26YAQ7RJ64HGRU3,0,0,not_recorded,visibility=visible;status=available;sellable_quantity=0,not_recorded,0,synced,,website_projection_missing;kiosk_projection_not_recorded
1,connected,local-inventory-a9e32e9c-a8b9-4b72-8774-d40f89c869fb,39310d6b-4d59-e85e-2960-3c01ee172606,Galar Pal Mini Tin [Scorbunny & Pikachu],PUG-7367F1F4,available,0,status=available;quantity=1;online=visible;kiosk=visible,not_recorded,J2SLFQTF5X7EVH34Q7KE5RX3,0,0,not_recorded,visibility=visible;status=available;sellable_quantity=0,not_recorded,0,synced,,website_quantity_mismatch;kiosk_projection_not_recorded
1,connected,local-inventory-bb35ffb0-9932-492b-8257-5a439c3f756e,2115fbdc-cdd6-63a4-eacf-a995ee98db0d,Galar Pal Mini Tin [Grookey & Wooloo],PUG-0AB18144,available,0,,not_recorded,RALUFWMF5DMNMXGKVVCC3T47,0,0,not_recorded,visibility=visible;status=available;sellable_quantity=0,not_recorded,0,synced,,website_projection_missing;kiosk_projection_not_recorded
1,connected,local-inventory-72a197ca-5935-420e-ae1a-dfd3441ee11d,7fcbb87e-2b29-4800-2994-81775619a131,Galar Pal Mini Tin [Sobble & Rookidee],PUG-75532338,available,0,,not_recorded,H4Z4NTHJYUOR7R2SW3D77MZ4,0,0,not_recorded,visibility=visible;status=available;sellable_quantity=0,not_recorded,0,synced,,website_projection_missing;kiosk_projection_not_recorded
1,connected,local-inventory-74cd6905-6fe2-4c22-8c54-b4673edf8222,2a8eb7cc-57c4-4ba1-4f44-c65e7910c6df,Vibrant Paldea Mini Tin [Arboliva],PUG-5DEEBAFC,available,0,,not_recorded,QS33VLJNEUSA6XFTCUXRBQMK,0,0,not_recorded,visibility=visible;status=available;sellable_quantity=0,not_recorded,0,synced,,website_projection_missing;kiosk_projection_not_recorded
1,connected,local-inventory-667658b0-eee7-4ee9-89f9-55f0afd4a1ea,5d924aad-7e2c-2783-af72-c0137972f679,151 Mini Tin Display,PUG-55A1FEA6,available,0,,not_recorded,EHTYBBV7T32I2LDCSFAXIDDB,0,0,not_recorded,visibility=visible;status=available;sellable_quantity=0,not_recorded,0,synced,,website_projection_missing;kiosk_projection_not_recorded
1,connected,local-inventory-86edaf72-2696-42b3-bb16-afc110ab981d,345ab99d-ddd3-7f03-84d5-6a1515af8e08,Annihilape ex Box,PUG-5D860EF7,available,1,,not_recorded,OWL3BY7QPSU4RELK4NK4D5PO,1,1,not_recorded,visibility=visible;status=available;sellable_quantity=1,not_recorded,0,synced,,website_projection_missing;kiosk_projection_not_recorded
1,connected,local-inventory-9b34f277-57be-4098-a3c4-cc94b8461c90,5fd3065b-6f3c-02bf-378a-bdbc0b7afc26,Mimikyu ex Showcase,PUG-C91BF26E,available,1,,not_recorded,4HTXCAS253NJGKEVARW23UJV,1,1,not_recorded,visibility=visible;status=available;sellable_quantity=1,not_recorded,0,synced,,website_projection_missing;kiosk_projection_not_recorded
1,connected,local-inventory-71bb924a-89c0-4fad-9014-2fb5bbcc022c,ac716d49-f27c-4041-fc80-67eb26c640b4,Pokemon GO Premier Deck Holder Collection [Dragonite VSTAR],PUG-71FD0CDA,available,0,,not_recorded,EXJ5RB5KABA6D2B4QJZ5VMG6,0,0,not_recorded,visibility=visible;status=available;sellable_quantity=0,not_recorded,0,synced,,website_projection_missing;kiosk_projection_not_recorded
1,connected,local-inventory-5c1fef2e-786a-4db0-928d-31e17b293ae4,b24662e0-1e41-3156-6edc-007155e16d8c,Prismatic Evolutions Elite Trainer Box,PUG-A279ACFD,available,0,,not_recorded,IYVV2D22TZCDYLI7AZIDS5TP,0,0,not_recorded,visibility=visible;status=available;sellable_quantity=0,not_recorded,0,synced,,website_projection_missing;kiosk_projection_not_recorded
1,connected,local-inventory-22619ecf-49c5-4630-abc5-078c1cfeb4e8,ee81622f-6e96-f637-083c-0c76dded3d8b,Prismatic Evolutions Pokemon Center Elite Trainer Box (Exclusive),PUG-30552770,available,0,,not_recorded,W32HXMNBCXC7YIFFQDQ4W6TY,0,0,not_recorded,visibility=visible;status=available;sellable_quantity=0,not_recorded,0,synced,,website_projection_missing;kiosk_projection_not_recorded
1,connected,local-inventory-b5b48e8c-36c6-437b-86c0-0e9577071514,4d6e8259-8091-ddbf-2182-5b78df4e3b55,V Heroes Tin [Umbreon V],PUG-ECD9CFBE,available,0,,not_recorded,MI3CVJR3MKB4XEWU2L3VN6BI,0,0,not_recorded,visibility=visible;status=available;sellable_quantity=0,not_recorded,0,synced,,website_projection_missing;kiosk_projection_not_recorded
1,connected,local-inventory-b4647ca0-e04f-463e-91ef-d15399519343,e22e7749-01f8-a000-f5bd-1dffbc0fa861,V Heroes Tin [Espeon V],PUG-E8FE746D,available,0,,not_recorded,2CMCVA6CIKXMC7BSQ7IHM5AW,0,0,not_recorded,visibility=visible;status=available;sellable_quantity=0,not_recorded,0,synced,,website_projection_missing;kiosk_projection_not_recorded
1,connected,local-inventory-d1e50dfe-a9f4-4138-95f5-675d46124c51,5406ea92-61ca-6911-2897-9ff7ee07749a,V Heroes Tin [Sylveon V],PUG-E4C046F4,available,0,,not_recorded,SMXEMPMMOUTIYOFS3RWUW4O3,0,0,not_recorded,visibility=visible;status=available;sellable_quantity=0,not_recorded,0,synced,,website_projection_missing;kiosk_projection_not_recorded
1,connected,local-inventory-6b30aa24-ae22-46e8-905b-ae39bc9a36bf,703c70ed-44d1-bb85-53dc-7fb8d1749233,Eevee Evolutions Tin [Jolteon V],PUG-8BCDF264,removed,1,,not_recorded,2IVXAI2OE6H5SHTJ2XOZBDOQ,0,0,not_recorded,visibility=hidden;status=removed;sellable_quantity=0,not_recorded,0,synced,,website_projection_missing;kiosk_projection_not_recorded
1,connected,local-inventory-de57e3e1-474e-4de1-a81a-9badc1ba48fd,f0800df0-58ab-4063-a171-91d6e05ce53f,Eevee Evolutions Tin [Vaporeon V],PUG-E2AFCF69,available,0,,not_recorded,FQPLFFWFDP4JVLQLXWFOCC4V,0,0,not_recorded,visibility=visible;status=available;sellable_quantity=0,not_recorded,0,synced,,website_projection_missing;kiosk_projection_not_recorded
1,connected,local-inventory-2fc82366-2dfa-4836-8c55-8e1a2228806c,102fee2a-52e1-55d0-a9cf-0e4b0bb2044c,Eevee Evolutions Tin [Flareon V],PUG-6D21068A,removed,1,,not_recorded,6UE75FENDQESB5JJDQ34LBIY,0,0,not_recorded,visibility=hidden;status=removed;sellable_quantity=0,not_recorded,0,synced,,website_projection_missing;kiosk_projection_not_recorded
1,connected,local-inventory-d7616f12-cab3-485f-9989-866afe0572a3,935eb496-f544-527e-86db-f91fcd8caf79,Veinwitch Coven,PUG-BCDF7E0C,available,1,,not_recorded,XBQHHZZS4OMN3WKCGKLUB23R,1,1,not_recorded,visibility=visible;status=available;sellable_quantity=1,not_recorded,0,no_sync_record,,website_projection_missing;kiosk_projection_not_recorded
1,connected,local-inventory-d98bb2fc-ae88-4da2-b653-7731fcb8c7c2,66a56190-37eb-2195-4afd-5487242a25d2,Bringer of the Black Dawn,PUG-DC3D305B,available,1,,not_recorded,WCQJBCXFPD4YRZJJ65LWXOSZ,1,1,not_recorded,visibility=visible;status=available;sellable_quantity=1,not_recorded,0,no_sync_record,,website_projection_missing;kiosk_projection_not_recorded
1,connected,local-inventory-3dfb57a1-93e9-432a-aae0-ed0fc7ba1905,e5c7202c-4781-0470-22fd-b4b19e9ac467,Megrim,PUG-538B3F71,available,1,,not_recorded,DO757O6RLH3LBCF3BN5XO6SF,1,1,not_recorded,visibility=visible;status=available;sellable_quantity=1,not_recorded,0,no_sync_record,,website_projection_missing;kiosk_projection_not_recorded
1,connected,local-inventory-722ede2b-2479-48bb-a2cb-a0944f103622,7b557670-53df-14f4-703c-63710738a800,Commander Greven il-Vec,PUG-0FF75A7F-01,available,1,,not_recorded,5AHWONLQS2GLTGHT42NQ5BED,1,1,not_recorded,visibility=visible;status=available;sellable_quantity=1,not_recorded,0,no_sync_record,,website_projection_missing;kiosk_projection_not_recorded
1,connected,local-inventory-1285a457-625d-43b4-a6b6-55524b059274,dbb8809b-e436-fec6-f872-dd2aebd86c22,Commander Greven il-Vec,PUG-0FF75A7F-02,available,1,,not_recorded,PXQKBLS3LP6VGGAQTNRQWVGE,1,1,not_recorded,visibility=visible;status=available;sellable_quantity=1,not_recorded,0,no_sync_record,,website_projection_missing;kiosk_projection_not_recorded
1,connected,local-inventory-409b13e0-2af1-4a08-8b64-cf158c2b3c28,a167a8f7-09da-fe04-bc86-679300e8e842,Life's Finale,PUG-43D6F4F6,available,1,,not_recorded,Q3C6A2Y4LHOPBW7DWLKJOFMM,1,1,not_recorded,visibility=visible;status=available;sellable_quantity=1,not_recorded,0,no_sync_record,,website_projection_missing;kiosk_projection_not_recorded
1,connected,local-inventory-1ce7160e-aea6-4be4-9db3-3ef1f970df09,3d1452c6-7143-d982-cf4b-2edee28519c2,"Shauku, Endbringer",PUG-BD175A4A,available,1,,not_recorded,WCR7RE7W4C7RLAWS5YQZTSMQ,1,1,not_recorded,visibility=visible;status=available;sellable_quantity=1,not_recorded,0,synced,,website_projection_missing;kiosk_projection_not_recorded
1,connected,local-inventory-971534a9-de9d-4eab-b301-5fc53c4ffabe,997d5e19-581d-1bb1-ef01-7bb6bc46db84,Tinybones Joins Up,PUG-CBA1C585,available,1,,not_recorded,UXSAERV2TYLDBFZPUEYGXWDY,1,1,not_recorded,visibility=visible;status=available;sellable_quantity=1,not_recorded,0,no_sync_record,,website_projection_missing;kiosk_projection_not_recorded
1,connected,local-inventory-4da5cea2-aed5-442e-897f-a3f10efe6d0f,7342b50c-7479-7ab3-0aa0-15578ad396ac,Haunting Voyage,PUG-FBAB5E0E-01,available,1,,not_recorded,DXWGF2BZCOP5TVDO6LMUCM5G,1,1,not_recorded,visibility=visible;status=available;sellable_quantity=1,not_recorded,0,no_sync_record,,website_projection_missing;kiosk_projection_not_recorded
1,connected,local-inventory-2de98bf0-dcd4-4da5-8743-b0283876c657,1e00d9e4-1767-5336-1f61-a6de13be17ac,Haunting Voyage,PUG-FBAB5E0E-02,available,1,,not_recorded,JDRGAPA53QJVDLPODZPYZAZO,1,1,not_recorded,visibility=visible;status=available;sellable_quantity=1,not_recorded,0,no_sync_record,,website_projection_missing;kiosk_projection_not_recorded
1,connected,local-inventory-a506048c-f17f-46cb-a45d-cf803ac48a82,62861ca8-e389-c4c5-7d95-3d2eff8c4574,Priest of Forgotten Gods,PUG-AEC9D8C3,available,1,,not_recorded,FNJWXHK5C3CK4V46VVVH6VDS,1,1,not_recorded,visibility=visible;status=available;sellable_quantity=1,not_recorded,0,no_sync_record,,website_projection_missing;kiosk_projection_not_recorded
1,connected,local-inventory-547e350b-5d8a-4e8d-9fed-0616d3ec32c1,a193234d-7919-7ce0-11e8-91787c5be3a7,Bone Dancer,PUG-C30939B7-01,available,1,,not_recorded,UMYMWGNQXYC5OL6LZPRAXUUR,1,1,not_recorded,visibility=visible;status=available;sellable_quantity=1,not_recorded,0,no_sync_record,,website_projection_missing;kiosk_projection_not_recorded
1,connected,local-inventory-efc76ef4-4deb-406b-a3c1-7c529616a5c4,9c3a31a5-b243-7aed-d947-df9a41fd2533,Bone Dancer,PUG-C30939B7-02,available,1,,not_recorded,JB73QKHXGRVQB22NEX4GJZR3,1,1,not_recorded,visibility=visible;status=available;sellable_quantity=1,not_recorded,0,no_sync_record,,website_projection_missing;kiosk_projection_not_recorded
1,connected,local-inventory-76398f27-16f4-4794-bd0e-19e0e1417fa1,f90079bd-f553-9f3f-625e-9dbeaf5fe8bf,Bone Dancer,PUG-C30939B7-03,available,1,,not_recorded,O56K36UEERTWO4K2KJEHBMXY,1,1,not_recorded,visibility=visible;status=available;sellable_quantity=1,not_recorded,0,no_sync_record,,website_projection_missing;kiosk_projection_not_recorded
1,connected,local-inventory-25a6968c-8ac6-42e8-a5d1-43678660c5f2,172bc850-89ef-ffda-7232-5ba3dec3cbac,Demonic Collusion,PUG-085FE883,available,1,,not_recorded,DPY64QGZ6I2ZKA56O42E35RL,1,1,not_recorded,visibility=visible;status=available;sellable_quantity=1,not_recorded,0,no_sync_record,,website_projection_missing;kiosk_projection_not_recorded
1,connected,local-inventory-2aba7995-2014-47f3-90ba-55aa6925a21c,234c0a10-ecfd-23dd-96ef-4df00d094be1,Dark Deal,PUG-1D21970E,available,1,,not_recorded,QYRTIF7AKQURRGD2QXXHRB2Z,1,0,not_recorded,visibility=visible;status=available;sellable_quantity=1,not_recorded,0,synced,,website_projection_missing;square_count_mismatch;kiosk_projection_not_recorded
1,connected,local-inventory-0ac8a5d9-bcdd-4a11-ad11-3b40dbf3d925,de863ba4-16a8-b8c0-3960-8b31673b6d97,Cauldron Familiar,PUG-4D8C82BC-01,available,1,,not_recorded,2CP5LA62CIZY4VDJW4ALKPLC,1,1,not_recorded,visibility=visible;status=available;sellable_quantity=1,not_recorded,0,no_sync_record,,website_projection_missing;kiosk_projection_not_recorded
1,connected,local-inventory-2ae3036e-9862-424f-8250-c5952af08a94,5905b20a-e793-f0d2-326e-69b3ef8e1066,Cauldron Familiar,PUG-4D8C82BC-02,available,1,,not_recorded,RMQQ7FBU2ZKKG7QEAX7DSGWM,1,1,not_recorded,visibility=visible;status=available;sellable_quantity=1,not_recorded,0,no_sync_record,,website_projection_missing;kiosk_projection_not_recorded
1,connected,local-inventory-db666633-a3dd-4d59-910e-f56e7e504487,fb8be15e-ed2d-d4f9-3a83-0fbd3c4d15ff,Demonic Counsel,PUG-F24944DB,available,1,,not_recorded,JRWKBIJJT74FTI5DO6OM5NZE,1,0,not_recorded,visibility=visible;status=available;sellable_quantity=1,not_recorded,0,synced,,website_projection_missing;square_count_mismatch;kiosk_projection_not_recorded
1,connected,local-inventory-2577b91e-050a-4586-ac0e-1d585f2d1672,2aa7cfc0-6c17-3dff-ebdf-a6bc349336dd,Brutal Hordechief,PUG-A3CB7B80,available,1,,not_recorded,RLFLZOMLJKCVRBRM47ZYHU32,1,1,not_recorded,visibility=visible;status=available;sellable_quantity=1,not_recorded,0,no_sync_record,,website_projection_missing;kiosk_projection_not_recorded
1,connected,local-inventory-2c4212c8-11f9-4feb-855b-48989443cb72,ba886142-76d4-4d75-4416-10670395397c,Fate Unraveler,PUG-FD471CB4,available,1,,not_recorded,6VP3ECDBVTKT7FJLPA2TWZSB,1,1,not_recorded,visibility=visible;status=available;sellable_quantity=1,not_recorded,0,no_sync_record,,website_projection_missing;kiosk_projection_not_recorded
1,connected,local-inventory-8e52ca98-78c3-4a0c-9c50-581defe356c4,2bb4d3b2-ff0e-3d73-f2e8-4f95e5afdd44,Mephidross Vampire,PUG-DF0075FC,available,1,,not_recorded,YZ3RXDHP6W7RYJRWYHY6CHYR,1,1,not_recorded,visibility=visible;status=available;sellable_quantity=1,not_recorded,0,no_sync_record,,website_projection_missing;kiosk_projection_not_recorded
1,connected,local-inventory-11a2251a-6912-46ef-9e67-486dd44ddb62,72594205-5006-88bb-c16d-9c4178b7f1b9,M Ampharos-EX,PUG-CEDEED01,available,1,,not_recorded,AZODYPKKUD3FPFBUZUHMTNEE,1,1,not_recorded,visibility=visible;status=available;sellable_quantity=1,not_recorded,0,synced,,website_projection_missing;kiosk_projection_not_recorded
1,connected,local-inventory-0ace3317-7408-4bcb-8020-54a935206e07,452f3c1f-c6f5-1c4e-fa62-95aa2ae3aa0c,Dark Slowbro,PUG-03FDAA15,available,1,,not_recorded,KLTVIZZEBN2XRY27YEOWSLOO,1,0,not_recorded,visibility=visible;status=available;sellable_quantity=1,not_recorded,0,synced,,website_projection_missing;square_count_mismatch;kiosk_projection_not_recorded
1,connected,local-inventory-b3ea1758-19e2-4a4a-bfa8-12ae0d97b7d6,32c50e72-26d1-e54b-76db-1dd34d608f22,Hostile Investigator,PUG-D5C1F8E1,available,1,,not_recorded,JPPSJ7KNPD5ZM4WUBX7JABUL,1,1,not_recorded,visibility=visible;status=available;sellable_quantity=1,not_recorded,0,no_sync_record,,website_projection_missing;kiosk_projection_not_recorded
1,connected,local-inventory-fef843e3-ecfc-4c2d-8445-027b259b5ae7,fa806155-d490-814a-53dc-1ad91305202e,Ophiomancer,PUG-229DF802,available,1,,not_recorded,54WROGRUKSWM472EMNOD2DE5,1,1,not_recorded,visibility=visible;status=available;sellable_quantity=1,not_recorded,0,synced,,website_projection_missing;kiosk_projection_not_recorded
1,connected,local-inventory-aa844849-80eb-4d97-8e86-d23efdc3981f,23d10f6d-4a6d-3edf-9e94-0edd588f0ac3,Ichor Rats,PUG-F5E1203D-01,available,1,status=available;quantity=1;online=visible;kiosk=visible,not_recorded,3YRMNSMRDAXBDOURHQ75ETIR,1,1,not_recorded,visibility=visible;status=available;sellable_quantity=1,not_recorded,0,synced,,kiosk_projection_not_recorded
1,connected,local-inventory-a6ce6882-4a93-43f6-874a-784d9fd78099,f5efe5d1-68a3-c548-4abd-07d213aa3a54,Ichor Rats,PUG-F5E1203D-02,available,1,status=available;quantity=1;online=visible;kiosk=visible,not_recorded,5NFFI2ZEIQ36MFQAPLOOW6SQ,1,1,not_recorded,visibility=visible;status=available;sellable_quantity=1,not_recorded,0,synced,,kiosk_projection_not_recorded
1,connected,local-inventory-8586af02-4669-471a-91f1-252d67bba04c,c3b316e4-b54f-8e41-c60a-7bbea0b0be24,Madam Mim,PUG-831DAE94,available,1,,not_recorded,E7W6WDMSESQZYTLCNXP4YFDE,1,1,not_recorded,visibility=visible;status=available;sellable_quantity=1,not_recorded,0,synced,,website_projection_missing;kiosk_projection_not_recorded
1,connected,local-inventory-5981f7b0-ae1c-4c02-ab62-6ec7f8414605,45af968f-969e-4dfa-3a01-5bdf67ea4de6,Aladdin,PUG-55E3D625,available,1,,not_recorded,6XTQCLA4GXFMDOGHIW7S7UTR,1,1,not_recorded,visibility=visible;status=available;sellable_quantity=1,not_recorded,0,synced,,website_projection_missing;kiosk_projection_not_recorded
1,connected,local-inventory-cbc36fa3-b610-4534-bdea-10d4ec66b5b2,69fbd27d-10a8-3be2-c224-10c5435a282f,Aladdin,PUG-FA87949E,sold,0,,not_recorded,M2ESULSF57BBNCT5US57SDYQ,0,0,not_recorded,visibility=visible;status=sold;sellable_quantity=0,not_recorded,0,no_sync_record,,website_projection_missing;kiosk_projection_not_recorded
1,connected,local-inventory-82225bdd-7373-4c45-a4f9-c259ba394312,fd974399-2fe5-fc1b-8c3c-dd78ac39ac74,Aladdin,PUG-84AB9933,available,1,,not_recorded,WEYZHQ7JG5UEZUTW4C3LKUYI,1,1,not_recorded,visibility=visible;status=available;sellable_quantity=1,not_recorded,0,synced,,website_projection_missing;kiosk_projection_not_recorded
1,connected,local-inventory-91acc0b4-9574-4886-bc42-37ca6ff16908,c6463e0d-8c4c-630a-839e-0eb0cb7a0be4,Magic Broom,PUG-D41C9462,available,1,,not_recorded,2WMIJAGVGCXRNPCTOXM2FS7F,1,1,not_recorded,visibility=visible;status=available;sellable_quantity=1,not_recorded,0,no_sync_record,,website_projection_missing;kiosk_projection_not_recorded
1,connected,local-inventory-dfe38809-2357-4773-94e0-12bbd4194164,b2aca1cd-ea7b-d402-f977-ef0a485d0c8f,Ratigan,PUG-9A003037,available,1,,not_recorded,DTET5CHECNKESKS75AVBC6IA,1,1,not_recorded,visibility=visible;status=available;sellable_quantity=1,not_recorded,0,no_sync_record,,website_projection_missing;kiosk_projection_not_recorded
1,connected,local-inventory-2941ecd5-3c84-437a-9e38-a96fd14cb0fd,006286c0-5b1c-873f-d116-1a524e9bf6b4,Cinderella,PUG-6C9399EB-01,available,1,,not_recorded,VZV2NXZMP2AKBYWOGQ27Q7W4,1,1,not_recorded,visibility=visible;status=available;sellable_quantity=1,not_recorded,0,synced,,website_projection_missing;kiosk_projection_not_recorded
1,connected,local-inventory-c4c64489-319d-464f-9189-9ea40d3f9f0b,262a295a-3f32-9d32-96c6-d1c953363292,Cinderella,PUG-6C9399EB-02,removed,1,,not_recorded,RYDZL4RDV4ES5O2HBSEGTFMR,0,0,not_recorded,visibility=hidden;status=removed;sellable_quantity=0,not_recorded,0,synced,,website_projection_missing;kiosk_projection_not_recorded
1,connected,local-inventory-a5bcb672-5cd0-482d-ad67-b6445d409785,1eda8ffa-6ef9-e4e9-da94-06eb2219b199,Leafeon,PUG-602B8432,available,1,,not_recorded,DFNJUVWMFHGB75YSSXAAO4FG,1,1,not_recorded,visibility=visible;status=available;sellable_quantity=1,not_recorded,0,synced,,website_projection_missing;kiosk_projection_not_recorded
1,connected,local-inventory-a0271461-f3e9-4b70-8a43-b56b758911a5,372e35e3-5f20-99f2-3fb2-5711e9cbcc6c,Jeskai Revelation,PUG-117A418A,available,1,,not_recorded,YUC3X5PFGD5GXPWANITATN2Z,1,1,not_recorded,visibility=visible;status=available;sellable_quantity=1,not_recorded,0,synced,,website_projection_missing;kiosk_projection_not_recorded
1,connected,local-inventory-6f16013e-08a3-40fe-bc9b-b222e3a8455f,2148cc72-5c8e-18ba-1617-36cde0e46a07,Cinderella,PUG-03B59832,available,1,,not_recorded,UZNCBRWTUUYN4XHPDIL7KBCT,1,1,not_recorded,visibility=visible;status=available;sellable_quantity=1,not_recorded,0,synced,,website_projection_missing;kiosk_projection_not_recorded
1,connected,local-inventory-b63439d2-4b43-47cb-8f6e-83928f20d5e9,0ef5d87f-557e-4282-977a-f57feed573a6,Sisu,PUG-C5B130DD-01,available,1,,not_recorded,K7E2TQ7U5SEKX262DIKWPXDI,1,1,not_recorded,visibility=visible;status=available;sellable_quantity=1,not_recorded,0,no_sync_record,,website_projection_missing;kiosk_projection_not_recorded
1,connected,local-inventory-03a4b5f4-ce65-4301-b082-95824f6293dd,d9611a1e-aa9d-94bc-467f-ace55315e292,Sisu,PUG-C5B130DD-02,available,1,,not_recorded,EJSB7CTHPLDADADPJLXRN7JN,1,1,not_recorded,visibility=visible;status=available;sellable_quantity=1,not_recorded,0,no_sync_record,,website_projection_missing;kiosk_projection_not_recorded
1,connected,local-inventory-3557c85e-9d31-4c7d-adf5-73ba449d7653,d427266b-48b8-5ae1-2ef0-5f4a65295945,Prince John,PUG-686D0CE0,available,1,,not_recorded,ZYE4KLLH5JQLEP36T5BHTM5Z,1,1,not_recorded,visibility=visible;status=available;sellable_quantity=1,not_recorded,0,no_sync_record,,website_projection_missing;kiosk_projection_not_recorded
1,connected,local-inventory-8995bcb6-b548-4203-966e-1ac2759840cd,90eab107-50d5-d365-2bfe-1830f69a54b0,Cinderella,PUG-66791A2E,available,1,,not_recorded,KNBBGT7MX26I24KC6VLCH3IV,1,1,not_recorded,visibility=visible;status=available;sellable_quantity=1,not_recorded,0,synced,,website_projection_missing;kiosk_projection_not_recorded
1,connected,local-inventory-d7eb8c34-0cee-43f8-9e22-4c6eb415be7b,40b35cf4-d5fc-1c09-84ae-c63845050e4d,Strength of a Raging Fire,PUG-CA597CED,available,1,,not_recorded,PF4IKMG3UMFYNKPSGXYMT2FA,1,1,not_recorded,visibility=visible;status=available;sellable_quantity=1,not_recorded,0,no_sync_record,,website_projection_missing;kiosk_projection_not_recorded
1,connected,local-inventory-1374ddf2-8266-4c05-909d-b454d3f722fe,fe2ded2c-56af-d432-aad0-ff84d1e93684,Death Cloud,PUG-583698BF,available,1,,not_recorded,HD757FNMTTFCS6XNH4IK3AVS,1,1,not_recorded,visibility=visible;status=available;sellable_quantity=1,not_recorded,0,no_sync_record,,website_projection_missing;kiosk_projection_not_recorded
1,connected,local-inventory-c16ce2cb-7482-41cf-9f56-c437f83cf850,79908c48-deee-a47d-fcb8-28fa9c60ed26,Priest of Forgotten Gods,PUG-349F42C1,available,1,,not_recorded,CTZCQVTJPK3LORZKG3SEXZZI,1,1,not_recorded,visibility=visible;status=available;sellable_quantity=1,not_recorded,0,synced,,website_projection_missing;kiosk_projection_not_recorded
1,connected,local-inventory-40875fa0-19c3-45dd-8aa1-b21cfd31f9ad,5c727c4f-b036-50d8-563c-3bb03224a583,Yen Sid,PUG-F4CC5010,available,1,,not_recorded,EBKYCLRKCEAPHYI2XMUH5KVA,1,1,not_recorded,visibility=visible;status=available;sellable_quantity=1,not_recorded,0,synced,,website_projection_missing;kiosk_projection_not_recorded
1,connected,local-inventory-bf9c6ead-9bc1-43ac-bf33-8a8c4c31ce06,95e03203-2f06-5e8c-fc2c-d080d5347048,Mulan,PUG-B658D6F3,available,1,status=available;quantity=1;online=visible;kiosk=visible,not_recorded,3BW7J4EAAFTYWJKMHEHYQA3N,1,1,not_recorded,visibility=visible;status=available;sellable_quantity=1,not_recorded,0,synced,,kiosk_projection_not_recorded
1,connected,local-inventory-18300618-339a-4f01-993a-03ba7acb4650,c46eb34e-df94-e6ad-bdf1-943acdca4ca8,Ursula,PUG-98D486E1,available,1,,not_recorded,VVOEOJ24ZGTLUJSUSNDEYUTD,1,1,not_recorded,visibility=visible;status=available;sellable_quantity=1,not_recorded,0,synced,,website_projection_missing;kiosk_projection_not_recorded
1,connected,local-inventory-96419874-7958-4c92-8063-c680b6c1135a,3dc40824-fc39-9859-1d3e-c63a9cccde82,Kida,PUG-CE31DEF3,available,1,,not_recorded,K6JKUBDZBUNMMYO46L3WI5YF,1,1,not_recorded,visibility=visible;status=available;sellable_quantity=1,not_recorded,0,synced,,website_projection_missing;kiosk_projection_not_recorded
1,connected,local-inventory-7e4a0625-aa74-4d4b-846b-28d0566a06aa,04387cde-79b0-a7f3-0d61-6d21e008f2c2,Belle,PUG-3DE7928B,available,1,,not_recorded,MAOFYTIY6MHPK3OSIEUGXJ6V,1,0,not_recorded,visibility=visible;status=available;sellable_quantity=1,not_recorded,0,synced,,website_projection_missing;square_count_mismatch;kiosk_projection_not_recorded
1,connected,local-inventory-3b31a229-477b-4c47-af4a-debf11b8c089,5d17e7b4-460e-543d-d003-053570c5ccf3,Mulan,PUG-74670892,available,1,,not_recorded,3VVTJLCBAE4D2Y6U3FLF4GMO,1,1,not_recorded,visibility=visible;status=available;sellable_quantity=1,not_recorded,0,no_sync_record,,website_projection_missing;kiosk_projection_not_recorded
1,connected,local-inventory-a05178aa-ae11-495f-925a-23ed843db67c,61d63ee8-2f39-4496-8906-9f3240909963,Madam Mim,PUG-E3619A8C,available,1,,not_recorded,ZQERIBPFCLBKGDD3WT7USGLS,1,1,not_recorded,visibility=visible;status=available;sellable_quantity=1,not_recorded,0,synced,,website_projection_missing;kiosk_projection_not_recorded
1,connected,local-inventory-aa5796ee-e6bc-4e1b-8863-f7e21ffe7af5,b0346409-5d4c-99aa-87a3-4e7134e10528,Espeon,PUG-4342781F,available,1,,not_recorded,CQ4AEARRZNWN7K2WSPT65CBM,1,1,not_recorded,visibility=visible;status=available;sellable_quantity=1,not_recorded,0,synced,,website_projection_missing;kiosk_projection_not_recorded
1,connected,local-inventory-f6c575c5-4f95-44f1-827e-526d90c5f368,e34f43b2-3812-83af-ac79-9ae38fb47693,Donald Duck,PUG-C5A3E89B,available,1,,not_recorded,LYUBYMKPRIGISNNGKBCY6LYH,1,1,not_recorded,visibility=visible;status=available;sellable_quantity=1,not_recorded,0,no_sync_record,,website_projection_missing;kiosk_projection_not_recorded
1,connected,local-inventory-d82d6334-06a0-4433-8e11-e01a5d4182be,fdc98918-8738-fa91-d03a-9660753ea5e6,Banette,PUG-288D79C3,sold,0,,not_recorded,RVGHOKL543QBAVQEEPSSRXPF,0,0,not_recorded,visibility=visible;status=sold;sellable_quantity=0,not_recorded,0,no_sync_record,,website_projection_missing;kiosk_projection_not_recorded
1,connected,local-inventory-96274d58-54b3-4177-a1ae-5e751b8a42f6,24eb01ea-a6b2-44fb-518e-d66a15b779c7,Gallade,PUG-A4531808,available,1,,not_recorded,ZPWUOZ7M3TIRZLQMN643AHY3,1,1,not_recorded,visibility=visible;status=available;sellable_quantity=1,not_recorded,0,synced,,website_projection_missing;kiosk_projection_not_recorded
1,connected,local-inventory-a7a63b40-93ed-47ec-a012-4d9de9a5229f,96fd7189-570d-58b0-d7ac-131d6490938d,Anna,PUG-42D37ED8,available,2,,not_recorded,E2MWDO6UWQPBQXHZXOIB4I6W,2,2,not_recorded,visibility=visible;status=available;sellable_quantity=2,not_recorded,0,synced,,website_projection_missing;kiosk_projection_not_recorded
1,connected,local-inventory-c7d45ecc-27f7-416e-aa45-58e04d35447a,85ce6b25-0f3c-0d1e-35f1-06358a9f441c,Hercules,PUG-035A664C,available,1,,not_recorded,GYSEUAHTVS4DA7JRJLC6W6ML,1,1,not_recorded,visibility=visible;status=available;sellable_quantity=1,not_recorded,0,no_sync_record,,website_projection_missing;kiosk_projection_not_recorded
1,connected,local-inventory-cdee4615-de16-4d9e-a776-86a160afdbfe,40c6d054-0ea6-f70c-9a34-dd71565ce3dc,Jirachi,PUG-27B80EA5,available,1,,not_recorded,NB66PQ5CX3XZSUKDYTW3LFZE,1,0,not_recorded,visibility=visible;status=available;sellable_quantity=1,not_recorded,0,no_sync_record,,website_projection_missing;square_count_mismatch;kiosk_projection_not_recorded
1,connected,local-inventory-236bf827-8090-432c-a206-44b6a1484474,6962d680-f268-f170-7424-bb62a9f9eb8f,HeiHei,PUG-1B1C3BDC-01,available,1,,not_recorded,JU2QDWEHUY54HU6G2DWRDLYD,1,1,not_recorded,visibility=visible;status=available;sellable_quantity=1,not_recorded,0,no_sync_record,,website_projection_missing;kiosk_projection_not_recorded
1,connected,local-inventory-bcb42f23-ca1e-4bb6-bde0-86d7d74b8dc4,2999560c-acfa-c552-eb2c-b5f243d29f1f,HeiHei,PUG-1B1C3BDC-02,available,1,,not_recorded,Y4ZQKJA7KP7IIOBKTDPUHKDK,1,1,not_recorded,visibility=visible;status=available;sellable_quantity=1,not_recorded,0,no_sync_record,,website_projection_missing;kiosk_projection_not_recorded
1,connected,local-inventory-938143ea-36d4-4aef-add4-82e6073da9fb,21fc7300-2195-0369-0388-1aa9ce39c82e,Minnie Mouse,PUG-1FCDA37A,available,1,,not_recorded,DGSTQ6M2XWW7S2LTAPJB6NVP,1,1,not_recorded,visibility=visible;status=available;sellable_quantity=1,not_recorded,0,synced,,website_projection_missing;kiosk_projection_not_recorded
1,connected,local-inventory-8f2f6564-6447-4f79-9ffe-e6ce51ca1530,e14fcc09-d550-9f96-7b42-588ab65ad7ae,World's Greatest Criminal Mind,PUG-4AC4BD03,available,1,,not_recorded,VPE6PIV4L3ZH4CTGOJM6EJZG,1,1,not_recorded,visibility=visible;status=available;sellable_quantity=1,not_recorded,0,synced,,website_projection_missing;kiosk_projection_not_recorded
1,connected,local-inventory-afb8a0b4-f039-45dc-b79b-d82e31138a95,dd0f9aa6-4878-b042-226b-3989dab43b9e,Metagross,PUG-57811612,available,1,,not_recorded,JCHWEMKOVRKOOJBP7XV7SXXX,1,1,not_recorded,visibility=visible;status=available;sellable_quantity=1,not_recorded,0,no_sync_record,,website_projection_missing;kiosk_projection_not_recorded
1,connected,local-inventory-c5548e05-f592-40e3-9b16-d87003cb1f8b,9ae3732e-5997-ab73-cb4f-566d529bfa74,Let the Storm Rage On,PUG-ABC37250,available,1,,not_recorded,UA6VLTEUYFSE6777LQT6DS2C,1,1,not_recorded,visibility=visible;status=available;sellable_quantity=1,not_recorded,0,synced,,website_projection_missing;kiosk_projection_not_recorded
1,connected,local-inventory-a160b20e-cbb2-4fe4-b368-0613ac5bb0db,615c8d78-402a-ab5e-1078-17fdacbb2333,Latios,PUG-3845B048,sold,0,,not_recorded,CDODEAJXB5PU2HK44RLBTYHP,0,0,not_recorded,visibility=visible;status=sold;sellable_quantity=0,not_recorded,0,no_sync_record,,website_projection_missing;kiosk_projection_not_recorded
1,connected,local-inventory-408ada69-5e63-469e-8c09-9ae18d932757,fa87822b-af69-7ee4-45c4-5e918c27bfe1,Charizard & Braixen-GX,PUG-C962D904,sold,1,,not_recorded,AXSLMJN2HAJASCT4AOP6HKDF,0,0,not_recorded,visibility=visible;status=sold;sellable_quantity=0,not_recorded,0,synced,,website_projection_missing;kiosk_projection_not_recorded
1,connected,local-inventory-6343bc84-59b4-40f3-a6fb-cba37992bc36,6fa45218-47ed-c445-2090-737186341c2b,M Charizard-EX,PUG-8A718BFA,available,1,,not_recorded,IS7CNUTYIIL6I4JPHUOC2KYV,1,1,not_recorded,visibility=visible;status=available;sellable_quantity=1,not_recorded,0,synced,,website_projection_missing;kiosk_projection_not_recorded
1,connected,local-inventory-c9062ec7-aa8f-440b-8c3d-e22c7faeb723,cf6fcccd-88e2-9b64-ab02-23287a69ee3e,M Audino-EX,PUG-01EC8420,available,1,,not_recorded,QBT46SZLR2ZNDA4K3UEIZL3M,1,0,not_recorded,visibility=visible;status=available;sellable_quantity=1,not_recorded,0,no_sync_record,,website_projection_missing;square_count_mismatch;kiosk_projection_not_recorded
1,connected,local-inventory-a0b54208-517f-4966-bdf3-baf76f571c9c,aa6f7c65-5b2d-165a-9038-67a763ac5724,Mega Charizard X ex,PUG-9CBA17D6,available,1,,not_recorded,NQUZVBSXXTSGVCNR34DH52XE,1,1,not_recorded,visibility=visible;status=available;sellable_quantity=1,not_recorded,0,synced,,website_projection_missing;kiosk_projection_not_recorded
1,connected,local-inventory-0432a84d-dc03-43ee-805e-733dc2e02bf8,a2e1a505-9e90-2860-afef-ea8b95cba862,Vanillish,PUG-8DD3A175,sold,0,,not_recorded,Y32XKXBHY7Q3X7AIY7AYGMIV,0,0,not_recorded,visibility=visible;status=sold;sellable_quantity=0,not_recorded,0,no_sync_record,,website_projection_missing;kiosk_projection_not_recorded
1,connected,local-inventory-db13aee0-ab1f-4975-9ac9-b1c9ed634430,fd9d1b03-03e2-93f8-cbca-25674caeb5ff,Corphish,PUG-86C9F38D,available,1,,not_recorded,7EEKIWQ4MKW3RQ4VFHYLXHCH,1,0,not_recorded,visibility=visible;status=available;sellable_quantity=1,not_recorded,0,no_sync_record,,website_projection_missing;square_count_mismatch;kiosk_projection_not_recorded
1,connected,local-inventory-25eb2305-a2c8-48ae-84f3-e4017443945e,8eebb459-7330-e07e-048d-43cafd8ad77d,Klink,PUG-E01AE5C8,sold,0,,not_recorded,D3PDN6OK6DSB2Y456ADVQ7F5,0,0,not_recorded,visibility=visible;status=sold;sellable_quantity=0,not_recorded,0,no_sync_record,,website_projection_missing;kiosk_projection_not_recorded
1,connected,local-inventory-a05e17d9-6b33-4085-8bea-efaec4e242f9,a2332124-3c7e-f3bc-936e-12f9329865e4,Fraxure,PUG-FA8342C0,sold,0,,not_recorded,ZK2GN5MNYIBRYLFFPZ7O4XD6,0,0,not_recorded,visibility=visible;status=sold;sellable_quantity=0,not_recorded,0,no_sync_record,,website_projection_missing;kiosk_projection_not_recorded
1,connected,local-inventory-c4743f8a-1150-4b6e-95b7-3b7256ac9c93,143cc12e-ab34-055a-c23c-379469a14d42,Shelmet,PUG-80B3FFF2,available,1,,not_recorded,HSQRNEFDPLSTR22TMWWKXWI3,1,1,not_recorded,visibility=visible;status=available;sellable_quantity=1,not_recorded,0,synced,,website_projection_missing;kiosk_projection_not_recorded
1,connected,local-inventory-a062184b-1c98-4067-a3cb-ec7a2e123137,051d7b41-2655-0c6a-5aba-1e96b9620228,Spearow,PUG-1F0F0132,sold,0,,not_recorded,5XTHHIFEGNZQ5IFDN23L247G,0,0,not_recorded,visibility=visible;status=sold;sellable_quantity=0,not_recorded,0,no_sync_record,,website_projection_missing;kiosk_projection_not_recorded
1,connected,local-inventory-0aa31de4-c600-43fd-9ca5-e7439d204da8,c6464096-7f7c-d2d1-4eaa-c1a3729ed56d,Glaceon,PUG-21E7456B,sold,0,,not_recorded,Q6NGINTFWZQ6BYFWNXSD2V66,0,0,not_recorded,visibility=visible;status=sold;sellable_quantity=0,not_recorded,0,no_sync_record,,website_projection_missing;kiosk_projection_not_recorded
1,connected,local-inventory-ca8116ae-09d6-47c0-ae10-285ffefb9793,c22d7d0e-b786-83a1-f173-a350b4275cc3,Horsea δ,PUG-71DF7CD2,sold,0,,not_recorded,2XKQ3SQXKTL76RG4AJCGSK6U,0,0,not_recorded,visibility=visible;status=sold;sellable_quantity=0,not_recorded,0,no_sync_record,,website_projection_missing;kiosk_projection_not_recorded
1,connected,local-inventory-cb9d9752-62dd-4d46-ab78-532f0f7cca72,ddeb6edd-a159-3da3-54bc-0d6bce11623a,Crabominable,PUG-8BD61A53,sold,0,,not_recorded,5KMQEZIIMQWKO5WFRCOU55HG,0,0,not_recorded,visibility=visible;status=sold;sellable_quantity=0,not_recorded,0,no_sync_record,,website_projection_missing;kiosk_projection_not_recorded
1,connected,local-inventory-4adaaa9b-9a5f-4f5f-9759-72d74b302342,f2e77880-e02c-9b8a-1f26-a5ca554af561,Mega Gengar ex,PUG-3FF74F3F,sold,0,,not_recorded,SGGL35QBFKVRXMOBBANGB3QG,0,0,not_recorded,visibility=visible;status=sold;sellable_quantity=0,not_recorded,0,no_sync_record,,website_projection_missing;kiosk_projection_not_recorded
1,connected,local-inventory-8d2f8754-02f7-410f-acb7-84825ee8b33e,8059e828-7f37-56bc-3a3c-5905cc3ab81c,Meowth,PUG-86D4C904,sold,0,,not_recorded,VFZK3WJGSBZ6NMNMS4ED2TVY,0,0,not_recorded,visibility=visible;status=sold;sellable_quantity=0,not_recorded,0,no_sync_record,,website_projection_missing;kiosk_projection_not_recorded
1,connected,local-inventory-5b1717da-f29d-401a-b61d-a58eef231b9a,ad657377-e2a2-0531-4f66-74e7bbf146ce,Mega Lopunny ex,PUG-9E2C3044,available,1,,not_recorded,GMU72YEJDLWZY3QTZKP5XXCF,1,0,not_recorded,visibility=visible;status=available;sellable_quantity=1,not_recorded,0,no_sync_record,,website_projection_missing;square_count_mismatch;kiosk_projection_not_recorded
1,connected,local-inventory-768bf01b-bdb1-4b69-a22b-55d36e88e24a,471434ae-be55-ba1e-f8f1-479f165d6dee,Clawitzer,PUG-78F9251D,sold,0,,not_recorded,S3XJWNNZVF23T26TCW6P3D4J,0,0,not_recorded,visibility=visible;status=sold;sellable_quantity=0,not_recorded,0,no_sync_record,,website_projection_missing;kiosk_projection_not_recorded
1,connected,local-inventory-4b200277-e075-478e-a4b2-151cd1b6a25f,c0b27d23-6666-00bb-bf57-05ddc60d5f76,Wobbuffet,PUG-B48AF2D8,sold,0,,not_recorded,4QK53LZD36XAXD4MCJFQCC2B,0,0,not_recorded,visibility=visible;status=sold;sellable_quantity=0,not_recorded,0,no_sync_record,,website_projection_missing;kiosk_projection_not_recorded
1,connected,local-inventory-26ac1649-c2f7-4765-be78-ca68cfeb7f2d,ba6ec1e5-186e-4aa2-62dc-0f551690ec70,Shuckle,PUG-9B2D10A4,sold,0,,not_recorded,LKIXEIUPGEZQHULEMTV5SJ3F,0,0,not_recorded,visibility=visible;status=sold;sellable_quantity=0,not_recorded,0,no_sync_record,,website_projection_missing;kiosk_projection_not_recorded
1,connected,local-inventory-7bd3f03f-08ec-4139-b55a-48efe24fce82,12325882-eacc-37c9-7622-2148fb22453d,Shroodle,PUG-536E258C,sold,0,,not_recorded,PV6EMZ2MHKQ52GE4D3WI5CEJ,0,0,not_recorded,visibility=visible;status=sold;sellable_quantity=0,not_recorded,0,no_sync_record,,website_projection_missing;kiosk_projection_not_recorded
1,connected,local-inventory-8bc4ee06-13c6-439b-a91b-bf50b38170e6,f7192ba8-ed15-04b4-ce8b-c3c4094f3c37,M Altaria-EX,PUG-DEB2DE3D,available,1,,not_recorded,RAR5IUTZ435WZVDWAMAAYPRR,1,1,not_recorded,visibility=visible;status=available;sellable_quantity=1,not_recorded,0,synced,,website_projection_missing;kiosk_projection_not_recorded
1,connected,local-inventory-88a70023-eb60-45e9-a868-5c893c86bee1,1a91f4cd-4abf-bccc-e23d-e0839ddf9c64,Lillie's Determination,PUG-30B27777,available,1,,not_recorded,KKLG6NJF76HBAAKZFCQURBLH,1,1,not_recorded,visibility=visible;status=available;sellable_quantity=1,not_recorded,0,synced,,website_projection_missing;kiosk_projection_not_recorded
1,connected,local-inventory-a682cb66-51ef-428f-b34e-a1332f3b5b80,a2a72bfc-86fd-7c6d-3e62-a02b12693a5e,Pikachu,PUG-DD89404C,sold,0,,not_recorded,UD7RESUBGD73UCYXRJJUFF24,0,0,not_recorded,visibility=visible;status=sold;sellable_quantity=0,not_recorded,0,no_sync_record,,website_projection_missing;kiosk_projection_not_recorded
1,connected,local-inventory-772f202e-3f62-48e9-817d-4d9a28f98f76,4b310de1-6e53-9ea9-75d7-d0d7d4e879c7,Reversal Energy,PUG-FA81478A,available,1,,not_recorded,7YBZJQMATZGRNAXBCRS6LDD6,1,0,not_recorded,visibility=visible;status=available;sellable_quantity=1,not_recorded,0,no_sync_record,,website_projection_missing;square_count_mismatch;kiosk_projection_not_recorded
1,connected,local-inventory-f695db94-deab-41f1-b618-ef5e8be791d9,a7dbadd5-054c-22c7-9a28-c9b5ab94027c,Gulpin,PUG-55C1B4F0,available,1,,not_recorded,YBFMFMPT3ELBN75U7SEMIBLJ,1,1,not_recorded,visibility=visible;status=available;sellable_quantity=1,not_recorded,0,synced,,website_projection_missing;kiosk_projection_not_recorded
1,connected,local-inventory-8e71e6bf-83ed-4f9f-a86f-3921bb79cd38,1705012a-69d5-b9c9-cc36-b22897baf068,Glaceon ex,PUG-6263C0A6,sold,0,,not_recorded,OGVC7DHFKR76KWAO7BJEPQXW,0,0,not_recorded,visibility=visible;status=sold;sellable_quantity=0,not_recorded,0,synced,,website_projection_missing;kiosk_projection_not_recorded
1,connected,local-inventory-9b65f912-2ece-440e-8c12-9af1e690cc74,b63eb190-5ce0-3bfb-1c6a-6439747b7a83,Gardevoir-EX,PUG-424421D2,available,1,,not_recorded,FOJDV2VOAVCAZ7HP27MFEDOI,1,1,not_recorded,visibility=visible;status=available;sellable_quantity=1,not_recorded,0,synced,,website_projection_missing;kiosk_projection_not_recorded
1,connected,local-inventory-776083cf-a8ab-42d3-8dbb-edd54eb02677,2a2ed2a1-a7bd-8471-1b6d-6c69428cccd7,Mega Mawile ex,PUG-7D507313,sold,0,,not_recorded,WOHWGNVW3LKENO6GPJQPGC7Z,0,0,not_recorded,visibility=visible;status=sold;sellable_quantity=0,not_recorded,0,no_sync_record,,website_projection_missing;kiosk_projection_not_recorded
1,connected,local-inventory-dababaab-567a-4bc6-8433-a01d2b7c0b50,f942387e-f0fa-5e91-277a-df0f475c8180,Mega Heracross ex,PUG-86BCB1B4,available,1,,not_recorded,JSYPM3RQIEYVXS7WMWE3H5VP,1,0,not_recorded,visibility=visible;status=available;sellable_quantity=1,not_recorded,0,no_sync_record,,website_projection_missing;square_count_mismatch;kiosk_projection_not_recorded
1,connected,local-inventory-84cfe3a1-5927-48ce-9958-75de2dce6726,e9f137ad-93f7-2988-3b2f-2584dec12d9b,Mega Lucario ex,PUG-D78B9F87,available,1,,not_recorded,RN32VTVQ3O5QBYSEQXWGSOGS,1,0,not_recorded,visibility=visible;status=available;sellable_quantity=1,not_recorded,0,synced,,website_projection_missing;square_count_mismatch;kiosk_projection_not_recorded
1,connected,local-inventory-1d296bb0-0806-416c-908f-475c0694068b,d478ccbd-5939-c8f2-08f8-28b34d0f8668,Mega Absol ex,PUG-87F98192,sold,0,,not_recorded,VHONWAE7WHILSFTHAOPYFQ72,0,0,not_recorded,visibility=visible;status=sold;sellable_quantity=0,not_recorded,0,no_sync_record,,website_projection_missing;kiosk_projection_not_recorded
1,connected,local-inventory-f5c93c9e-a20b-436e-b4c9-4eafd2af9d58,92a05767-327c-cf11-acb2-27b2ff7ba8fd,Dark Charmeleon,PUG-1D4B5776,sold,0,,not_recorded,JMF2DHNMF7EFTZQUFUVTJTNS,0,0,not_recorded,visibility=visible;status=sold;sellable_quantity=0,not_recorded,0,no_sync_record,,website_projection_missing;kiosk_projection_not_recorded
1,connected,local-inventory-195f373e-4977-43c1-80ea-94d787115a7f,50b19c95-318c-94d0-60ee-8c3a44df3fa4,Cetitan ex,PUG-A13643D0,available,1,,not_recorded,OIRVY7AUNHKQK7WB7TCDAZOM,1,1,not_recorded,visibility=visible;status=available;sellable_quantity=1,not_recorded,0,no_sync_record,,website_projection_missing;kiosk_projection_not_recorded
1,connected,local-inventory-33aa8cf0-731c-49b4-bee1-9efc392dc6db,33e01d10-90eb-3570-2bdc-e1118625ec4a,M Diancie-EX,PUG-085C6463,available,1,,not_recorded,INP3NJFQNYVUFVJYQAHNBSBH,1,1,not_recorded,visibility=visible;status=available;sellable_quantity=1,not_recorded,0,no_sync_record,,website_projection_missing;kiosk_projection_not_recorded
1,connected,local-inventory-1d575b74-cdcb-4df1-a0b4-28254d368b57,ae31fbf3-d525-1c85-6d63-36f5d19424b5,Mega Abomasnow ex,PUG-D9CF781D-01,available,1,,not_recorded,DMVATEERI4CS2X3KMTPBVUOT,1,1,not_recorded,visibility=visible;status=available;sellable_quantity=1,not_recorded,0,no_sync_record,,website_projection_missing;kiosk_projection_not_recorded
1,connected,local-inventory-18b8245b-e732-4bd4-92a8-31cfb8e453af,65907145-367f-51ee-1906-32d2b06f3b64,Mega Abomasnow ex,PUG-D9CF781D-02,sold,0,,not_recorded,CB3D2GZRLCIGP6BGINZNKZEZ,0,0,not_recorded,visibility=visible;status=sold;sellable_quantity=0,not_recorded,0,no_sync_record,,website_projection_missing;kiosk_projection_not_recorded
1,connected,local-inventory-f683d1e9-eb7d-4ba1-914d-599c872fb5e9,d5a53abe-ba4b-01be-4cc8-57f55667aa16,Mega Gardevoir ex,PUG-50C313C0,available,1,,not_recorded,SWMECSJBLVEMFLRN4M4ZPAES,1,1,not_recorded,visibility=visible;status=available;sellable_quantity=1,not_recorded,0,no_sync_record,,website_projection_missing;kiosk_projection_not_recorded
1,connected,local-inventory-00a56639-bc93-4cd7-bb6a-8c190fb7f361,6538621b-7d13-3506-4468-25cef1ace9a8,M Rayquaza-EX,PUG-5CF643B5,sold,0,,not_recorded,N5BOHQGSLCF42SBPGAQGFUZO,0,0,not_recorded,visibility=visible;status=sold;sellable_quantity=0,not_recorded,0,no_sync_record,,website_projection_missing;kiosk_projection_not_recorded
1,connected,local-inventory-f880df9c-245d-4d21-81f5-958ff5cdb852,e714f3f2-a9ed-e443-4cfb-1caec8d9c8da,Poliwag,PUG-C0DD9E59,available,1,,not_recorded,2GZRBVTEWRU6TKRTEFTOGMSD,1,0,not_recorded,visibility=visible;status=available;sellable_quantity=1,not_recorded,0,synced,,website_projection_missing;square_count_mismatch;kiosk_projection_not_recorded
1,connected,local-inventory-8995b819-be39-4836-90bc-d1aa029a7b04,de5ae4e2-3856-3505-42e1-445011f0a146,Snorlax ex,PUG-58AE1533,sold,0,,not_recorded,MEPXV3BYGUGBDNECJKYEHKO6,0,0,not_recorded,visibility=visible;status=sold;sellable_quantity=0,not_recorded,0,no_sync_record,,website_projection_missing;kiosk_projection_not_recorded
1,connected,local-inventory-a7db9d56-dbd7-419a-987c-3b22bc917446,817fff39-b932-0b83-96dc-80d8cd0fddc4,Blissey ex,PUG-609AAD8A,available,1,,not_recorded,64PLAFHAE7YWPUXCPLE4B2ID,1,1,not_recorded,visibility=visible;status=available;sellable_quantity=1,not_recorded,0,synced,,website_projection_missing;kiosk_projection_not_recorded
1,connected,local-inventory-ae8e6cb6-341f-49a6-b80b-78fca0de6abb,740dab72-a4c4-ae4b-ddc8-522a88254371,Jellicent ex,PUG-966214B3-01,available,1,,not_recorded,OBAQSFF2I7A2IVJ45NNW6L3U,1,1,not_recorded,visibility=visible;status=available;sellable_quantity=1,not_recorded,0,no_sync_record,,website_projection_missing;kiosk_projection_not_recorded
1,connected,local-inventory-a361e32e-39b9-422b-91ab-6e4d95161992,38b6f38f-29b1-6d8f-82b3-5a936d1cbeae,Jellicent ex,PUG-966214B3-02,available,1,,not_recorded,CMQDCL7SW5IF6QIPOMF25BCD,1,1,not_recorded,visibility=visible;status=available;sellable_quantity=1,not_recorded,0,no_sync_record,,website_projection_missing;kiosk_projection_not_recorded
1,connected,local-inventory-1bd044b8-4b5a-4b43-9ee5-3c2af88ca0d2,5711424e-2a1e-d11d-2da5-6690fb7329d8,Piplup,PUG-10470AE1,available,1,,not_recorded,FHXPEZUVLXFGZL4NG5RJLIXF,1,0,not_recorded,visibility=visible;status=available;sellable_quantity=1,not_recorded,0,synced,,website_projection_missing;square_count_mismatch;kiosk_projection_not_recorded
1,connected,local-inventory-9e97a8b7-7b69-49ad-98a6-5d955a2554f1,4f46b0b2-0214-c563-0a23-b6c2a7893238,Lucario ex,PUG-8ED920E5,sold,0,,not_recorded,RZYA7HZJAMS3Q64GLW7IWWIM,0,0,not_recorded,visibility=visible;status=sold;sellable_quantity=0,not_recorded,0,no_sync_record,,website_projection_missing;kiosk_projection_not_recorded
1,connected,local-inventory-b5a93c63-0330-45bf-9bc9-705785230d7d,9314a468-2514-d9a7-a5fb-6825bcf2057a,Tyranitar ex,PUG-8DEEEA45,removed,1,,not_recorded,ETNFV256BJBNGZZAD4HEJSIE,0,0,not_recorded,visibility=hidden;status=removed;sellable_quantity=0,not_recorded,0,synced,,website_projection_missing;kiosk_projection_not_recorded
1,connected,local-inventory-2d4f3053-4444-40a0-94d6-57adda36e397,3456f506-eada-3eba-77d1-110fd431249d,Anorith,PUG-5B8AFBF7,available,1,,not_recorded,7T3KZD4LWHAYD2ECSUCG7OFZ,1,0,not_recorded,visibility=visible;status=available;sellable_quantity=1,not_recorded,0,synced,,website_projection_missing;square_count_mismatch;kiosk_projection_not_recorded
1,connected,local-inventory-adad7ed5-78be-4388-8e3a-8c9a0095c556,91e0613e-6890-b815-04b0-d1cf66fedfa6,M Latios-EX,PUG-AB59324B,sold,0,,not_recorded,PHQZPYOQFCRB6IEF7J4SCHGR,0,0,not_recorded,visibility=visible;status=sold;sellable_quantity=0,not_recorded,0,no_sync_record,,website_projection_missing;kiosk_projection_not_recorded
1,connected,local-inventory-40798ebb-a5c5-42c7-8d61-26206f8e9f23,ea9121ee-d9a2-ba31-cdb8-e949d12e1b91,Tyranitar ex,PUG-5D7B8C98,available,1,,not_recorded,JHJDV5KJY26KLB6J5WXFURXY,1,1,not_recorded,visibility=visible;status=available;sellable_quantity=1,not_recorded,0,no_sync_record,,website_projection_missing;kiosk_projection_not_recorded
1,connected,local-inventory-fbec21c2-c0b3-4548-80e6-751d10c8daf1,01190d07-0c84-fb77-77cb-bd7293f2deee,Paldean Clodsire ex,PUG-91488C5E,available,1,,not_recorded,GO5YQHGNKUQ6GUMFV4VVAF4Y,1,0,not_recorded,visibility=visible;status=available;sellable_quantity=1,not_recorded,0,no_sync_record,,website_projection_missing;square_count_mismatch;kiosk_projection_not_recorded
1,connected,local-inventory-90341a4e-9a2c-4aaf-b813-47b78c0c0e84,2c68ea98-be67-4d22-c106-fe5ddbc2e960,Iono's Bellibolt ex,PUG-7273FE2D,sold,0,,not_recorded,FAKJHDN5ZPRFSEWOUZZ2Q3UU,0,0,not_recorded,visibility=visible;status=sold;sellable_quantity=0,not_recorded,0,no_sync_record,,website_projection_missing;kiosk_projection_not_recorded
1,connected,local-inventory-33114bbf-085c-4cf1-8fa1-f47edf42fddc,6135045c-45b3-5095-7cac-4191d8357e3f,Dudunsparce ex,PUG-065E8733,available,1,,not_recorded,7VXYO62SKN74OVCI3WCP4IOG,1,1,not_recorded,visibility=visible;status=available;sellable_quantity=1,not_recorded,0,synced,,website_projection_missing;kiosk_projection_not_recorded
1,connected,local-inventory-dea9cc9c-cc12-425b-9150-2d7e852ea9ad,2f655ed8-152f-5a1b-3f6f-fbe30ca5be1f,Bouffalant ex,PUG-A41EB97C,available,1,,not_recorded,CY7U6CKBU4T2LIGIMJPVWWGH,1,1,not_recorded,visibility=visible;status=available;sellable_quantity=1,not_recorded,0,no_sync_record,,website_projection_missing;kiosk_projection_not_recorded
1,connected,local-inventory-5ca9912f-db29-456b-9efb-1ea5ec3504bd,894ae0ab-f3f8-9b6f-1b96-d2e77c368c28,Hydreigon ex,PUG-915A7F66,available,1,,not_recorded,6VLP7P4P7BOU373WH6LABO24,1,1,not_recorded,visibility=visible;status=available;sellable_quantity=1,not_recorded,0,no_sync_record,,website_projection_missing;kiosk_projection_not_recorded
1,connected,local-inventory-1faf3451-6b96-4609-81ac-b63690b2d91e,91ed5319-6dc2-47f8-de72-b1dc9c1f8986,Seedot,PUG-74A8F680,available,1,,not_recorded,GNY4XEU2IGA254LNQYXAVVC5,1,0,not_recorded,visibility=visible;status=available;sellable_quantity=1,not_recorded,0,synced,,website_projection_missing;square_count_mismatch;kiosk_projection_not_recorded
1,connected,local-inventory-9ca090b3-18dd-4efb-bea1-55cd4d8181ae,9c190fb2-959b-0897-6ee9-50bfb9bd7387,Reshiram ex,PUG-CA2608FD-01,sold,0,,not_recorded,7IYTUWLO7GPAW6PK77LAHFJ4,0,0,not_recorded,visibility=visible;status=sold;sellable_quantity=0,not_recorded,0,no_sync_record,,website_projection_missing;kiosk_projection_not_recorded
1,connected,local-inventory-83de8f03-b744-40c3-8623-81feb9eeb79f,3aec28c9-fa72-4eef-f3be-507f71738cfd,Reshiram ex,PUG-CA2608FD-02,available,1,,not_recorded,LFUM2CO4GA5SLHVVWQ33XLSO,1,1,not_recorded,visibility=visible;status=available;sellable_quantity=1,not_recorded,0,no_sync_record,,website_projection_missing;kiosk_projection_not_recorded
1,connected,local-inventory-ba462028-1549-4c8e-a46e-0b1ad230e1ee,1711ab2d-a11e-4ea8-93c1-dad63d48a0bb,Alcremie ex,PUG-07A6231C,sold,0,,not_recorded,V2HYH3YT5GV7MV7XPYRMOBJC,0,0,not_recorded,visibility=visible;status=sold;sellable_quantity=0,not_recorded,0,no_sync_record,,website_projection_missing;kiosk_projection_not_recorded
1,connected,local-inventory-e58ab8c4-9127-4ef0-adc3-dce15c60f2a0,56345c27-be24-f2c4-27ca-3f5495490962,Accelgor,PUG-0B296F8C,available,1,,not_recorded,3OXD3QUA5CT2I2T3ORCPKPNL,1,0,not_recorded,visibility=visible;status=available;sellable_quantity=1,not_recorded,0,synced,,website_projection_missing;square_count_mismatch;kiosk_projection_not_recorded
1,connected,local-inventory-89e273d6-d89e-414c-9327-4b18b87e4dd6,de71d2cd-a282-be94-9619-8b2066129354,Ninjask,PUG-55E77997,available,1,,not_recorded,HS36KNHMHJ5PHBYSFMBD2K3S,1,0,not_recorded,visibility=visible;status=available;sellable_quantity=1,not_recorded,0,synced,,website_projection_missing;square_count_mismatch;kiosk_projection_not_recorded
1,connected,local-inventory-b12f5c64-977b-43b4-8192-a72c04c31457,81280219-86a5-65ab-0e1c-70fca196eae3,Venusaur ex,PUG-F680A99F,available,1,,not_recorded,TMXTSNMGS6JTHQASEYZV4BTQ,1,1,not_recorded,visibility=visible;status=available;sellable_quantity=1,not_recorded,0,no_sync_record,,website_projection_missing;kiosk_projection_not_recorded
1,connected,local-inventory-584fe55b-44a0-4cfd-b9a1-eed28848b5b5,5487544e-7f3c-8c58-5b98-dbecb9148b4a,Excadrill ex,PUG-440F575C,available,1,,not_recorded,T4DRH4GU6ZABYQIDQEZLRZGB,1,1,not_recorded,visibility=visible;status=available;sellable_quantity=1,not_recorded,0,no_sync_record,,website_projection_missing;kiosk_projection_not_recorded
1,connected,local-inventory-367a42be-3789-4fcb-ae61-0ac4494d9360,545f9c85-a75d-51f6-e26b-07ea31ac82d7,Reshiram ex,PUG-E646D7D4,available,1,,not_recorded,YTDY6BRR3343OZEGTAON7NES,1,1,not_recorded,visibility=visible;status=available;sellable_quantity=1,not_recorded,0,no_sync_record,,website_projection_missing;kiosk_projection_not_recorded
1,connected,local-inventory-5cef9d95-ab2d-4d91-a04b-f8328a3bf99a,d7c64167-eeb4-eace-c97a-836ac214114a,Blaziken ex,PUG-4981583B,available,1,,not_recorded,GDAZZPO7TZMFRF3WAEIOL4EA,1,0,not_recorded,visibility=visible;status=available;sellable_quantity=1,not_recorded,0,no_sync_record,,website_projection_missing;square_count_mismatch;kiosk_projection_not_recorded
1,connected,local-inventory-dc903041-d5a2-43f4-8c02-8fc15949f544,48a11b16-248b-0ed1-d82a-425776d9c9f6,Blastoise ex,PUG-9859DCA3,available,1,status=available;quantity=1;online=visible;kiosk=visible,not_recorded,SWJUOUX274XB3X35NONVCXHX,1,1,not_recorded,visibility=visible;status=available;sellable_quantity=1,not_recorded,0,synced,,kiosk_projection_not_recorded
1,connected,local-inventory-7d45e659-c0fc-4956-9ca4-5986aebe8e02,3324a385-6e31-5ecc-fa57-c20353bb681b,Genesect ex,PUG-6172085A,available,1,,not_recorded,JHBXQNDFDK7U73LITGUAT6PV,1,1,not_recorded,visibility=visible;status=available;sellable_quantity=1,not_recorded,0,synced,,website_projection_missing;kiosk_projection_not_recorded
1,connected,local-inventory-645db429-36cf-4ffa-9ef3-7b4f07720ce1,cf0e6524-a683-91db-6384-726f5ac53f3c,Bouffalant ex,PUG-4B334A87,available,1,,not_recorded,6K4M2O2TOKBFSJT7FTOIMBLV,1,1,not_recorded,visibility=visible;status=available;sellable_quantity=1,not_recorded,0,synced,,website_projection_missing;kiosk_projection_not_recorded
1,connected,local-inventory-1958b3f5-5025-4679-8a6f-304de4a37428,d3e5918d-53f7-3744-cbf9-1eddb9b61617,Crabominable,PUG-29667344,available,1,,not_recorded,7ZTB22B3GDRFUPFA6Y4A22YX,1,1,not_recorded,visibility=visible;status=available;sellable_quantity=1,not_recorded,0,synced,,website_projection_missing;kiosk_projection_not_recorded
1,connected,local-inventory-f2ceb362-8628-41c2-b53c-bee4a43d84a5,b8676e64-1d1f-45ba-8d07-64c23a2e9990,M Gardevoir-EX,PUG-31652A22,available,1,,not_recorded,LERHPVOCYCTFAWJVUWCXLLTG,1,1,not_recorded,visibility=visible;status=available;sellable_quantity=1,not_recorded,0,synced,,website_projection_missing;kiosk_projection_not_recorded
1,connected,local-inventory-d3f27c42-b066-4134-9b34-bfaac6884453,3155b27f-304c-b400-6dd3-e7f0300f250e,Eevee,PUG-334C3B0B,sold,0,,not_recorded,OFSI65JVZFGJGU5QHNHHAOMZ,0,0,not_recorded,visibility=visible;status=sold;sellable_quantity=0,not_recorded,0,no_sync_record,,website_projection_missing;kiosk_projection_not_recorded
1,connected,local-inventory-c3c6fa97-eb9c-4c0d-ab7e-3b6efe346ffa,c1ab8e81-4827-9df9-d7d6-5b27977eb377,Ruffian,PUG-EEACFC26-01,available,1,,not_recorded,2NGE7EIVCWEKGNHMFM5ZGR7A,1,0,not_recorded,visibility=visible;status=available;sellable_quantity=1,not_recorded,0,synced,,website_projection_missing;square_count_mismatch;kiosk_projection_not_recorded
1,connected,local-inventory-a8e1032c-251a-4aa2-bbf7-849af27b23a1,d9019472-cdc3-05d9-8128-bd62af92ea99,Ruffian,PUG-EEACFC26-02,available,1,,not_recorded,YHUN3TDW4UK7XUW4TZC52AXO,1,1,not_recorded,visibility=visible;status=available;sellable_quantity=1,not_recorded,0,synced,,website_projection_missing;kiosk_projection_not_recorded
1,connected,local-inventory-c26ace05-2c42-4952-99f8-ddad18f190ae,11a09f14-7b29-6736-4eff-193deb89a757,Galvantula,PUG-31C83F4B,sold,0,,not_recorded,KQTXIR36LPSZGTWE47PB2BB3,0,0,not_recorded,visibility=visible;status=sold;sellable_quantity=0,not_recorded,0,no_sync_record,,website_projection_missing;kiosk_projection_not_recorded
1,connected,local-inventory-8467a402-8d92-4284-94c1-137292005be0,91156886-f297-4b6f-681d-955220cc07db,Caterpie,PUG-8443303C,sold,0,,not_recorded,GOOAQQJEUVRLJIGFGXAMSJBZ,0,0,not_recorded,visibility=visible;status=sold;sellable_quantity=0,not_recorded,0,no_sync_record,,website_projection_missing;kiosk_projection_not_recorded
1,connected,local-inventory-d3ce2793-cc4c-442e-af16-97378f38ba1c,deb4548f-48f0-ffb3-2f29-cbd0979a16a2,Musharna,PUG-86E48553,available,1,,not_recorded,N564UYNXLXAUNEFBKLJSDGWT,1,0,not_recorded,visibility=visible;status=available;sellable_quantity=1,not_recorded,0,synced,,website_projection_missing;square_count_mismatch;kiosk_projection_not_recorded
1,connected,local-inventory-b0d02f3c-f9f0-407e-93c7-cbb8ecd7a73d,e0eda6c1-2d60-3977-063c-2abf2d2e6a8f,Heatmor,PUG-2DA39F6B,available,1,,not_recorded,ABMOXWZZY46TQ7KRBULQU3EL,1,1,not_recorded,visibility=visible;status=available;sellable_quantity=1,not_recorded,0,synced,,website_projection_missing;kiosk_projection_not_recorded
1,connected,local-inventory-ea7baede-b8de-4611-824c-600f650ccc29,76d83c23-9872-a735-8c17-8699dc3a9bfe,Dondozo ex,PUG-AAF5ED4E,available,1,,not_recorded,INZDKIPAMLCZ5PIYMOEBK7MK,1,0,not_recorded,visibility=visible;status=available;sellable_quantity=1,not_recorded,0,no_sync_record,,website_projection_missing;square_count_mismatch;kiosk_projection_not_recorded
1,connected,local-inventory-0c380024-f03a-4a4a-b414-a73effbefd04,14a38bd1-d266-bf9a-d355-a84416d1549e,Zekrom ex,PUG-2EE612D4,sold,0,,not_recorded,EDBNDDGU3NTM7FKEXIMZRI64,0,0,not_recorded,visibility=visible;status=sold;sellable_quantity=0,not_recorded,0,synced,,website_projection_missing;kiosk_projection_not_recorded
1,connected,local-inventory-5ed51b90-c42f-4dc0-8572-3762a7e5e937,f098f4dc-0a28-bcb1-1936-cff28dd94e8a,M Gardevoir-EX,PUG-0C429BDF,sold,0,,not_recorded,7K27QAAPKFITPDIIHEQOUNXF,0,0,not_recorded,visibility=visible;status=sold;sellable_quantity=0,not_recorded,0,no_sync_record,,website_projection_missing;kiosk_projection_not_recorded
1,connected,local-inventory-dbd516e1-1fad-45cd-893d-3733067b2dcf,b860ff5e-16dd-37e9-7b4c-833eeb224ecb,Reshiram ex,PUG-93EDFC57,sold,0,,not_recorded,MVRRMKE5WOCVKR2TZ4SSB7HQ,0,0,not_recorded,visibility=visible;status=sold;sellable_quantity=0,not_recorded,0,no_sync_record,,website_projection_missing;kiosk_projection_not_recorded
1,connected,local-inventory-b2a28500-e40d-4f6b-82c9-8c8e82a8ae16,47eaeca9-8bc8-60ec-835d-9855d06670f5,Iron Thorns ex,PUG-EECA75BF,available,1,,not_recorded,GYD7Z2CQ5KP5BJHKDMLY7ELF,1,1,not_recorded,visibility=visible;status=available;sellable_quantity=1,not_recorded,0,synced,,website_projection_missing;kiosk_projection_not_recorded
1,connected,local-inventory-faa9b754-d186-4ac3-8815-663a52805481,2c8ffc49-4d89-893f-3916-f619c6714fc2,Drayton,PUG-47A8B471,sold,1,,not_recorded,5DFXIY3ESYUXIAC2MCPMLBNJ,0,0,not_recorded,visibility=visible;status=sold;sellable_quantity=0,not_recorded,0,synced,,website_projection_missing;kiosk_projection_not_recorded
1,connected,local-inventory-f9319da8-7b41-4e6e-a2f9-9b6f848bfd83,4cdbc270-16a0-4428-e9d0-e4c981b1b7c6,Wigglytuff,PUG-285F56F1,available,1,status=available;quantity=1;online=visible;kiosk=visible,not_recorded,JP32YDPGEDV6ZKIBBEWY7IJ3,1,1,not_recorded,visibility=visible;status=available;sellable_quantity=1,not_recorded,0,synced,,kiosk_projection_not_recorded
1,connected,local-inventory-630a2572-8069-4ddc-a211-ba8161913d75,d6dda19f-24b7-5b86-c0c0-4d1d1aabb1cd,Mega Diancie ex,PUG-7B986F69,available,1,,not_recorded,CEP4G2U4VFKDHRKJFGDPVWX2,1,0,not_recorded,visibility=visible;status=available;sellable_quantity=1,not_recorded,0,no_sync_record,,website_projection_missing;square_count_mismatch;kiosk_projection_not_recorded
1,connected,local-inventory-39a60e5a-6b7a-4fb6-b7df-5c716b1ab7af,b3052596-3ee4-f59c-eacc-5e00a0d34b70,M Heracross-EX,PUG-20131222,available,1,,not_recorded,RZYW7QV5HT4A37PSTD4OBOYU,1,1,not_recorded,visibility=visible;status=available;sellable_quantity=1,not_recorded,0,no_sync_record,,website_projection_missing;kiosk_projection_not_recorded
1,connected,local-inventory-d4257a11-69d0-489e-86e8-cc45698eb8e4,493cc358-4789-6746-668a-709bcbbabdaa,Mega Gengar ex,PUG-1711E458,sold,0,,not_recorded,7QEFCG7J3JGPP3JJRE4QOR4A,0,0,not_recorded,visibility=visible;status=sold;sellable_quantity=0,not_recorded,0,no_sync_record,,website_projection_missing;kiosk_projection_not_recorded
1,connected,local-inventory-a9b8e199-fd11-4443-b991-a978eb5c9ad1,8f0c2d59-ae2c-1be0-a4ae-84baf546befb,Vanillish,PUG-CC44B20D,available,1,,not_recorded,56NVA3XXBTMDJFX3AV2XENVG,1,1,not_recorded,visibility=visible;status=available;sellable_quantity=1,not_recorded,0,synced,,website_projection_missing;kiosk_projection_not_recorded
1,connected,local-inventory-2e0f8460-2ff5-46b8-8555-16f8596f56f0,b496aabf-66ca-f4f0-4688-05adca9d090f,Glaceon ex,PUG-C8B956C6,available,1,,not_recorded,TSZFQDUNBVWVQKAIEBUX3ZM5,1,0,not_recorded,visibility=visible;status=available;sellable_quantity=1,not_recorded,0,no_sync_record,,website_projection_missing;square_count_mismatch;kiosk_projection_not_recorded
1,connected,local-inventory-1a0d0461-e83b-4d04-ad1a-96079bf44afd,3faad057-0696-6151-8fac-7246f627e5c1,Lycanroc,PUG-ECF5C7CE,sold,1,,not_recorded,OTPJYV6WNXLQ4BAWFYJKUNOX,0,0,not_recorded,visibility=visible;status=sold;sellable_quantity=0,not_recorded,0,synced,,website_projection_missing;kiosk_projection_not_recorded
1,connected,local-inventory-32d94e55-010a-401f-8bb4-1e99ac45fcf1,3f675cc2-e3f3-3917-b43a-5dd3815bb175,Swanna,PUG-0C2DFDEB,available,1,,not_recorded,A6P42O7WKI6LN3B2ESFRSJVA,1,1,not_recorded,visibility=visible;status=available;sellable_quantity=1,not_recorded,0,synced,,website_projection_missing;kiosk_projection_not_recorded
1,connected,local-inventory-d992367f-480a-4b18-a511-2e6644d785ab,5686d2f1-1db5-5eb3-ff6b-a7cc836ea0b8,Patrat,PUG-1A6FF9CF,sold,0,,not_recorded,HPHIO5UMMLNKEI6WABS6JFDS,0,0,not_recorded,visibility=visible;status=sold;sellable_quantity=0,not_recorded,0,no_sync_record,,website_projection_missing;kiosk_projection_not_recorded
1,connected,local-inventory-4c5c7246-581c-461b-95c3-7bec9a08e807,d5eeeb4d-8ec9-0c16-86e4-6033ac79538f,Iron Valiant ex,PUG-55FE9FAE,available,1,,not_recorded,MXYN5XXE23BKT56D362WYVKZ,1,1,not_recorded,visibility=visible;status=available;sellable_quantity=1,not_recorded,0,no_sync_record,,website_projection_missing;kiosk_projection_not_recorded
1,connected,local-inventory-c96b7fd5-402a-4e98-9a5e-46dd576a972c,50635d53-bd31-ca9c-957f-ac6740237396,M Gyarados-EX,PUG-0666C291,sold,0,,not_recorded,WGBUTYJK32HSB42FLYNYJG3M,0,0,not_recorded,visibility=visible;status=sold;sellable_quantity=0,not_recorded,0,no_sync_record,,website_projection_missing;kiosk_projection_not_recorded
1,connected,local-inventory-aa7c3c20-c499-4b70-9172-5cded9781f80,5107a466-ead5-0adb-da2f-af9c51f3564e,Rotom ex,PUG-F30169EB,available,1,,not_recorded,LL33PLKK2C6ACJHRZLHZNE6P,1,1,not_recorded,visibility=visible;status=available;sellable_quantity=1,not_recorded,0,no_sync_record,,website_projection_missing;kiosk_projection_not_recorded
1,connected,local-inventory-0da0b65c-f762-4526-a581-4ce39d4c72c6,fae7f7fb-5259-480b-d185-8fc44a283e57,Cynthia's Garchomp ex,PUG-58196F36,available,1,,not_recorded,GID55RQVCUNXQVQSNTXILZ2K,1,0,not_recorded,visibility=visible;status=available;sellable_quantity=1,not_recorded,0,synced,,website_projection_missing;square_count_mismatch;kiosk_projection_not_recorded
1,connected,local-inventory-d1332e82-1f56-4731-bafa-1fa4841173aa,7020ed94-663f-0341-d75f-df8717805bc6,Mega Heracross ex,PUG-C5EF1B65,available,1,,not_recorded,ZH2XQ3XEJVKKAVD3ZKUJBGJL,1,1,not_recorded,visibility=visible;status=available;sellable_quantity=1,not_recorded,0,no_sync_record,,website_projection_missing;kiosk_projection_not_recorded
1,connected,local-inventory-0142d1d6-df4b-4204-a624-07c5d31f8663,86e940dd-c9a7-5945-9357-2f3a8862350e,Iono's Bellibolt ex,PUG-32C52003,available,1,,not_recorded,XD6SCDZVCIW5PD3LCOQ47WY2,1,1,not_recorded,visibility=visible;status=available;sellable_quantity=1,not_recorded,0,no_sync_record,,website_projection_missing;kiosk_projection_not_recorded
1,connected,local-inventory-e3f0e194-addf-4c85-85ab-376bde570ff6,ada4ad69-58fc-0472-9bb5-1ebfb1b4376a,Hop's Zacian ex,PUG-7DFD11E6,available,1,,not_recorded,RN67VCQ5OA4Z5TXG2JW2AY2P,1,1,not_recorded,visibility=visible;status=available;sellable_quantity=1,not_recorded,0,no_sync_record,,website_projection_missing;kiosk_projection_not_recorded
1,connected,local-inventory-f6ae0b6d-328b-4147-9343-9941c24c2602,ad6a2550-76d8-d4c5-8753-d201ba7f8578,M Altaria-EX,PUG-9E4DFD22,available,1,,not_recorded,YDDAMW53QABAD32FP7D3PRCL,1,0,not_recorded,visibility=visible;status=available;sellable_quantity=1,not_recorded,0,no_sync_record,,website_projection_missing;square_count_mismatch;kiosk_projection_not_recorded
1,connected,local-inventory-04593c15-1abf-4cd3-8245-701ca9a236aa,fec6265b-cae6-c640-e992-6740e4112838,Virtue of Strength // Garenbrig Growth,PUG-2C3C77EC,available,1,,not_recorded,PFHUFT3K4DZMONGTVPLCGTCS,1,1,not_recorded,visibility=visible;status=available;sellable_quantity=1,not_recorded,0,no_sync_record,,website_projection_missing;kiosk_projection_not_recorded
1,connected,local-inventory-86c337b7-ad3d-4d5f-98ab-4cbd79a6bc9d,c7935bc7-d214-2162-c248-c7f409758e43,Force of Virtue,PUG-43400133-01,available,1,,not_recorded,CGMUMRKTV7OQEBYCSRB7KDKJ,1,1,not_recorded,visibility=visible;status=available;sellable_quantity=1,not_recorded,0,synced,,website_projection_missing;kiosk_projection_not_recorded
1,connected,local-inventory-cb5baf7c-fd13-4948-86e6-bd22bc109715,7dc2609f-28c2-4432-c93b-77f7085ea351,Force of Virtue,PUG-43400133-02,available,1,,not_recorded,PHGLJR3M2XQWHMSSHZKTPMBZ,1,1,not_recorded,visibility=visible;status=available;sellable_quantity=1,not_recorded,0,synced,,website_projection_missing;kiosk_projection_not_recorded
1,connected,local-inventory-7644d252-2205-499c-918e-838eae344599,bc6fa916-3289-0af5-cdaf-683386c4ff0d,Force of Virtue,PUG-43400133-03,available,1,,not_recorded,V4DHH7ORJHHISTHO4K5KLFYQ,1,1,not_recorded,visibility=visible;status=available;sellable_quantity=1,not_recorded,0,synced,,website_projection_missing;kiosk_projection_not_recorded
1,connected,local-inventory-255e6ba6-34f1-4cc2-957a-4a013c7b86c4,d4962b86-8039-41c6-7d68-9b815089b3ad,Force of Virtue,PUG-43400133-04,available,1,,not_recorded,RDMX4OPTZP2KHNCBQPJANWAP,1,1,not_recorded,visibility=visible;status=available;sellable_quantity=1,not_recorded,0,synced,,website_projection_missing;kiosk_projection_not_recorded
1,connected,local-inventory-b5622070-96f7-4c71-9cdd-4ce61fec3577,bf7f96b1-17a6-0fdc-6448-c9503f5aa62c,M Steelix-EX,PUG-CEECE62B,sold,0,,not_recorded,7LH6ZY2I5T46BS3P7FTLR65U,0,0,not_recorded,visibility=visible;status=sold;sellable_quantity=0,not_recorded,0,no_sync_record,,website_projection_missing;kiosk_projection_not_recorded
1,connected,local-inventory-4620f846-4952-45b8-b6fb-6d71a564f842,e5b6c269-a01c-3a39-6953-275bc72bb19c,Bagon,PUG-0755EAF3,removed,1,,not_recorded,7C7SCMRZI64CARWMP2W2GFOB,0,0,not_recorded,visibility=hidden;status=removed;sellable_quantity=0,not_recorded,0,synced,,website_projection_missing;kiosk_projection_not_recorded
1,connected,local-inventory-f09feba9-0b58-46bc-b9e9-46de69799b5c,33848f14-0528-c32f-edcb-d3508ca4d89c,M Alakazam-EX,PUG-084067F4,available,1,,not_recorded,O4MD2YCYPSGUJLKTE4HISKYZ,1,0,not_recorded,visibility=visible;status=available;sellable_quantity=1,not_recorded,0,no_sync_record,,website_projection_missing;square_count_mismatch;kiosk_projection_not_recorded
1,connected,local-inventory-a483f413-af70-4d0a-89f0-e205799a46c8,278bc483-dee0-dbac-de87-dcd667845a73,M Camerupt-EX,PUG-7AA82F58,available,1,,not_recorded,VKT4VR526KCN26HJQOXN6NFR,1,1,not_recorded,visibility=visible;status=available;sellable_quantity=1,not_recorded,0,no_sync_record,,website_projection_missing;kiosk_projection_not_recorded
1,connected,local-inventory-67f2e755-9dc5-4c05-be8d-ab7de58c8658,2b687838-a2d2-b482-1dd2-3eb3c4ddbde1,M Beedrill-EX,PUG-BBBCB567,available,1,,not_recorded,3HKANDWXB5MMP43CIRTV5FBY,1,0,not_recorded,visibility=visible;status=available;sellable_quantity=1,not_recorded,0,no_sync_record,,website_projection_missing;square_count_mismatch;kiosk_projection_not_recorded
1,connected,local-inventory-13e0cce5-2c3a-42f0-bdc2-e3e15200e562,0e16c8cd-4874-7a88-a447-1493a35e7ad8,M Slowbro-EX,PUG-60C8259A,sold,0,,not_recorded,DXLHVLED3NL3RE5MFNU2HVC6,0,0,not_recorded,visibility=visible;status=sold;sellable_quantity=0,not_recorded,0,no_sync_record,,website_projection_missing;kiosk_projection_not_recorded
1,connected,local-inventory-31fc37ef-d36f-4bf9-b6a3-86f3d666265e,808534a9-88f0-0ab7-d2ab-1c00dc139e69,M Garchomp-EX,PUG-ED824A56,sold,0,,not_recorded,Y2IBOP7BOUQFYIRYQDNBLV3W,0,0,not_recorded,visibility=visible;status=sold;sellable_quantity=0,not_recorded,0,no_sync_record,,website_projection_missing;kiosk_projection_not_recorded
1,connected,local-inventory-9d8d7afb-ba33-418f-9d47-0b0dba0583b5,aada2776-d3b7-8bea-7a77-64a1e87b93f1,M Aerodactyl-EX,PUG-4AF900FA,available,1,,not_recorded,R62EO7ADNZSUEZ6WFIH2G4GC,1,0,not_recorded,visibility=visible;status=available;sellable_quantity=1,not_recorded,0,no_sync_record,,website_projection_missing;square_count_mismatch;kiosk_projection_not_recorded
1,connected,local-inventory-64f95428-c1fa-4396-8b63-3af56eb1948a,a645df68-30fe-d7e6-7cfd-a4a28c9fd1e7,Dragonite,PUG-6B85DFA6,removed,1,,not_recorded,FUAEJRTENDMW5LPNKNDT2IV6,0,0,not_recorded,visibility=hidden;status=removed;sellable_quantity=0,not_recorded,0,synced,,website_projection_missing;kiosk_projection_not_recorded
1,connected,local-inventory-df31d230-5217-49c6-bb57-6cb2d452e740,64063bb3-90d8-9c96-e9e9-4b49f2af566c,Dragonair,PUG-31A00A5A,removed,1,,not_recorded,GHUPOO6OR4PWS3XLZMZ4W6IA,0,0,not_recorded,visibility=hidden;status=removed;sellable_quantity=0,not_recorded,0,synced,,website_projection_missing;kiosk_projection_not_recorded
1,connected,local-inventory-dfeb718f-acf8-4d7e-a635-634e6fc3b1ff,8adeafd4-d3da-6709-55af-9b64ad6a799e,Shelgon,PUG-D8756D7A,removed,1,,not_recorded,36IE7ULYBYLORHFGNZWS46N2,0,0,not_recorded,visibility=hidden;status=removed;sellable_quantity=0,not_recorded,0,synced,,website_projection_missing;kiosk_projection_not_recorded
1,connected,local-inventory-97590712-b369-4c1d-b34a-c8b2c7fa4776,0303ad1f-0bc8-eb1f-30cf-b21de3447896,M Charizard-EX,PUG-A8A40711,available,1,,not_recorded,V6UP5VUNZ3ADLDEXH6V44Y5I,1,1,not_recorded,visibility=visible;status=available;sellable_quantity=1,not_recorded,0,synced,,website_projection_missing;kiosk_projection_not_recorded
1,connected,local-inventory-4d0ded7e-2745-4889-a82d-5ff4d92e5413,9b3de45f-d5e3-f7d7-3aef-be9ebd1d06e4,M Charizard-EX,PUG-116950DD,sold,0,,not_recorded,6HR3RLKJJKCYB2WWVSCXC5ZO,0,0,not_recorded,visibility=visible;status=sold;sellable_quantity=0,not_recorded,0,synced,,website_projection_missing;kiosk_projection_not_recorded
1,connected,local-inventory-000c23aa-ded0-4dbe-973e-f99082693848,c84e01ed-35fa-1b7e-15cb-562d510a1d43,M Venusaur-EX,PUG-3FAA57D8,available,1,,not_recorded,R76MTEIV3KJDVFNSIOU3QOMN,1,1,not_recorded,visibility=visible;status=available;sellable_quantity=1,not_recorded,0,synced,,website_projection_missing;kiosk_projection_not_recorded
1,connected,local-inventory-adca4804-757c-4e23-97bf-fce668338269,94dde20b-7c37-32fd-bbf7-0ce7ee04dbb3,M Blastoise-EX,PUG-5F716447,sold,1,,not_recorded,GEHOVZ2XAVKUV7QEHAN4NKI4,0,0,not_recorded,visibility=visible;status=sold;sellable_quantity=0,not_recorded,0,synced,,website_projection_missing;kiosk_projection_not_recorded
1,connected,local-inventory-8a33796f-d220-4d1a-8b08-7cc40aec86ae,13a0a0e0-2c39-b89c-c6c3-80a2d44b470d,Dragonite,PUG-4D3811DC,sold,1,,not_recorded,2MLEWCN66LELYXWYEHZSGKBZ,0,0,not_recorded,visibility=visible;status=sold;sellable_quantity=0,not_recorded,0,synced,,website_projection_missing;kiosk_projection_not_recorded
1,connected,local-inventory-5ccbd157-c36c-46c9-a5b5-bc69f19e1685,55239597-177e-765a-7cbb-0a43116cd8c2,Dragonair,PUG-84F0100E,sold,1,,not_recorded,SSZYXEQJYTAHXUIOAGM7M3IO,0,0,not_recorded,visibility=visible;status=sold;sellable_quantity=0,not_recorded,0,synced,,website_projection_missing;kiosk_projection_not_recorded
1,connected,local-inventory-d4eccc31-b118-4780-9d1c-d3687a59003f,73d1f0cb-0a91-12db-c130-6b88636fc24a,Bagon,PUG-95688CE1,sold,0,,not_recorded,FEGT2Z6KCOMOXD5THXJBMI2K,0,0,not_recorded,visibility=visible;status=sold;sellable_quantity=0,not_recorded,0,no_sync_record,,website_projection_missing;kiosk_projection_not_recorded
1,connected,local-inventory-4c1c5e4c-33e8-489f-ba69-1eccd2a12313,6f8c4019-6043-e375-421a-c0f641a0ee55,Shelgon,PUG-8DC79C6B,sold,0,,not_recorded,EKLQA2M5T77H3CLQY4ENM5BY,0,0,not_recorded,visibility=visible;status=sold;sellable_quantity=0,not_recorded,0,no_sync_record,,website_projection_missing;kiosk_projection_not_recorded
1,connected,local-inventory-efb94f46-adf5-4102-9d33-204735337bb2,cc05f5a5-eb21-9a0f-93ae-e86f4855eb6c,M Tyranitar-EX,PUG-B762809D,available,1,,not_recorded,JWPTRXXBIPBTW22IYMNGCOVH,1,0,not_recorded,visibility=visible;status=available;sellable_quantity=1,not_recorded,0,no_sync_record,,website_projection_missing;square_count_mismatch;kiosk_projection_not_recorded
1,connected,local-inventory-ff84b735-6ad5-49a2-a4df-6fc578e97d41,b6e8e26d-4d18-1c88-7b1a-5523874b1049,Axew,PUG-AC5B9ACB,sold,0,,not_recorded,TUWILL3RFPH2NJNTFYM6JWWD,0,0,not_recorded,visibility=visible;status=sold;sellable_quantity=0,not_recorded,0,no_sync_record,,website_projection_missing;kiosk_projection_not_recorded
1,connected,local-inventory-438ed328-5635-40bf-9d3c-f1f40ec4d8b1,6fef71f8-315a-3746-d52b-ba6c2f56eca7,Dratini,PUG-DC6D6CE7,available,1,,not_recorded,BCNCGPR2BORFB2GH2LC3H7O5,1,1,not_recorded,visibility=visible;status=available;sellable_quantity=1,not_recorded,0,no_sync_record,,website_projection_missing;kiosk_projection_not_recorded
1,connected,local-inventory-9e0bd859-cf93-4cb5-b856-086beb693eeb,0b290766-3559-25b6-fea5-3b02fb25ec1a,M Kangaskhan-EX,PUG-A18737FF,sold,0,,not_recorded,NKDMEGIREOHGCQBVWR74QKBF,0,0,not_recorded,visibility=visible;status=sold;sellable_quantity=0,not_recorded,0,no_sync_record,,website_projection_missing;kiosk_projection_not_recorded
1,connected,local-inventory-9f5aece2-d17d-4f73-b1dc-5a944fe49c6f,4174e619-ea9e-2508-56a5-8622a86d2d1d,Fraxure,PUG-2BE369E6,sold,0,,not_recorded,M6ZCDKM47A6XREX36MTJE5AI,0,0,not_recorded,visibility=visible;status=sold;sellable_quantity=0,not_recorded,0,no_sync_record,,website_projection_missing;kiosk_projection_not_recorded
1,connected,local-inventory-dd6af537-f1ff-4cdf-961b-afc5514c0fef,ef0127ff-6f50-3b76-7cf1-b9c2a51ea926,Druddigon,PUG-34DB5A83,available,1,,not_recorded,4FRGSK6IWXMZ6WSXCI7C6AZA,1,1,not_recorded,visibility=visible;status=available;sellable_quantity=1,not_recorded,0,synced,,website_projection_missing;kiosk_projection_not_recorded
1,connected,local-inventory-865854e5-88ef-431c-9e61-abdc70e39ba1,46207425-490f-7f1a-79b2-73443f4b2798,Jirachi,PUG-5C605036,sold,0,,not_recorded,OTQDSNCTU7SWGGSQ2WBINJWS,0,0,not_recorded,visibility=visible;status=sold;sellable_quantity=0,not_recorded,0,no_sync_record,,website_projection_missing;kiosk_projection_not_recorded
1,connected,local-inventory-cc727a92-c805-4f97-9826-b379d903044d,2990ccd4-2129-6e66-1b46-ac017a3e422d,M Venusaur-EX,PUG-37C1036E,sold,0,,not_recorded,CPZEULPPDYRCH3WKWV22677F,0,0,not_recorded,visibility=hidden;status=sold;sellable_quantity=0,not_recorded,0,synced,,website_projection_missing;kiosk_projection_not_recorded
1,connected,local-inventory-c90754bc-0839-48a6-980f-ca8bc8b255c8,ec83fd04-375a-2e5b-d0ed-080902b5e2ee,M Pidgeot-EX,PUG-7580C250,sold,0,,not_recorded,VLDOGJA2OPV6PAQGDMB6BTDR,0,0,not_recorded,visibility=visible;status=sold;sellable_quantity=0,not_recorded,0,no_sync_record,,website_projection_missing;kiosk_projection_not_recorded
1,connected,local-inventory-0a35dbcd-faf9-4681-ab75-b6d8d4301a40,42d43bc3-63e4-a43a-288e-2db30cb1a60d,M Lucario-EX,PUG-40F7F40E,available,1,,not_recorded,EX35N2DC7USZSFYVWLO3VIF6,1,0,not_recorded,visibility=visible;status=available;sellable_quantity=1,not_recorded,0,no_sync_record,,website_projection_missing;square_count_mismatch;kiosk_projection_not_recorded
1,connected,local-inventory-fb856399-b0af-4da2-8334-ff30880369dd,018cd1e2-f042-3310-a371-828ec3d685c1,Crabominable,PUG-CFDD29B8,available,1,,not_recorded,2NLNOXIZHAE7ZER7OD4BLULQ,1,1,not_recorded,visibility=visible;status=available;sellable_quantity=1,not_recorded,0,synced,,website_projection_missing;kiosk_projection_not_recorded
1,connected,local-inventory-e4ecedb6-6122-4ea7-a504-dbd70fc87cc3,d73359c2-fcb1-73e2-7cf8-2e25d8d3f5f6,"Journey to Eternity // Atzal, Cave of Eternity",PUG-BD9454C7,available,1,,not_recorded,TW72REDKYU7DBFHDNRHFPADB,1,1,not_recorded,visibility=visible;status=available;sellable_quantity=1,not_recorded,0,synced,,website_projection_missing;kiosk_projection_not_recorded
1,connected,local-inventory-2e272acb-b215-4905-b8e7-8df16d28f5cc,2d35fc03-5a31-be59-839a-fb89f867cb5e,Dragon Broodmother,PUG-457A3E62,available,1,,not_recorded,2SJYNBIKPYXQNDONJS34APPC,1,1,not_recorded,visibility=visible;status=available;sellable_quantity=1,not_recorded,0,no_sync_record,,website_projection_missing;kiosk_projection_not_recorded
1,connected,local-inventory-97576bfa-b3cb-4a8e-aa90-6aa8411ef6a6,d420b693-d0bd-fd9d-daa6-09a40e81ea72,Radiant Alakazam,PUG-3E252E5C,available,1,,not_recorded,EJ4CNYRLUPOFK6S2GXNZV34V,1,1,not_recorded,visibility=visible;status=available;sellable_quantity=1,not_recorded,0,no_sync_record,,website_projection_missing;kiosk_projection_not_recorded
1,connected,local-inventory-32b31d37-1107-4fb4-8f68-e417a12bb2c5,2aae3c1e-98df-612d-6675-ea723d0e54f3,Radiant Jirachi,PUG-C8BB2646,sold,1,,not_recorded,YXBJREFNSOTP7XQPYS6P2UYO,0,0,not_recorded,visibility=visible;status=sold;sellable_quantity=0,not_recorded,0,synced,,website_projection_missing;kiosk_projection_not_recorded
1,connected,local-inventory-bec32b88-059b-4b14-a32e-a8c984784f0b,fe2fb516-0364-4af8-9c71-dffcaa2cccee,Gardevoir ex,PUG-D333C5DE,available,2,,not_recorded,UKEUP3AYUWPHVRDDB6XTFFU5,2,2,not_recorded,visibility=visible;status=available;sellable_quantity=2,not_recorded,0,synced,,website_projection_missing;kiosk_projection_not_recorded
1,connected,local-inventory-35ee870d-a733-4bdd-a0cc-d85a58e96d72,74adcd8b-cd6a-fd77-f985-7913b7b871e2,Team Rocket's Persian ex,PUG-76BF7F0D,available,1,,not_recorded,VTQM4CNAD4ELMLXOUHBDDV3S,1,1,not_recorded,visibility=visible;status=available;sellable_quantity=1,not_recorded,0,no_sync_record,,website_projection_missing;kiosk_projection_not_recorded
1,connected,local-inventory-48a0def5-15ab-45d3-99a0-7c05fa3d515d,892c0308-5ada-82f2-79d2-a8272cdcd08d,Marnie's Grimmsnarl ex,PUG-9D77AA4D,available,1,,not_recorded,GK6POWSQWCNMBXUPR4LUNJQS,1,1,not_recorded,visibility=visible;status=available;sellable_quantity=1,not_recorded,0,no_sync_record,,website_projection_missing;kiosk_projection_not_recorded
1,connected,local-inventory-e92804f6-c892-4a0d-a07e-27197bc83363,fd5f084c-1196-309a-cf6a-9642566fa4df,Spidops ex,PUG-E213DA65,removed,1,,not_recorded,OLNZ6VHHITFRAILKPES5NI6U,0,0,not_recorded,visibility=hidden;status=removed;sellable_quantity=0,not_recorded,0,synced,,website_projection_missing;kiosk_projection_not_recorded
1,connected,local-inventory-0b7a2593-ca37-42b8-8320-31fe7bbfb645,5cfd3abd-9552-596e-dd26-3a2d7b95497a,Tapu Koko ex,PUG-26978F8D,available,1,,not_recorded,R5ET6MKS7PBATXNN6QFLWGA4,1,1,not_recorded,visibility=visible;status=available;sellable_quantity=1,not_recorded,0,no_sync_record,,website_projection_missing;kiosk_projection_not_recorded
1,connected,local-inventory-51dc0efa-8150-4199-812b-7f0e172954dd,1b286bb1-4e67-2558-5fd4-7b745f2f8fb7,Mimikyu ex,PUG-D4C54A70,available,0,,not_recorded,H5DW3SQITUAYQBIX4DXNLEUI,0,0,not_recorded,visibility=visible;status=available;sellable_quantity=0,not_recorded,0,synced,,website_projection_missing;kiosk_projection_not_recorded
1,connected,local-inventory-01057aff-caf6-47d2-84c5-780e58b1b4af,2a0fe2a2-0a87-fc77-0f6e-e298638307ad,Mimikyu ex,PUG-141CE600,available,1,,not_recorded,XKWHSZBDZ3PA3C6VFLFLLVQR,1,1,not_recorded,visibility=visible;status=available;sellable_quantity=1,not_recorded,0,no_sync_record,,website_projection_missing;kiosk_projection_not_recorded
1,connected,local-inventory-de5ecb8d-49f7-4f72-95af-c82653fe4bad,1ce8e9ca-d41b-7482-2acd-9e1052ff6341,Hop's Zacian ex,PUG-4E9D9049,available,1,,not_recorded,5A47V43PIXL5PRHHLSTI6DAM,1,1,not_recorded,visibility=visible;status=available;sellable_quantity=1,not_recorded,0,no_sync_record,,website_projection_missing;kiosk_projection_not_recorded
1,connected,local-inventory-893cb750-abff-4f9a-9c4d-07e64cd2e270,7c17828f-d434-b2bc-eb0a-9e7c3771f49c,Salazzle ex,PUG-92D99C59,available,1,,not_recorded,OLPHHD7UQBQENZQRHHRYM6HJ,1,1,not_recorded,visibility=visible;status=available;sellable_quantity=1,not_recorded,0,no_sync_record,,website_projection_missing;kiosk_projection_not_recorded
1,connected,local-inventory-579b0ff7-53f8-4cf2-84d1-1dc828b70854,257742ff-74a6-f991-9a02-bd40ce85f185,Spidops ex,PUG-CFCCF1EB-01,removed,1,,not_recorded,2JC5FCR22BSD4RX3RMACFYRQ,0,0,not_recorded,visibility=hidden;status=removed;sellable_quantity=0,not_recorded,0,synced,,website_projection_missing;kiosk_projection_not_recorded
1,connected,local-inventory-88c1cf10-eb19-4814-a85b-4a8f1a712f03,5090c244-0759-d4da-042d-ec3a45e94ac0,Spidops ex,PUG-CFCCF1EB-02,removed,1,,not_recorded,JZFK53CDGXZTE47X5ITHJJEA,0,0,not_recorded,visibility=hidden;status=removed;sellable_quantity=0,not_recorded,0,synced,,website_projection_missing;kiosk_projection_not_recorded
1,connected,local-inventory-671ad648-8b7c-4fee-bad9-19a67a7f3ccd,eeb3ebfa-1963-4f71-d440-1f6eba4d97f2,Spidops ex,PUG-CFCCF1EB-03,removed,1,,not_recorded,LXZWSCNOIY3MKMW4U3SHMPND,0,0,not_recorded,visibility=hidden;status=removed;sellable_quantity=0,not_recorded,0,synced,,website_projection_missing;kiosk_projection_not_recorded
1,connected,local-inventory-67ef4c92-cd3d-4372-bc00-cd75e343dff4,9148a8e0-72f6-9b00-08d4-edc366ebf8e6,Ting-Lu ex,PUG-9608F941-01,available,1,,not_recorded,JJQOMHJSOI5ME2S5I5EVWX67,1,1,not_recorded,visibility=visible;status=available;sellable_quantity=1,not_recorded,0,no_sync_record,,website_projection_missing;kiosk_projection_not_recorded
1,connected,local-inventory-23c9b135-529f-4603-ba02-4a1c1d103e66,61f7571e-7830-9d76-9066-9648f2978aa3,Ting-Lu ex,PUG-9608F941-02,available,1,,not_recorded,4LJBVB6562UA7YCQMALZDYKR,1,0,not_recorded,visibility=visible;status=available;sellable_quantity=1,not_recorded,0,no_sync_record,,website_projection_missing;square_count_mismatch;kiosk_projection_not_recorded
1,connected,local-inventory-7c86c937-6413-4d3a-9bd1-b18c9d25c331,833f6a2d-0bab-96fa-c468-8678deda690c,Ting-Lu ex,PUG-9608F941-03,available,1,,not_recorded,2UU7OXYUQWYI5FXXF27NZNH5,1,1,not_recorded,visibility=visible;status=available;sellable_quantity=1,not_recorded,0,no_sync_record,,website_projection_missing;kiosk_projection_not_recorded
1,connected,local-inventory-9a4e5217-abba-4c95-9c42-8ad9088ccca1,d49876d8-33f1-4edd-78cd-4156da2563e3,Iron Treads ex,PUG-4266B5DC-01,removed,13,,not_recorded,3DKOLH4QUJPN6T3N2EOC2FVG,0,0,not_recorded,visibility=hidden;status=removed;sellable_quantity=0,not_recorded,0,synced,,website_projection_missing;kiosk_projection_not_recorded
1,connected,local-inventory-bec83ea0-cdd4-4a66-ae3f-4c82fcc834a2,37bc2484-43cd-7e2e-34bb-f9337ce557d2,Iron Treads ex,PUG-4266B5DC-02,removed,0,,not_recorded,J7UQRMXG3V454MIC4DDOHGAK,0,0,not_recorded,visibility=hidden;status=removed;sellable_quantity=0,not_recorded,0,synced,,website_projection_missing;kiosk_projection_not_recorded
1,connected,local-inventory-bcb06365-fd5f-45f2-a172-fef7d6f101cb,cf6e9852-c589-579a-2a50-e9d5f04b7e2f,Iron Treads ex,PUG-4266B5DC-03,removed,0,,not_recorded,4MMG7MDPAAERKLASECKQCO4A,0,0,not_recorded,visibility=hidden;status=removed;sellable_quantity=0,not_recorded,0,synced,,website_projection_missing;kiosk_projection_not_recorded
1,connected,local-inventory-234f7fa2-310a-4a24-8a59-cb86e4fb5a0d,96612ba8-de2d-c8f3-f905-06e4b6aff597,Iron Treads ex,PUG-4266B5DC-04,removed,0,,not_recorded,DH6L6HQIQD25CL6MQ7ESL3A6,0,0,not_recorded,visibility=hidden;status=removed;sellable_quantity=0,not_recorded,0,synced,,website_projection_missing;kiosk_projection_not_recorded
1,connected,local-inventory-355f2fee-13d6-426b-bfe1-8aacc172e104,93553d04-bd79-3a97-63d5-191e4c10e1c1,Iron Treads ex,PUG-4266B5DC-05,removed,0,,not_recorded,Y3KYDMFJIYIFXM7LXDGLENE3,0,0,not_recorded,visibility=hidden;status=removed;sellable_quantity=0,not_recorded,0,synced,,website_projection_missing;kiosk_projection_not_recorded
1,connected,local-inventory-c336b955-92af-49c6-8bca-704e79a1bfb0,9e96bc0a-5485-cabb-b071-6d3a8f1ec781,Iron Treads ex,PUG-4266B5DC-06,removed,0,,not_recorded,IIOUTCBJXRNOBCUTSFPTIDZM,0,0,not_recorded,visibility=hidden;status=removed;sellable_quantity=0,not_recorded,0,synced,,website_projection_missing;kiosk_projection_not_recorded
1,connected,local-inventory-b60b948f-5796-40c1-8181-b558787e9bd6,3d4d959e-76b2-a500-60a4-076cb34acdc7,Iron Treads ex,PUG-4266B5DC-07,removed,0,,not_recorded,VLFFWSUL4W3OGG6NICRPWAXC,0,0,not_recorded,visibility=hidden;status=removed;sellable_quantity=0,not_recorded,0,synced,,website_projection_missing;kiosk_projection_not_recorded
1,connected,local-inventory-faf205a4-9aa5-436a-920f-fc245233761c,a0bbe897-5a04-ab28-0c89-0b9fba0b4024,Iron Treads ex,PUG-4266B5DC-08,removed,0,,not_recorded,JDVN7OMXZ2UEKZ5O7PKWJYA2,0,0,not_recorded,visibility=hidden;status=removed;sellable_quantity=0,not_recorded,0,synced,,website_projection_missing;kiosk_projection_not_recorded
1,connected,local-inventory-8a4aa821-acd6-4cc0-b1b4-124781faeae2,4fcfcad0-5311-d71c-30eb-f819dfedd95d,Iron Treads ex,PUG-4266B5DC-09,removed,0,,not_recorded,K3EBBOOGIMY3JMAUFH43BAAZ,0,0,not_recorded,visibility=hidden;status=removed;sellable_quantity=0,not_recorded,0,synced,,website_projection_missing;kiosk_projection_not_recorded
1,connected,local-inventory-75861647-d572-4c46-9d61-75d251c1236c,adbbf22a-aca0-d804-aec4-6b7271e32445,Iron Treads ex,PUG-4266B5DC-10,removed,0,,not_recorded,XA6O4VZJMPECHRQEUHKWDL5C,0,0,not_recorded,visibility=hidden;status=removed;sellable_quantity=0,not_recorded,0,synced,,website_projection_missing;kiosk_projection_not_recorded
1,connected,local-inventory-00ef3799-2511-4a3b-9b17-ee5d7dbb5272,1bb0d567-6139-e6d8-4ce2-8cac368cfd77,Iron Treads ex,PUG-4266B5DC-11,removed,0,,not_recorded,IRWGIXIL7QUS2NTMTYT4TZMU,0,0,not_recorded,visibility=hidden;status=removed;sellable_quantity=0,not_recorded,0,synced,,website_projection_missing;kiosk_projection_not_recorded
1,connected,local-inventory-db9674c2-316b-4995-9bef-8dfeed44a884,6e76eac1-b8c4-887d-08ef-c7b2df4d55ec,Iron Treads ex,PUG-4266B5DC-12,removed,0,,not_recorded,37ZD72APF3TDIJBRXWP52XST,0,0,not_recorded,visibility=hidden;status=removed;sellable_quantity=0,not_recorded,0,synced,,website_projection_missing;kiosk_projection_not_recorded
1,connected,local-inventory-88bbc026-b3a8-4813-a1ea-d25d0f342110,492ca2fa-138f-9bf7-45f5-11a83c7ad81a,Iron Treads ex,PUG-4266B5DC-13,removed,0,,not_recorded,VB7X7ZRT3XOZN53Y75I5OXJ4,0,0,not_recorded,visibility=hidden;status=removed;sellable_quantity=0,not_recorded,0,synced,,website_projection_missing;kiosk_projection_not_recorded
1,connected,local-inventory-f5c06a0a-505c-4883-af0b-3acc5c1f155a,fcac8a1a-88b2-307f-65d9-00c398c5f8c4,Iron Treads ex,PUG-E3D848AE,available,13,,not_recorded,4HXBUS6DMJWLIKPSAXGHZ7N2,13,13,not_recorded,visibility=visible;status=available;sellable_quantity=13,not_recorded,0,synced,,website_projection_missing;kiosk_projection_not_recorded
1,connected,local-inventory-bb51fecc-7f98-4beb-bcb7-976f1ecbf989,2734c930-7d4f-b61f-f7a5-f525806b29e6,Armarouge ex,PUG-9155671D,available,1,,not_recorded,VZUEWN65TVMF6CCPHPZRJQCM,1,1,not_recorded,visibility=visible;status=available;sellable_quantity=1,not_recorded,0,synced,,website_projection_missing;kiosk_projection_not_recorded
1,connected,local-inventory-1780ad25-8387-4226-832f-2952c648d00b,f7718b38-0c7a-43a6-d4ff-591aef557cbe,Team Rocket's Nidoking ex,PUG-21241151,available,1,,not_recorded,QYGHSDWHWTAG6WWZHSQAPV27,1,1,not_recorded,visibility=visible;status=available;sellable_quantity=1,not_recorded,0,no_sync_record,,website_projection_missing;kiosk_projection_not_recorded
1,connected,local-inventory-cb3ccb9d-81e0-4115-be19-3d25b929d0d8,b5d9cff0-9656-af23-3041-49b272353b89,Luxray ex,PUG-01E97F03,available,2,,not_recorded,ZRNXXU73UCHE5LOHPOXPGZCB,2,2,not_recorded,visibility=visible;status=available;sellable_quantity=2,not_recorded,0,synced,,website_projection_missing;kiosk_projection_not_recorded
1,connected,local-inventory-295fa83b-14ba-404e-9dd6-945dd78d1edc,00691530-6b0f-342f-9c72-9cc7bb1359fd,Team Rocket's Crobat ex,PUG-6CDEEFDF,available,1,,not_recorded,CURNWTJTCFNHTDWZJUVDXQ4U,1,1,not_recorded,visibility=visible;status=available;sellable_quantity=1,not_recorded,0,no_sync_record,,website_projection_missing;kiosk_projection_not_recorded
1,connected,local-inventory-19e1535c-5f09-4838-9b46-aed66697550a,4ba4153a-e58a-b2f6-8b75-64629239abed,Yanmega ex,PUG-2F74C0BD,available,1,,not_recorded,UBY22UTNGIJZTSJTUD7N4QW3,1,1,not_recorded,visibility=visible;status=available;sellable_quantity=1,not_recorded,0,no_sync_record,,website_projection_missing;kiosk_projection_not_recorded
1,connected,local-inventory-7a616781-f076-4edf-b758-89809d7facaa,e2287ea2-b717-bbe0-865a-49274a744c77,Mega Clefable ex,PUG-5E7ACAAC,conflict,1,,not_recorded,OEWM3KSHPCUUXEQ4BKH6LM7C,0,0,not_recorded,visibility=visible;status=conflict;sellable_quantity=0,not_recorded,0,failed:external_sync_state:conflict,,website_projection_missing;internal_sync_state_failed;kiosk_projection_not_recorded
1,connected,local-inventory-6ca3a64e-bb17-443d-9714-3824abd73f4d,7f51d350-bcc0-195c-7829-d658c456b4a4,Lumineon V,PUG-1E3C626F,available,1,,not_recorded,D5QBHA4UIWAX5PRNUJEN7X4U,1,1,not_recorded,visibility=visible;status=available;sellable_quantity=1,not_recorded,0,no_sync_record,,website_projection_missing;kiosk_projection_not_recorded
1,connected,local-inventory-58c72845-3799-4457-8c3d-3e7cd89d6290,1b747a84-4110-48d6-9fe6-6830ae122eb3,Lumineon V,PUG-292110F8,available,1,,not_recorded,CJEWCR7SVSJWEFZNCKQDCNHE,1,1,not_recorded,visibility=visible;status=available;sellable_quantity=1,not_recorded,0,no_sync_record,,website_projection_missing;kiosk_projection_not_recorded
1,connected,local-inventory-5c6b33aa-8773-4d27-a0c1-8292cf0f2664,38a7a868-6720-745b-2faf-94ac89310e4c,Kyogre V,PUG-C928C9D1,sold,0,,not_recorded,GUBSCTYSMZNIW55X6EWBGXQ5,0,0,not_recorded,visibility=visible;status=sold;sellable_quantity=0,not_recorded,0,no_sync_record,,website_projection_missing;kiosk_projection_not_recorded
1,connected,local-inventory-a292c383-7eb8-4817-a223-5daa11e272a7,76831ecf-a061-69c1-d6b1-57e8d05d4998,Torkoal V,PUG-EBB4646A,available,1,,not_recorded,4WFDHTW4NNC2UADEOSPUYHX2,1,1,not_recorded,visibility=visible;status=available;sellable_quantity=1,not_recorded,0,no_sync_record,,website_projection_missing;kiosk_projection_not_recorded
1,connected,local-inventory-ee1d83e5-bae6-4a2c-9998-31928b38ad65,69ffd3f0-605b-aa71-5426-76700e3f57bb,Whimsicott ex,PUG-9DC61E74,available,1,,not_recorded,66C5UC4KRTTHE2IAN5LCJGDA,1,1,not_recorded,visibility=visible;status=available;sellable_quantity=1,not_recorded,0,no_sync_record,,website_projection_missing;kiosk_projection_not_recorded
1,connected,local-inventory-b5df912f-414b-46f5-8242-008a6ee9b549,96812290-0dfe-d5d8-2a1d-7cef26ce92c0,Electivire ex,PUG-1C2D504A,available,1,,not_recorded,XRBSJHRSSA4ZNLB5PS5LVJ2X,1,1,not_recorded,visibility=visible;status=available;sellable_quantity=1,not_recorded,0,no_sync_record,,website_projection_missing;kiosk_projection_not_recorded
1,connected,local-inventory-adb97c93-40cb-4440-9309-acb61e4d24a6,6390d43e-6547-3487-b1e8-d9fcb97a3f00,Roark,PUG-665D1CA7,available,1,,not_recorded,5OC7TDQ3SUKP5F5HVYDFO5SO,1,1,not_recorded,visibility=visible;status=available;sellable_quantity=1,not_recorded,0,no_sync_record,,website_projection_missing;kiosk_projection_not_recorded
1,connected,local-inventory-c41438c9-95c1-4f63-8f2d-bad59cb51200,a4244c65-8f3a-e5b3-dab8-f5444d199c63,Iron Leaves ex,PUG-FCB5DB26,available,1,,not_recorded,VV7GSGLAC4FADEBI2BBCKL26,1,1,not_recorded,visibility=visible;status=available;sellable_quantity=1,not_recorded,0,no_sync_record,,website_projection_missing;kiosk_projection_not_recorded
1,connected,local-inventory-915bff93-f6ea-4401-856f-1a2dfc3c48f9,8a27d58d-73d0-5625-a467-9da38548774c,Mabosstiff ex,PUG-E10EBB11,available,1,,not_recorded,UNUFFEGUOXGZ27VVCB7C2TJ5,1,1,not_recorded,visibility=visible;status=available;sellable_quantity=1,not_recorded,0,no_sync_record,,website_projection_missing;kiosk_projection_not_recorded
1,connected,local-inventory-b136facd-69e6-499a-beed-4c593ec6cea5,d19e1ba3-656a-9d9e-5234-5985ce8ac143,Mega Latias ex,PUG-0FA3D448,available,1,,not_recorded,QH4RZWNFOJKMIZ4ZYJW74YYX,1,1,not_recorded,visibility=visible;status=available;sellable_quantity=1,not_recorded,0,no_sync_record,,website_projection_missing;kiosk_projection_not_recorded
1,connected,local-inventory-482d79d0-f4ec-45cf-a5b4-5c5e9ba5db37,5365886e-cf4f-d9ce-6961-30e8f6105891,Suicune ex,PUG-48FBEC82,available,1,,not_recorded,CGR4KAJN3V62YQKYVD5DT4IF,1,1,not_recorded,visibility=visible;status=available;sellable_quantity=1,not_recorded,0,no_sync_record,,website_projection_missing;kiosk_projection_not_recorded
1,connected,local-inventory-6ed90632-1bdb-4e4e-a12e-9872644dc37c,9c6227d8-3470-163b-8388-6a2d10e13b68,Chesnaught V,PUG-76A98288,available,4,,not_recorded,SC52PYONCKF6SNDHQ2RHSEQC,4,4,not_recorded,visibility=visible;status=available;sellable_quantity=4,not_recorded,0,synced,,website_projection_missing;kiosk_projection_not_recorded
1,connected,local-inventory-c7b6f726-4f35-45c5-8ff5-1f57f69ed546,447e964b-782e-6ca0-6b5f-0fae9ff98726,Crobat V,PUG-6C5D1479,available,1,,not_recorded,R4S33MYFPBNAHK7GTFHGVFQB,1,1,not_recorded,visibility=visible;status=available;sellable_quantity=1,not_recorded,0,synced,,website_projection_missing;kiosk_projection_not_recorded
1,connected,local-inventory-7fc68463-f9f0-44d6-ac23-a57e21616520,6ed3ab58-dec1-1deb-4aa3-ca61943fb9e3,Rayquaza,PUG-5648D6AC,available,1,,not_recorded,IKRIRAEE5DZANK2LJXZOMUZM,1,1,not_recorded,visibility=visible;status=available;sellable_quantity=1,not_recorded,0,synced,,website_projection_missing;kiosk_projection_not_recorded
1,connected,local-inventory-4b38cb3b-a163-414f-9da8-86eb9fb82786,a7d7a734-5726-d1b5-8c74-22b346bedee4,Rosa's Encouragement,PUG-47DA9EA4,sold,0,,not_recorded,TVT3EBZ5TLOKEWADTKRQP4X2,0,0,not_recorded,visibility=visible;status=sold;sellable_quantity=0,not_recorded,0,no_sync_record,,website_projection_missing;kiosk_projection_not_recorded
1,connected,local-inventory-a7fa1514-dac5-44a0-87e4-0227c7020517,aad26410-bbe0-4388-a61d-e2964052b050,AZ's Tranquility,PUG-C30F4D72,available,1,status=available;quantity=1;online=visible;kiosk=visible,not_recorded,YMEQMVNO6UC3TC6RGWHWR4GW,1,1,not_recorded,visibility=visible;status=available;sellable_quantity=1,not_recorded,0,synced,,kiosk_projection_not_recorded
1,connected,local-inventory-51391f3e-bdc3-4eb6-8b09-92723201557d,ce44e623-3f0e-8e9b-9c20-c921773d83eb,Mega Dragonite ex,PUG-8C4BF33A,sold,0,,not_recorded,KX6KMFNW7RAARG4USSHOLKSG,0,0,not_recorded,visibility=visible;status=sold;sellable_quantity=0,not_recorded,0,no_sync_record,,website_projection_missing;kiosk_projection_not_recorded
1,connected,local-inventory-dca8ac32-cd14-4539-827d-aeb530ec8f3a,59d9565c-45a4-9ebe-1824-7d123b726507,Team Rocket's Crobat ex,PUG-143EFA97,available,1,,not_recorded,I33NLUQWO3LPE6XXSQMW4QAJ,1,1,not_recorded,visibility=visible;status=available;sellable_quantity=1,not_recorded,0,synced,,website_projection_missing;kiosk_projection_not_recorded
1,connected,local-inventory-3d3c3e36-f4d2-4f0f-8af9-2b17531af8e3,6807c662-7a30-eadc-345c-82ee439f78ac,Dark Ritual,PUG-7163EDD3-01,available,1,,not_recorded,FRHP6UOERBGN3CQZEWKP3IZS,1,1,not_recorded,visibility=visible;status=available;sellable_quantity=1,not_recorded,0,synced,,website_projection_missing;kiosk_projection_not_recorded
1,connected,local-inventory-da29948f-e99b-44a1-8641-05a5152ee464,c3fe9697-770e-50c9-0d85-4ba8b196faa6,Dark Ritual,PUG-7163EDD3-02,available,1,,not_recorded,QCF6M4Y7HLDQXQHFFVSNM2XP,1,0,not_recorded,visibility=visible;status=available;sellable_quantity=1,not_recorded,0,synced,,website_projection_missing;square_count_mismatch;kiosk_projection_not_recorded
1,connected,local-inventory-884e6709-03a3-4fab-bf88-85553e0be5dd,d9e1edb5-f0c4-62e6-a298-c346305d7098,Dark Ritual,PUG-11905FB3-01,available,1,,not_recorded,TYLGW3EPNIOHRNGBTEDKNSNQ,1,1,not_recorded,visibility=visible;status=available;sellable_quantity=1,not_recorded,0,synced,,website_projection_missing;kiosk_projection_not_recorded
1,connected,local-inventory-de8844cb-69b9-4f5d-9e80-1ce253588272,72dc8b0e-69b4-48b8-a973-3462528cf190,Dark Ritual,PUG-11905FB3-02,available,1,status=available;quantity=1;online=visible;kiosk=visible,not_recorded,HGSNP56ZXA5J5UWG74WGE3LX,1,1,not_recorded,visibility=visible;status=available;sellable_quantity=1,not_recorded,0,synced,,kiosk_projection_not_recorded
1,connected,local-inventory-bf1e844b-dab7-41b6-8327-d36d1136a0ac,495d810c-d7c2-61e5-5c95-d3b983ce32e8,Dark Ritual,PUG-11905FB3-03,available,1,status=available;quantity=1;online=visible;kiosk=visible,not_recorded,NG52GKISBCH57IR6YETTXDPL,1,1,not_recorded,visibility=visible;status=available;sellable_quantity=1,not_recorded,0,synced,,kiosk_projection_not_recorded
1,connected,local-inventory-9898eed6-1dab-4673-b772-7d9bdcb7baf4,bc90edc9-892f-98f2-ca93-9fdb52f89035,Dark Ritual,PUG-DA992D83-01,available,1,,not_recorded,ZWAJRK3VDV7ENEVOUDG4N37O,1,0,not_recorded,visibility=visible;status=available;sellable_quantity=1,not_recorded,0,no_sync_record,,website_projection_missing;square_count_mismatch;kiosk_projection_not_recorded
1,connected,local-inventory-99487069-adbb-407d-ba16-db95fa216ed5,5cd259ab-9201-0855-c852-3695c3308340,Dark Ritual,PUG-DA992D83-02,available,1,,not_recorded,VHMORSGTJ5RGQ4S4GXWGQTYY,1,0,not_recorded,visibility=visible;status=available;sellable_quantity=1,not_recorded,0,no_sync_record,,website_projection_missing;square_count_mismatch;kiosk_projection_not_recorded
1,connected,local-inventory-1d0e78ba-45ec-4b49-b3eb-9e68e5e6aec9,1396fbec-011c-c3b6-3ba9-59875dbb8b5f,Dark Ritual,PUG-DA992D83-03,available,1,,not_recorded,NXNIMQZDPT3XZFGFS26NZEDX,1,1,not_recorded,visibility=visible;status=available;sellable_quantity=1,not_recorded,0,no_sync_record,,website_projection_missing;kiosk_projection_not_recorded
1,connected,local-inventory-84c28b1e-cc5f-4132-bb19-79525e25bc2f,f817ba39-39f6-ae2b-eacc-fde394f418e1,Bottomless Pit,PUG-5FA9294E-01,available,1,,not_recorded,Z56DKYGM2NM25BRDVCU42QGP,1,1,not_recorded,visibility=visible;status=available;sellable_quantity=1,not_recorded,0,synced,,website_projection_missing;kiosk_projection_not_recorded
1,connected,local-inventory-6f12847a-04f0-4fd7-9284-e09be6ddde4c,1cf7ae20-92d9-7d15-e2f4-56bfe40431aa,Bottomless Pit,PUG-5FA9294E-02,available,1,,not_recorded,TGLVW4KDCVQL6K5USTWCYNEU,1,1,not_recorded,visibility=visible;status=available;sellable_quantity=1,not_recorded,0,synced,,website_projection_missing;kiosk_projection_not_recorded
1,connected,local-inventory-99e0cec6-1d6d-4e2e-9c99-04ef1e02bb3f,3a1f5468-e7b4-6875-5670-f5331bce8774,Bottomless Pit,PUG-4F4822BE-01,available,5,,not_recorded,552QDSNLFYSDPOWOARYGOAPC,5,5,not_recorded,visibility=visible;status=available;sellable_quantity=5,not_recorded,0,synced,,website_projection_missing;kiosk_projection_not_recorded
1,connected,local-inventory-3ac18621-82d1-4547-820a-bd6074265d11,877e66cd-24df-f58e-4dc0-851ebe11c1d4,Bottomless Pit,PUG-4F4822BE-02,removed,0,,not_recorded,HXS7JMU34AQEJTPRNJYSJ5IB,0,0,not_recorded,visibility=hidden;status=removed;sellable_quantity=0,not_recorded,0,synced,,website_projection_missing;kiosk_projection_not_recorded
1,connected,local-inventory-5ac38d51-2fc9-4de3-8a74-774a6e7fa249,1fbc648a-a7de-a484-dda7-8735eb766b04,Bottomless Pit,PUG-4F4822BE-03,removed,0,,not_recorded,B6QGYE3RJUFRNCSGSFDNRWLB,0,0,not_recorded,visibility=hidden;status=removed;sellable_quantity=0,not_recorded,0,synced,,website_projection_missing;kiosk_projection_not_recorded
1,connected,local-inventory-ca8e2dc0-b391-431f-b205-cbe030cb0891,04c31d27-0617-d067-ad87-f2e6bf1a16c6,Bottomless Pit,PUG-4F4822BE-04,removed,0,,not_recorded,43IZZF6FG6RZFH7PEXFEXNB4,0,0,not_recorded,visibility=hidden;status=removed;sellable_quantity=0,not_recorded,0,synced,,website_projection_missing;kiosk_projection_not_recorded
1,connected,local-inventory-a3f7e405-0eac-49fb-b0ad-2da188f2b434,653695d6-c1a1-75af-a9fb-1f4f0e21087d,Bottomless Pit,PUG-4F4822BE-05,removed,0,,not_recorded,5WZNO7UB6RUWVSMZTRZLDPA2,0,0,not_recorded,visibility=hidden;status=removed;sellable_quantity=0,not_recorded,0,synced,,website_projection_missing;kiosk_projection_not_recorded
1,connected,local-inventory-39b92b35-a988-4bed-9500-b3c8d1745821,6becbe43-8ce9-294c-98ac-2e4d975d1a58,Single Strike Urshifu V,PUG-62B24C16,available,3,,not_recorded,5TMPNHYQRVTZPJJVTV4FWNMN,3,3,not_recorded,visibility=visible;status=available;sellable_quantity=3,not_recorded,0,synced,,website_projection_missing;kiosk_projection_not_recorded
1,connected,local-inventory-3804a984-5b92-4e1e-b66c-f0ff2e673fe5,5f651be1-ff27-bdd1-4711-9b7f0f75e308,Snap,PUG-5DBB815E-01,available,1,,not_recorded,XP7XQD62XD2Q6SPEK4RPSDWH,1,1,not_recorded,visibility=visible;status=available;sellable_quantity=1,not_recorded,0,no_sync_record,,website_projection_missing;kiosk_projection_not_recorded
1,connected,local-inventory-f7ff4c25-30d6-43eb-bfe9-e4c43efda80a,1ea722c2-1145-b5e6-f27f-52381e2700da,Snap,PUG-5DBB815E-02,available,1,,not_recorded,ZWISFPNTWJGRR23SLPHI5AVF,1,1,not_recorded,visibility=visible;status=available;sellable_quantity=1,not_recorded,0,no_sync_record,,website_projection_missing;kiosk_projection_not_recorded
1,connected,local-inventory-7d0ab062-facc-463a-8d38-c2bb2a3ca48b,77b1aeef-8d9a-cc25-8236-3122bb626e09,Snap,PUG-5DBB815E-03,available,1,,not_recorded,XSMS5GROZQVCXVVA3RYUEQ66,1,1,not_recorded,visibility=visible;status=available;sellable_quantity=1,not_recorded,0,no_sync_record,,website_projection_missing;kiosk_projection_not_recorded
1,connected,local-inventory-27441405-8461-4bcc-833c-58398e994ef4,bee40b73-c5a2-c051-c26a-613c6ea5747c,Snap,PUG-5DBB815E-04,available,1,,not_recorded,ZISVGSFDB2WFWYOAYEBP3SMJ,1,1,not_recorded,visibility=visible;status=available;sellable_quantity=1,not_recorded,0,no_sync_record,,website_projection_missing;kiosk_projection_not_recorded
1,connected,local-inventory-9413124f-75ca-4245-aa97-11af5a4baa0f,269a9da3-4b9c-bdd5-fa5c-6398e4b03826,Snap,PUG-5DBB815E-05,available,1,,not_recorded,NL52UT5LDDQVQPHK4EKVU7RB,1,1,not_recorded,visibility=visible;status=available;sellable_quantity=1,not_recorded,0,no_sync_record,,website_projection_missing;kiosk_projection_not_recorded
1,connected,local-inventory-bcac4bbe-9db1-441c-bc36-1a7d3e6af83a,4fa01273-18cf-4b63-a1ef-381fbc834725,Snap,PUG-5DBB815E-06,available,1,,not_recorded,LPHWBSP67BG5567JJCNR5C35,1,1,not_recorded,visibility=visible;status=available;sellable_quantity=1,not_recorded,0,no_sync_record,,website_projection_missing;kiosk_projection_not_recorded
1,connected,local-inventory-b6e71dc6-868d-4dda-b5ac-ea281ea6618a,ef71c803-0c12-1dfd-6761-09862e909a85,Snap,PUG-5DBB815E-07,available,1,,not_recorded,BLAZHEVJQEFM23IVLFWNZTMR,1,1,not_recorded,visibility=visible;status=available;sellable_quantity=1,not_recorded,0,no_sync_record,,website_projection_missing;kiosk_projection_not_recorded
1,connected,local-inventory-f3ae7836-18cb-48eb-b868-54e666bab9c7,93c958b1-e80e-60a6-34d4-3ebbeb296828,Snap,PUG-5DBB815E-08,available,1,,not_recorded,XYHP33UCVGCX3YLRBYAJIYEI,1,1,not_recorded,visibility=visible;status=available;sellable_quantity=1,not_recorded,0,no_sync_record,,website_projection_missing;kiosk_projection_not_recorded
1,connected,local-inventory-22ff5e55-2d2e-4eb6-889d-a282cce11846,13f6d7d7-86ea-3d13-2beb-583202db4903,Snap,PUG-5DBB815E-09,available,1,,not_recorded,BPO7ZZVG7DOUHMN4SURL52F7,1,1,not_recorded,visibility=visible;status=available;sellable_quantity=1,not_recorded,0,no_sync_record,,website_projection_missing;kiosk_projection_not_recorded
1,connected,local-inventory-b2354f8e-9032-45e9-83d9-c48be194113b,6c8b9a29-8ccd-2174-31b8-836c44ec340d,Snap,PUG-5DBB815E-10,available,1,,not_recorded,ZAU3IM2U2JN7JNXIUDY6V7MP,1,1,not_recorded,visibility=visible;status=available;sellable_quantity=1,not_recorded,0,no_sync_record,,website_projection_missing;kiosk_projection_not_recorded
1,connected,local-inventory-86f23e10-6205-41fb-9659-064aeace2ac1,11017629-2656-16be-8197-33cda3118b38,Snap,PUG-5DBB815E-11,available,1,,not_recorded,YMTRHHI2UCHFXMY5NXNGJ5KP,1,1,not_recorded,visibility=visible;status=available;sellable_quantity=1,not_recorded,0,no_sync_record,,website_projection_missing;kiosk_projection_not_recorded
1,connected,local-inventory-9ce95801-a4ce-4dcc-a479-849016c9d081,c8c01fbe-21dd-564a-15bf-9b4ccaf65c50,Snap,PUG-5DBB815E-12,available,1,,not_recorded,7BIWA5IUINDWQ7P2QOLIZJHA,1,1,not_recorded,visibility=visible;status=available;sellable_quantity=1,not_recorded,0,no_sync_record,,website_projection_missing;kiosk_projection_not_recorded
1,connected,local-inventory-361e684c-ac73-4e2e-ab76-f355bf2537c1,15cb2aff-a3b6-bc36-d705-81aa2ff77ce9,Snap,PUG-5DBB815E-13,available,1,,not_recorded,6ZHH75O6SHOSONC6ROL2UKEK,1,1,not_recorded,visibility=visible;status=available;sellable_quantity=1,not_recorded,0,no_sync_record,,website_projection_missing;kiosk_projection_not_recorded
1,connected,local-inventory-05674e2f-c17b-463b-ba61-25114d5f72e7,a554303f-530e-48be-308f-ef0ec70ea10a,Snap,PUG-5DBB815E-14,available,1,,not_recorded,YRFNCYBIXULJV2XYPPFPEQCT,1,1,not_recorded,visibility=visible;status=available;sellable_quantity=1,not_recorded,0,no_sync_record,,website_projection_missing;kiosk_projection_not_recorded
1,connected,local-inventory-31f7271e-5edd-4d5b-8459-8b87b7cc3b3b,9c2917f8-a573-6152-dd34-8ab15c6860df,Snap,PUG-5DBB815E-15,available,1,,not_recorded,VK2ILR3WOQS6UGXT2CSE6AR6,1,1,not_recorded,visibility=visible;status=available;sellable_quantity=1,not_recorded,0,no_sync_record,,website_projection_missing;kiosk_projection_not_recorded
1,connected,local-inventory-b262245c-2163-46ca-a6bf-5a101a07cb79,5fff0a8b-9f4f-196b-ce9e-89a30caacb6a,Snap,PUG-5DBB815E-16,available,1,,not_recorded,657DSB4NFHBVSDKLDWW2FFYE,1,1,not_recorded,visibility=visible;status=available;sellable_quantity=1,not_recorded,0,no_sync_record,,website_projection_missing;kiosk_projection_not_recorded
1,connected,local-inventory-85ee35c9-18a1-405f-874f-598b5b436578,d154138a-0501-054d-efdc-cfc193fdd015,Simisear V,PUG-1D4B4B74,removed,3,,not_recorded,EY64NBL3RNF7TKD3NWOH7NKW,0,0,not_recorded,visibility=hidden;status=removed;sellable_quantity=0,not_recorded,0,synced,,website_projection_missing;kiosk_projection_not_recorded
1,connected,local-inventory-f75381b8-b2ad-4015-be69-08cebe9c55f8,9ebe73bd-6964-482f-dbce-dab68b2d1df2,Mystical Tutor,PUG-D82B24DA-01,available,1,,not_recorded,2EJXXPQIWBKJRBM3IXJWK26P,1,1,not_recorded,visibility=visible;status=available;sellable_quantity=1,not_recorded,0,no_sync_record,,website_projection_missing;kiosk_projection_not_recorded
1,connected,local-inventory-8126ed23-5145-4b75-b206-23ccc4fe5db3,e9a86b3c-531f-4891-2ffd-6922b40eeae6,Mystical Tutor,PUG-D82B24DA-02,available,1,,not_recorded,GCBFT7OPGM5GGPC4FO6B2NMG,1,0,not_recorded,visibility=visible;status=available;sellable_quantity=1,not_recorded,0,no_sync_record,,website_projection_missing;square_count_mismatch;kiosk_projection_not_recorded
1,connected,local-inventory-af8d7d7b-43f1-477d-ad03-3e40e5617d6e,b576327d-6613-43f6-4efd-64b03507d136,Goblin Lackey,PUG-4CAE3F0B-01,available,1,,not_recorded,ZZUVF7C44H6SYIDLJV7TWSJ4,1,1,not_recorded,visibility=visible;status=available;sellable_quantity=1,not_recorded,0,synced,,website_projection_missing;kiosk_projection_not_recorded
1,connected,local-inventory-4334099d-7648-4370-ba05-dcfb1c522f31,5483dc60-6a4a-d806-cd3f-a87f05037404,Goblin Lackey,PUG-4CAE3F0B-02,available,1,,not_recorded,73ZMJYGRMHHTXGCA6WSWSEIJ,1,1,not_recorded,visibility=visible;status=available;sellable_quantity=1,not_recorded,0,synced,,website_projection_missing;kiosk_projection_not_recorded
1,connected,local-inventory-a5f9f508-1b12-4c9e-998a-b8527772cde9,0221fcea-6b8f-5f26-17ce-b68e6272d7a7,Simisear V,PUG-22530C63,available,3,,not_recorded,PXTPF3FD3KWAECWPH3ZUUS7C,3,3,not_recorded,visibility=visible;status=available;sellable_quantity=3,not_recorded,0,synced,,website_projection_missing;kiosk_projection_not_recorded
1,connected,local-inventory-8dd8d9f7-416d-4a56-9b9a-9a6396c281de,d8baec85-9f9e-ee3f-3ef9-8ec0458aa64c,Manabarbs,PUG-DDFA85EC,available,1,,not_recorded,KY3LKMZ544CK7XXVKLJXANEW,1,1,not_recorded,visibility=visible;status=available;sellable_quantity=1,not_recorded,0,no_sync_record,,website_projection_missing;kiosk_projection_not_recorded
1,connected,local-inventory-4007e972-d40f-47e4-b3b1-d52eaa77ddbc,56317300-2628-3afd-dd43-00a936c0b369,Academy Rector,PUG-D3E5B6C0,available,1,,not_recorded,3Z4PR2D7IWMAP3MFL2SKDDZB,1,1,not_recorded,visibility=visible;status=available;sellable_quantity=1,not_recorded,0,synced,,website_projection_missing;kiosk_projection_not_recorded
1,connected,local-inventory-9a0080df-d673-4707-9d37-35cb489ae569,7039a59e-5ce9-f27b-a6b9-98bcf95a599f,Sandaconda V,PUG-A480483B,available,5,,not_recorded,P3BKSSWT3FTLXCMLA2UQXCNM,5,5,not_recorded,visibility=visible;status=available;sellable_quantity=5,not_recorded,0,synced,,website_projection_missing;kiosk_projection_not_recorded
1,connected,local-inventory-1f9cfdd3-b31f-4f8f-8a6f-a41c3b361fa6,b230ca43-495c-3774-443b-faad9be830c4,Opalescence,PUG-CC1E215D,available,1,,not_recorded,GSGQB2BZHU3SUNP5ZCNCB3X7,1,1,not_recorded,visibility=visible;status=available;sellable_quantity=1,not_recorded,0,synced,,website_projection_missing;kiosk_projection_not_recorded
1,connected,local-inventory-17deb21a-a529-498c-84c1-55841fac09b1,60d80b80-9650-06db-616e-714bc422685b,Drapion V,PUG-63041D94,available,5,,not_recorded,QIUGGIE4ZT3CS6HOMCRYGNFE,5,5,not_recorded,visibility=visible;status=available;sellable_quantity=5,not_recorded,0,synced,,website_projection_missing;kiosk_projection_not_recorded
1,connected,local-inventory-dfd04938-ca1f-482b-a0b3-a2fd6e17cd66,310b1bcf-aa50-b2b0-2c5a-140469f5c0a8,Winter Orb,PUG-27FD73C7,available,1,,not_recorded,QYKQHQEGYMMLLOQDKUNC2DYU,1,0,not_recorded,visibility=visible;status=available;sellable_quantity=1,not_recorded,0,no_sync_record,,website_projection_missing;square_count_mismatch;kiosk_projection_not_recorded
1,connected,local-inventory-aad02fb3-91f4-4ebc-89d7-4bebbd52151f,d69d7632-82e9-abcb-a444-e6427ca353e1,Mana Vault,PUG-C38122BF,sold,0,,not_recorded,J6F5ZQQEMNI7BDR3IQJDVO2Q,0,0,not_recorded,visibility=visible;status=sold;sellable_quantity=0,not_recorded,0,no_sync_record,,website_projection_missing;kiosk_projection_not_recorded
1,connected,local-inventory-a84c0ca5-de8d-492a-b8be-9bb1e3a5ca25,d26b7565-9a82-adf6-d524-d51b58a38d1d,Mother of Runes,PUG-87032AB0-01,available,1,,not_recorded,QHDGCHXAXMPWI7S744U2YBMH,1,1,not_recorded,visibility=visible;status=available;sellable_quantity=1,not_recorded,0,synced,,website_projection_missing;kiosk_projection_not_recorded
1,connected,local-inventory-78c44c78-fddf-42ab-9e24-e4a544238e84,7ef3bbb3-f0d3-2398-c521-9e81234accb1,Mother of Runes,PUG-87032AB0-02,available,1,,not_recorded,YUUG4LM4W6BXWLPURNOOBSFW,1,1,not_recorded,visibility=visible;status=available;sellable_quantity=1,not_recorded,0,synced,,website_projection_missing;kiosk_projection_not_recorded
1,connected,local-inventory-f7055dac-1d86-41d6-8e47-f7ae1c16910b,e7837788-9c9e-d473-3993-5e2d3905bbe7,Magearna V,PUG-8BE0292A,removed,1,,not_recorded,XIVJ5GOGMHIOPAVXEP44H2OL,0,0,not_recorded,visibility=hidden;status=removed;sellable_quantity=0,not_recorded,0,synced,,website_projection_missing;kiosk_projection_not_recorded
1,connected,local-inventory-ef97815d-1ddc-4b41-9a5a-16263931a29b,ff4b2515-b4ce-4741-d764-46452faefd3a,Magearna V,PUG-4E803BA2,removed,5,,not_recorded,LOI4EAGXD73OOFCUPVXOLYUK,0,0,not_recorded,visibility=hidden;status=removed;sellable_quantity=0,not_recorded,0,synced,,website_projection_missing;kiosk_projection_not_recorded
1,connected,local-inventory-ba6e40a7-b422-4a99-8a61-9e1bd722d2ab,3d44e619-714c-d880-ee27-7ede99c1bbdb,Magearna V,PUG-DD284B3E,available,5,,not_recorded,NM6BXCFTOGC5P27G56FO25UG,5,5,not_recorded,visibility=visible;status=available;sellable_quantity=5,not_recorded,0,synced,,website_projection_missing;kiosk_projection_not_recorded
1,connected,local-inventory-16ae3d19-3936-45d7-a9e8-d815d80c6ba4,8ec0cfce-aaab-2a93-a31b-f74b2e74935a,Raichu,PUG-80DA91F7,removed,1,,not_recorded,3KUNH35VJEYTNWTFVOJL7VLW,0,0,not_recorded,visibility=hidden;status=removed;sellable_quantity=0,not_recorded,0,synced,,website_projection_missing;kiosk_projection_not_recorded
1,connected,local-inventory-4d058497-6144-47c9-9600-05c02c5b84c5,740c38d2-8fa3-645a-7110-8fabe15242be,Pikachu V,PUG-3182762B,available,4,,not_recorded,G6FZRAK6JVW54XKDE2LCYZOK,4,0,not_recorded,visibility=visible;status=available;sellable_quantity=4,not_recorded,0,synced,,website_projection_missing;square_count_mismatch;kiosk_projection_not_recorded
1,connected,local-inventory-ba8acdc8-5e63-4080-bb6f-19d05a06ddcc,a2e2b84b-7ee3-2230-0dae-74ce5fac1e29,Squandered Resources,PUG-3CD98EA2-01,available,1,,not_recorded,IKUWKIZIN6IXXJMQUI7WUL5A,1,1,not_recorded,visibility=visible;status=available;sellable_quantity=1,not_recorded,0,synced,,website_projection_missing;kiosk_projection_not_recorded
1,connected,local-inventory-03b213ef-54de-4edc-82b6-e0bce107ea4e,52aaa1fa-9b5c-3c09-74fb-f463166dbe9b,Squandered Resources,PUG-3CD98EA2-02,available,1,,not_recorded,WTVDM5IFVOQXLWJVTPZWSNN2,1,1,not_recorded,visibility=visible;status=available;sellable_quantity=1,not_recorded,0,synced,,website_projection_missing;kiosk_projection_not_recorded
1,connected,local-inventory-4eccaba0-0336-4c8e-929b-fa9240896826,1cb9082b-2bcd-b4d0-5b9c-1544fcb3fc98,Worldly Tutor,PUG-DF0ED34D,available,1,,not_recorded,I654RSVPM4NVRYZNFMOW27HP,1,1,not_recorded,visibility=visible;status=available;sellable_quantity=1,not_recorded,0,synced,,website_projection_missing;kiosk_projection_not_recorded
1,connected,local-inventory-a600fdfa-e110-459c-8fdd-a5d25702afe2,0fdbe1b8-9d90-f8fc-e5c2-627bdcc2217c,Dust to Dust,PUG-FCD53C75,available,1,,not_recorded,3FVUUOSJFHJNATQ4B5WOWU6X,1,1,not_recorded,visibility=visible;status=available;sellable_quantity=1,not_recorded,0,synced,,website_projection_missing;kiosk_projection_not_recorded
1,connected,local-inventory-c5de5409-8156-42fc-a802-15e64cdf76c8,a748d67c-8a7e-4bb8-44fe-0f635e8d3636,Grim Monolith,PUG-C9302E48,removed,1,,not_recorded,3RWWEZOSDSANZXEYD2QEARW3,0,0,not_recorded,visibility=hidden;status=removed;sellable_quantity=0,not_recorded,0,synced,,website_projection_missing;kiosk_projection_not_recorded
1,connected,local-inventory-2954a005-bbdd-4f84-aaca-c63d20e86733,8202b3a1-4163-0546-730c-a5c5d65047dc,Grim Monolith,PUG-DD84373A-01,removed,1,,not_recorded,3ETM5QRIOWYMQERMA6HNJLNG,0,0,not_recorded,visibility=hidden;status=removed;sellable_quantity=0,not_recorded,0,synced,,website_projection_missing;kiosk_projection_not_recorded
1,connected,local-inventory-ba47ef65-6d1f-4b58-a56d-e9e218338094,4311649c-4fa0-01b5-f3a8-ebf59fa95c5f,Grim Monolith,PUG-DD84373A-02,removed,0,,not_recorded,5PGB5N2J76THI5JJAE2EU2ZG,0,0,not_recorded,visibility=hidden;status=removed;sellable_quantity=0,not_recorded,0,synced,,website_projection_missing;kiosk_projection_not_recorded
1,connected,local-inventory-b92f025f-609d-47c8-95e9-b95c14c28fc3,f3f70b37-1b50-6322-d2eb-b21fff1db67f,Dhelmise V,PUG-DC218187,available,1,,not_recorded,J7U7MWJMZTG7O2MAYA2PX4MO,1,1,not_recorded,visibility=visible;status=available;sellable_quantity=1,not_recorded,0,no_sync_record,,website_projection_missing;kiosk_projection_not_recorded
1,connected,local-inventory-8da3daf4-70e6-45c7-8e29-d79a906414fb,0a5bf0f6-6715-21c8-b191-1f907cf1c09c,Grim Monolith,PUG-0E4FFCA3-01,removed,1,,not_recorded,44XEKNQWMZ2VHBNEB74M6NSC,0,0,not_recorded,visibility=hidden;status=removed;sellable_quantity=0,not_recorded,0,synced,,website_projection_missing;kiosk_projection_not_recorded
1,connected,local-inventory-60e41f9f-cba9-4761-bfd0-baa2a211a30a,b5b8e325-99fe-d329-2a91-99deb8c0df30,Grim Monolith,PUG-0E4FFCA3-02,removed,1,,not_recorded,Z443L6QX7XWO7VYSKSRYLS3D,0,0,not_recorded,visibility=hidden;status=removed;sellable_quantity=0,not_recorded,0,synced,,website_projection_missing;kiosk_projection_not_recorded
1,connected,local-inventory-562f252f-463e-433f-8ef7-2eeb55ebb9c6,6134ef74-1075-752c-b1ec-d9c96f8e43da,Cornerstone Mask Ogerpon ex,PUG-52897A74,available,1,,not_recorded,SEXRRPN7KUB7LZ2ECWYSWRX2,1,1,not_recorded,visibility=visible;status=available;sellable_quantity=1,not_recorded,0,synced,,website_projection_missing;kiosk_projection_not_recorded
1,connected,local-inventory-22687fd4-bbc4-4985-96ea-0b1c764fd67f,f47623de-198e-7ba6-8e20-17317671822f,Grim Monolith,PUG-C0F261A2,removed,1,,not_recorded,EHDPB3YPY2LVNVVDZYIXB5TA,0,0,not_recorded,visibility=hidden;status=removed;sellable_quantity=0,not_recorded,0,synced,,website_projection_missing;kiosk_projection_not_recorded
1,connected,local-inventory-af344f68-7be0-4592-a24f-2c68f458817e,188363ec-a8b8-9cfd-03b0-46ebe2c68d0f,Forretress ex,PUG-206D06DF,available,1,,not_recorded,OF4LA6A2YBZ3XLS7T7BKQDBH,1,1,not_recorded,visibility=visible;status=available;sellable_quantity=1,not_recorded,0,no_sync_record,,website_projection_missing;kiosk_projection_not_recorded
1,connected,local-inventory-7a691b50-5cbb-4372-85c8-844a19b64b2e,a3c594da-fb18-3b99-64fa-9276f5f68c87,Stoutland V,PUG-7DE96227,available,4,,not_recorded,RQ2LEWCA22SZFWYCS3PZBCBV,4,4,not_recorded,visibility=visible;status=available;sellable_quantity=4,not_recorded,0,synced,,website_projection_missing;kiosk_projection_not_recorded
1,connected,local-inventory-1623cdb4-a25e-4ea3-9868-043b1e518188,1985ddc0-f5e5-9153-7648-7e282cd19c41,Grim Monolith,PUG-0C057C3C,removed,0,,not_recorded,RLQ6IFMJ6ZQYHYYEF3RWL45F,0,0,not_recorded,visibility=hidden;status=removed;sellable_quantity=0,not_recorded,0,synced,,website_projection_missing;kiosk_projection_not_recorded
1,connected,local-inventory-eb1a2202-38a2-4a5f-bad2-07ef90cdf793,b18b23de-d78f-5288-c729-f2ae885402d4,Grim Monolith,PUG-14F530F5,removed,2,,not_recorded,G3RF2ICJTHV5PKDOI65VJN7V,0,0,not_recorded,visibility=hidden;status=removed;sellable_quantity=0,not_recorded,0,synced,,website_projection_missing;kiosk_projection_not_recorded
1,connected,local-inventory-983c4371-7c7d-4993-8a1a-9db8e68b0ad6,a6970c25-be8e-97ab-b3a4-b5f43b5c99e7,Grim Monolith,PUG-F878A07A,removed,1,,not_recorded,2V6T4OCKL3HNRXUPSRBOGN3A,0,0,not_recorded,visibility=hidden;status=removed;sellable_quantity=0,not_recorded,0,synced,,website_projection_missing;kiosk_projection_not_recorded
1,connected,local-inventory-19822d27-9cfb-4d47-9746-5e40edf7d890,57fe2b4c-ff35-a074-b8ac-df64f8e5ff22,Grim Monolith,PUG-2D4D9CBB,available,2,,not_recorded,TAQIQZORRRFXKU7KBRX4PAQP,2,2,not_recorded,visibility=visible;status=available;sellable_quantity=2,not_recorded,0,synced,,website_projection_missing;kiosk_projection_not_recorded
1,connected,local-inventory-c23a5de7-e7f6-4828-abf5-ff4f86e50ee3,0740de4b-8205-e248-e328-cadeddc3b3af,Grim Monolith,PUG-6C26BD40,available,1,,not_recorded,7KVXDMPKA32LDTJKAAIZ374K,1,1,not_recorded,visibility=visible;status=available;sellable_quantity=1,not_recorded,0,synced,,website_projection_missing;kiosk_projection_not_recorded
1,connected,local-inventory-dfccc019-4756-4679-89b0-1930fdb2d7e0,d3d96354-9f8b-6a90-f5fa-e6c97fb62d65,Red Elemental Blast,PUG-BE188CD9-01,removed,1,,not_recorded,XT2TDZ4VOXSCAK5NZI3RGGQI,0,0,not_recorded,visibility=hidden;status=removed;sellable_quantity=0,not_recorded,0,synced,,website_projection_missing;kiosk_projection_not_recorded
1,connected,local-inventory-5a2590bc-04ed-4221-bc84-5a50f422f8d0,567dd8c0-57ec-9cc2-5597-438d8ca04784,Red Elemental Blast,PUG-BE188CD9-02,removed,1,,not_recorded,V7V3PYU6NAYGED6KQ4PLMBR4,0,0,not_recorded,visibility=hidden;status=removed;sellable_quantity=0,not_recorded,0,synced,,website_projection_missing;kiosk_projection_not_recorded
1,connected,local-inventory-8e7cb795-47cd-4bf6-8fe5-d5c535342c81,21527164-2359-0f10-eb4c-66cfe1106cfe,Red Elemental Blast,PUG-BE188CD9-03,removed,1,,not_recorded,UNW4ZISBD6ZA6HIHRA3JXI6T,0,0,not_recorded,visibility=hidden;status=removed;sellable_quantity=0,not_recorded,0,synced,,website_projection_missing;kiosk_projection_not_recorded
1,connected,local-inventory-1010741d-4756-4065-aea6-5a487e61071f,e43a869a-80c9-df3e-811f-2b286b14050b,Red Elemental Blast,PUG-BE188CD9-04,removed,1,,not_recorded,S5CAOVKDDC2S7DVFZX5T3SPQ,0,0,not_recorded,visibility=hidden;status=removed;sellable_quantity=0,not_recorded,0,synced,,website_projection_missing;kiosk_projection_not_recorded
1,connected,local-inventory-bea6ed88-f656-41ec-93ce-168c1d007543,e14b8ba5-5c26-7373-55a9-fbff9f169c63,Red Elemental Blast,PUG-BE188CD9-05,removed,1,,not_recorded,AVIWYMP2BR62EOQRFUHSVTGQ,0,0,not_recorded,visibility=hidden;status=removed;sellable_quantity=0,not_recorded,0,synced,,website_projection_missing;kiosk_projection_not_recorded
1,connected,local-inventory-5430b3d9-cc8c-4729-9e69-0ae90156f36f,4c09685c-7647-2ed9-d0ec-474ac2248905,Mewtwo-EX,PUG-357CCE58,available,1,,not_recorded,MZYNWIIVVORFKZTSVN6Y4OQF,1,1,not_recorded,visibility=visible;status=available;sellable_quantity=1,not_recorded,0,synced,,website_projection_missing;kiosk_projection_not_recorded
1,connected,local-inventory-3941fa23-4548-4416-b30a-51e9dd33dc40,be9bec49-2cc0-f3b2-e42a-6e91e5c21a92,Red Elemental Blast,PUG-1C3611ED-01,removed,1,,not_recorded,DUEWAJ6WRN7PKMBSYZG3X5XR,0,0,not_recorded,visibility=hidden;status=removed;sellable_quantity=0,not_recorded,0,synced,,website_projection_missing;kiosk_projection_not_recorded
1,connected,local-inventory-2c759f20-b34e-4caf-90c8-0890dc3e4227,e90e9ce4-23d5-873e-7dec-ebcb2c5246ff,Red Elemental Blast,PUG-1C3611ED-02,removed,1,,not_recorded,M2RWSLYTFBLZSIUUDQ45MMG5,0,0,not_recorded,visibility=hidden;status=removed;sellable_quantity=0,not_recorded,0,synced,,website_projection_missing;kiosk_projection_not_recorded
1,connected,local-inventory-a8bea5c4-2f03-4766-b288-df2e450a1b5c,8d5950b2-298b-7160-14ff-3ca959143f5e,Red Elemental Blast,PUG-1C3611ED-03,removed,1,,not_recorded,EYN3IN5KQ7SJLUFSRFQI3KOM,0,0,not_recorded,visibility=hidden;status=removed;sellable_quantity=0,not_recorded,0,synced,,website_projection_missing;kiosk_projection_not_recorded
1,connected,local-inventory-dd5b3e86-bfbe-41a3-bc1a-a6a28d53baad,f7c86e91-3226-8cf7-9845-ca7c8e00e29e,Red Elemental Blast,PUG-1C3611ED-04,removed,3,,not_recorded,RWUM7ZECGBJOOTDEBXMXFRF6,0,0,not_recorded,visibility=hidden;status=removed;sellable_quantity=0,not_recorded,0,synced,,website_projection_missing;kiosk_projection_not_recorded
1,connected,local-inventory-ef9b6541-695d-4407-bd3f-0f1367669368,e60d43dd-c2a4-cdd8-006e-63a3a872fdad,Red Elemental Blast,PUG-1C3611ED-05,removed,0,,not_recorded,7USJ5HC6L75YUFNJO5HCZQYC,0,0,not_recorded,visibility=hidden;status=removed;sellable_quantity=0,not_recorded,0,synced,,website_projection_missing;kiosk_projection_not_recorded
1,connected,local-inventory-917a94c2-f3d2-45d4-b63f-a4c0de9123bb,a21977c1-5581-86ed-5bf6-31d06ef42d9f,Full Face Guard,PUG-604AB055,available,1,,not_recorded,Z7M2FRKNMP4GZHHMUQHXL6YF,1,0,not_recorded,visibility=visible;status=available;sellable_quantity=1,not_recorded,0,no_sync_record,,website_projection_missing;square_count_mismatch;kiosk_projection_not_recorded
1,connected,local-inventory-8bd2ad54-bed1-4925-86ca-7c6a4e4df38b,7c3aba52-a6f3-5645-dfc4-a63d67ced719,Energy Switch,PUG-054C17A0,available,1,,not_recorded,G6O2WLSCTCDM2SNMGWDFZ42U,1,1,not_recorded,visibility=visible;status=available;sellable_quantity=1,not_recorded,0,synced,,website_projection_missing;kiosk_projection_not_recorded
1,connected,local-inventory-9df4bb1a-3f53-455c-a569-4e693206ea2e,ba063ec9-3e77-5c1c-e154-d3081d447ded,Roseanne's Backup,PUG-B01BC45F,sold,1,,not_recorded,K6A7Q3XZH7747SSAYYUBMHOK,0,0,not_recorded,visibility=visible;status=sold;sellable_quantity=0,not_recorded,0,synced,,website_projection_missing;kiosk_projection_not_recorded
1,connected,local-inventory-8ef17471-ccc4-47bb-a2c3-d87ba14a3886,a887b239-ab41-6b14-ffbe-3bc36fe30483,Doctor,PUG-C0133B32,sold,1,,not_recorded,IMWN5UVXCZRPFCL7VKRXCZZD,0,0,not_recorded,visibility=visible;status=sold;sellable_quantity=0,not_recorded,0,synced,,website_projection_missing;kiosk_projection_not_recorded
1,connected,local-inventory-dda6c5d7-e33d-45a0-b91f-48e892d37d99,6be8421b-c4a5-9ffd-82d9-cff6ce7d4971,Lillie's Clefairy ex,PUG-93DC7F49,available,1,status=available;quantity=1;online=visible;kiosk=visible,not_recorded,VCGY3TKWJBKE4M5U7ZGQGEPL,1,1,not_recorded,visibility=visible;status=available;sellable_quantity=1,not_recorded,0,synced,,kiosk_projection_not_recorded
1,connected,local-inventory-5c1d3213-036f-4a73-ba11-d95a10604eee,86d1bbaf-4500-cead-438f-0e712e134d24,Galarian Rapidash V,PUG-22B6D1BB,available,1,,not_recorded,BR263NW5DAXSKG4KN3QVIDIB,1,0,not_recorded,visibility=visible;status=available;sellable_quantity=1,not_recorded,0,synced,,website_projection_missing;square_count_mismatch;kiosk_projection_not_recorded
1,connected,local-inventory-de007222-8222-4a3e-aa4b-d21de3775abb,67983cd1-8a38-2bb2-ef93-759340073964,Rockruff,PUG-821EF98F,sold,0,,not_recorded,ABOHAMEYXXEFWEYB4YV6R2E2,0,0,not_recorded,visibility=visible;status=sold;sellable_quantity=0,not_recorded,0,synced,,website_projection_missing;kiosk_projection_not_recorded
1,connected,local-inventory-ad7e92ec-c4a8-4fdb-9443-f51414e24618,c863dd87-180e-7ddf-9397-b70fafd667f9,Iono's Bellibolt ex,PUG-13E8D47A,sold,0,,not_recorded,3JW6GGITDTZ6A337QGJR6VRJ,0,0,not_recorded,visibility=visible;status=sold;sellable_quantity=0,not_recorded,0,no_sync_record,,website_projection_missing;kiosk_projection_not_recorded
1,connected,local-inventory-88223d11-2c1f-418d-8ba8-1bd80dd2563c,d4e1fc77-98e1-ffc3-632f-5e6eb43baa1a,JP Iono's Wattrel,PUG-44C26E7D,available,1,,not_recorded,RH7JUIVWJPTEEDUUVFGOK4EW,1,1,not_recorded,visibility=visible;status=available;sellable_quantity=1,not_recorded,0,synced,,website_projection_missing;kiosk_projection_not_recorded
1,connected,local-inventory-33311bbe-507f-4e00-8eb8-ad947f09d654,3ec8a607-1793-9dce-d86c-01174d76f8f0,JP Ivysaur Master Ball,PUG-6B3F69D7,available,1,,not_recorded,GUBWXLNRRKKY27N26PBXMNQ2,1,1,not_recorded,visibility=visible;status=available;sellable_quantity=1,not_recorded,0,synced,,website_projection_missing;kiosk_projection_not_recorded
1,connected,local-inventory-933dba17-e80e-41de-a662-edb540e03ca9,5d323ccf-d43a-6663-6dde-be9f08cb6d15,Red Elemental Blast,PUG-F242A918-01,available,1,,not_recorded,MQCYMLVMA47UGOWAKDLVV4N7,1,1,not_recorded,visibility=visible;status=available;sellable_quantity=1,not_recorded,0,synced,,website_projection_missing;kiosk_projection_not_recorded
1,connected,local-inventory-391967e0-a794-4dea-a50d-67a830d088b5,a1804d0f-127c-cd96-d0d8-c34ba192f6ed,Red Elemental Blast,PUG-F242A918-02,available,1,,not_recorded,54XIWG7BJTR4PPTLGPSAMZOM,1,1,not_recorded,visibility=visible;status=available;sellable_quantity=1,not_recorded,0,synced,,website_projection_missing;kiosk_projection_not_recorded
1,connected,local-inventory-4a59437c-9454-4a65-82f3-9025ebde6be4,d19b3e50-3544-9432-9f6d-78f1a5039eb2,Red Elemental Blast,PUG-F242A918-03,available,1,,not_recorded,2F6UOXS2ZGLP3B7DSYAIGIFA,1,1,not_recorded,visibility=visible;status=available;sellable_quantity=1,not_recorded,0,synced,,website_projection_missing;kiosk_projection_not_recorded
1,connected,local-inventory-211d01d3-5d7a-4be1-b441-67c3f715ea30,83983480-1c2f-e395-85a1-038bdbb7ed5f,Red Elemental Blast,PUG-F242A918-04,available,1,,not_recorded,3JEKSRKCUEJJ4O4VAXMUB5J6,1,1,not_recorded,visibility=visible;status=available;sellable_quantity=1,not_recorded,0,synced,,website_projection_missing;kiosk_projection_not_recorded
1,connected,local-inventory-b7d4172b-6064-40ff-ac6d-7c3a52ea4723,f6059aec-1ad5-a392-4e40-109b3d23fd6d,Red Elemental Blast,PUG-F242A918-05,available,1,,not_recorded,OYS5Q77TS47ZBUK3DYJHE4FN,1,1,not_recorded,visibility=visible;status=available;sellable_quantity=1,not_recorded,0,synced,,website_projection_missing;kiosk_projection_not_recorded
1,connected,local-inventory-77ae7eb3-06e2-4c15-a88c-1d16a4290250,f824c8e0-3c85-ec23-c9a5-6fc439c17677,Pyroblast,PUG-945CD5B7,available,1,,not_recorded,ZCOG76IAIYEDXJ66MMGMIK7V,1,0,not_recorded,visibility=visible;status=available;sellable_quantity=1,not_recorded,0,synced,,website_projection_missing;square_count_mismatch;kiosk_projection_not_recorded
1,connected,local-inventory-55aa6f46-f4c9-425a-af8c-558622f6e9c4,9d156d0a-0360-8235-0891-d024db5455ae,Pyroblast,PUG-6782C0FC-01,available,1,,not_recorded,2ICS7XN6EOOASU4TR6CMLXHU,1,1,not_recorded,visibility=visible;status=available;sellable_quantity=1,not_recorded,0,synced,,website_projection_missing;kiosk_projection_not_recorded
1,connected,local-inventory-eb804497-9943-43ef-b20c-23f4fe8bdcfb,851102fd-7018-033d-6411-50df95c7c5b9,Pyroblast,PUG-6782C0FC-02,removed,0,,not_recorded,AUFG7NWVPHA7BQ7OB72U74JI,0,0,not_recorded,visibility=hidden;status=removed;sellable_quantity=0,not_recorded,0,synced,,website_projection_missing;kiosk_projection_not_recorded
1,connected,local-inventory-4b9ab31d-4127-44d5-a4d7-ddcc31b2a992,9d2f50e1-aef5-c523-a35e-36a3fdf1ccff,Pyroblast,PUG-6782C0FC-03,removed,0,,not_recorded,DLUSHC7AFJGX6DWKHZNBKKYD,0,0,not_recorded,visibility=hidden;status=removed;sellable_quantity=0,not_recorded,0,synced,,website_projection_missing;kiosk_projection_not_recorded
1,connected,local-inventory-4746a68e-f470-4312-b707-8edded646b29,3317a382-2761-343e-b821-3b24b07c4d8d,Pyroblast,PUG-1D4BC5EE-01,available,2,,not_recorded,UJJWMKT2WH22GFG2A6HYL7WG,2,2,not_recorded,visibility=visible;status=available;sellable_quantity=2,not_recorded,0,synced,,website_projection_missing;kiosk_projection_not_recorded
1,connected,local-inventory-e2f53c05-07dd-4e35-8868-b982e18df364,2efc5837-1ad2-1740-4215-b7ecd7f42eea,Pyroblast,PUG-1D4BC5EE-02,removed,0,,not_recorded,ZGJ7IRRTIY5LOA7B5YHRDBOL,0,0,not_recorded,visibility=hidden;status=removed;sellable_quantity=0,not_recorded,0,synced,,website_projection_missing;kiosk_projection_not_recorded
1,connected,local-inventory-de5cce99-201f-48e4-8060-2a7dd77a482a,6f89ad2b-2758-966f-c841-2f0084be5fe8,Pyroblast,PUG-1D4BC5EE-03,removed,0,,not_recorded,DFU2VAEE2ACVL2MMKFCI4TSU,0,0,not_recorded,visibility=hidden;status=removed;sellable_quantity=0,not_recorded,0,synced,,website_projection_missing;kiosk_projection_not_recorded
1,connected,local-inventory-65c51136-c44c-4e24-ae8e-827fc8c82e2d,e5dd8dfe-b9dd-be01-3235-63a87598d2d5,Pyroblast,PUG-1D4BC5EE-04,removed,0,,not_recorded,X5UVFAH34S2BJS4HLCBPQUBS,0,0,not_recorded,visibility=hidden;status=removed;sellable_quantity=0,not_recorded,0,synced,,website_projection_missing;kiosk_projection_not_recorded
1,connected,local-inventory-bda855b2-d955-4a41-9e43-03093f6695cd,6976e123-b974-7de6-b10b-2f7431433afd,Pyroblast,PUG-1D4BC5EE-05,removed,0,,not_recorded,ZD2XWXPP2EDN43VRXL7BIMZN,0,0,not_recorded,visibility=hidden;status=removed;sellable_quantity=0,not_recorded,0,synced,,website_projection_missing;kiosk_projection_not_recorded
1,connected,local-inventory-aab9038b-33f9-4377-8705-4b83b1ba5fcc,3fd66eac-37e3-f4dc-d0b1-cef253108faa,Pyroblast,PUG-1D4BC5EE-06,removed,0,,not_recorded,7ZPVQGE4IFW7DSFPG7TN3YUZ,0,0,not_recorded,visibility=hidden;status=removed;sellable_quantity=0,not_recorded,0,synced,,website_projection_missing;kiosk_projection_not_recorded
1,connected,local-inventory-139d9902-6766-4602-b6da-2f849dd6bdf1,cc7ed806-ef92-874f-8ae4-5e3d38d13edf,Pyroblast,PUG-1D4BC5EE-07,removed,0,,not_recorded,Q4TYVWN7T2FGGTRPMOOHYXP2,0,0,not_recorded,visibility=hidden;status=removed;sellable_quantity=0,not_recorded,0,synced,,website_projection_missing;kiosk_projection_not_recorded
1,connected,local-inventory-58148e5b-e796-4d81-9d32-73202a4a7eb7,eab4e285-2173-68f7-e48e-584689407632,Arcane Denial,PUG-3E3732F8-01,available,1,,not_recorded,KHWMO7HY5Z2HGII65RI4NUVU,1,1,not_recorded,visibility=visible;status=available;sellable_quantity=1,not_recorded,0,no_sync_record,,website_projection_missing;kiosk_projection_not_recorded
1,connected,local-inventory-66c46b2b-5c7a-4eca-bba8-aeffd07c46db,1cc57a31-a97c-e22b-e4d9-fa23bf71a642,Arcane Denial,PUG-3E3732F8-02,available,1,,not_recorded,G2L4B6I4NLUZAQNNC2WLP4P3,1,1,not_recorded,visibility=visible;status=available;sellable_quantity=1,not_recorded,0,no_sync_record,,website_projection_missing;kiosk_projection_not_recorded
1,connected,local-inventory-8de06051-b033-4728-b802-2a4532c5ede7,c9d59303-bf24-0db4-3648-085e048dec28,Arcane Denial,PUG-3E3732F8-03,available,1,,not_recorded,VBS3T6A263G6H5JIHHQ2QTLP,1,1,not_recorded,visibility=visible;status=available;sellable_quantity=1,not_recorded,0,no_sync_record,,website_projection_missing;kiosk_projection_not_recorded
1,connected,local-inventory-5967341a-85d3-4e97-a006-74a686ae61cb,22cfae8d-a039-7558-ec07-1ec8eaf52f23,Arcane Denial,PUG-3E3732F8-04,available,1,,not_recorded,32SQPEGS4BPMBK72ZMHGEYFK,1,1,not_recorded,visibility=visible;status=available;sellable_quantity=1,not_recorded,0,no_sync_record,,website_projection_missing;kiosk_projection_not_recorded
1,connected,local-inventory-0f2c5dda-5d09-4662-8f02-5c15badd85a7,69347285-91e2-7e23-d33c-d69ca6fd5f2e,Arcane Denial,PUG-3E3732F8-05,available,1,,not_recorded,7SHMKV2PTNLEWHLKUI6ISKXJ,1,1,not_recorded,visibility=visible;status=available;sellable_quantity=1,not_recorded,0,no_sync_record,,website_projection_missing;kiosk_projection_not_recorded
1,connected,local-inventory-9f9cf81d-cb7a-492f-b1f9-89d5f3abd3b4,bf888850-250c-e128-df3e-6bef98fd0149,Arcane Denial,PUG-3E3732F8-06,available,1,,not_recorded,FCDVZQQRXXJLCQSTBTHVLP5T,1,1,not_recorded,visibility=visible;status=available;sellable_quantity=1,not_recorded,0,no_sync_record,,website_projection_missing;kiosk_projection_not_recorded
1,connected,local-inventory-adf4bb07-40c7-4190-9af8-477f821a57d3,fac74933-81fc-fcc3-eafc-c8fbea6a77d5,Arcane Denial,PUG-3E3732F8-07,available,1,,not_recorded,H7Y2MJBICH3IU7AEZQBOQC7V,1,1,not_recorded,visibility=visible;status=available;sellable_quantity=1,not_recorded,0,no_sync_record,,website_projection_missing;kiosk_projection_not_recorded
1,connected,local-inventory-c30ddec2-de88-4cf9-aab6-6386427c9a43,b2663bb5-ff1b-7923-1ea1-fa1d67bb69a3,Arcane Denial,PUG-3E3732F8-08,available,1,,not_recorded,5AQPHUQ2LPUHSHSSICVBZO5X,1,1,not_recorded,visibility=visible;status=available;sellable_quantity=1,not_recorded,0,no_sync_record,,website_projection_missing;kiosk_projection_not_recorded
1,connected,local-inventory-f2dc0779-6e2a-4c28-adb0-b60e457aaa84,339874a1-0ca0-d9e5-6aa9-ecfc9b1d4e00,Arcane Denial,PUG-3E3732F8-09,available,1,,not_recorded,UWXZBXGJYKX4KHJNZ63TFWQA,1,1,not_recorded,visibility=visible;status=available;sellable_quantity=1,not_recorded,0,no_sync_record,,website_projection_missing;kiosk_projection_not_recorded
1,connected,local-inventory-80bd425c-7a3f-4a3e-b36c-7d70d942187f,21485de3-a696-c69e-e0b8-d544a9748456,Culling the Weak,PUG-CE5B6E4A-01,sold,0,,not_recorded,XDUATZQGDDWYCCMI5DEITHUB,0,0,not_recorded,visibility=visible;status=sold;sellable_quantity=0,not_recorded,0,no_sync_record,,website_projection_missing;kiosk_projection_not_recorded
1,connected,local-inventory-32db9de3-ba17-4e0f-b6a2-9af701858156,f3fc8f00-5d9a-7dd9-cd18-5454c273b6b9,Culling the Weak,PUG-CE5B6E4A-02,removed,0,,not_recorded,,,,not_recorded,visibility=hidden;status=removed;sellable_quantity=0,not_recorded,0,synced,,website_projection_missing;kiosk_projection_not_recorded
1,connected,local-inventory-1625c6fa-4f5b-4735-a427-39df38e4e090,f5e9c577-0ed8-d7b0-0ef3-4807aab5a7f1,Swords to Plowshares,PUG-344F89BA,available,5,,not_recorded,5ZTLR6GRPXNMBKJQPCI6IZPS,5,5,not_recorded,visibility=visible;status=available;sellable_quantity=5,not_recorded,0,synced,,website_projection_missing;kiosk_projection_not_recorded
1,connected,local-inventory-3545bcc3-36dd-43ae-b45d-47525317eae5,466a57ef-e39b-2be0-9725-a3d8bbe9a46a,Swords to Plowshares,PUG-480740E2,removed,6,,not_recorded,AQOQ2D3P7ZYFQO5EW4GZB3ZA,0,0,not_recorded,visibility=hidden;status=removed;sellable_quantity=0,not_recorded,0,synced,,website_projection_missing;kiosk_projection_not_recorded
1,connected,local-inventory-94041883-6406-46ac-9854-9cdda0aca977,c770c733-4853-6e54-e13e-d18171dde18b,Swords to Plowshares,PUG-C4F620CF-01,available,6,,not_recorded,CAVKVENLRYGB5I5ZIYVOTYLU,6,6,not_recorded,visibility=visible;status=available;sellable_quantity=6,not_recorded,0,synced,,website_projection_missing;kiosk_projection_not_recorded
1,connected,local-inventory-fda06811-f382-4e37-b337-42538556191a,56de5c19-5b01-75f5-5d8e-29f6c7d3f047,Swords to Plowshares,PUG-C4F620CF-02,removed,0,,not_recorded,,,,not_recorded,visibility=hidden;status=removed;sellable_quantity=0,not_recorded,0,synced,,website_projection_missing;kiosk_projection_not_recorded
1,connected,local-inventory-eaac6fb1-9a2e-4aad-b40d-3357bcafc45c,2b010c72-ce5e-8708-fb7f-b795c523bc31,Swords to Plowshares,PUG-C4F620CF-03,removed,0,,not_recorded,,,,not_recorded,visibility=hidden;status=removed;sellable_quantity=0,not_recorded,0,synced,,website_projection_missing;kiosk_projection_not_recorded
1,connected,local-inventory-8fab7641-9273-42ef-bff6-d4751aab9d47,843b97dc-fcb4-346e-e1e0-db9b512ffbcb,Swords to Plowshares,PUG-C4F620CF-04,removed,0,,not_recorded,,,,not_recorded,visibility=hidden;status=removed;sellable_quantity=0,not_recorded,0,synced,,website_projection_missing;kiosk_projection_not_recorded
1,connected,local-inventory-1c1d82ba-3897-407d-acc2-59a1778985ab,9d4e6bf3-c903-c800-c072-25bdbf501559,Swords to Plowshares,PUG-C4F620CF-05,removed,0,,not_recorded,,,,not_recorded,visibility=hidden;status=removed;sellable_quantity=0,not_recorded,0,synced,,website_projection_missing;kiosk_projection_not_recorded
1,connected,local-inventory-2b233d11-9759-416f-870f-9830ef73358c,555fc505-1500-7f89-b162-a6d88c1e8530,Swords to Plowshares,PUG-C4F620CF-06,removed,0,,not_recorded,,,,not_recorded,visibility=hidden;status=removed;sellable_quantity=0,not_recorded,0,synced,,website_projection_missing;kiosk_projection_not_recorded
1,connected,local-inventory-68ca8f8f-6851-4971-b6b7-ac8c5166445f,d47be773-e4bf-1be5-a1dc-b5410546dae2,"Rofellos, Llanowar Emissary",PUG-3F221A2C,available,1,,not_recorded,L7YCO44PYHKUCAJKHVVM4ZJ2,1,1,not_recorded,visibility=visible;status=available;sellable_quantity=1,not_recorded,0,synced,,website_projection_missing;kiosk_projection_not_recorded
1,connected,local-inventory-63b6406e-97a1-4918-89cf-7c84866730cf,5dc09b54-cc4b-70fc-89ea-0b683b77f3fe,Dance of the Dead,PUG-82832B73-01,available,1,,not_recorded,,,,not_recorded,visibility=staff_only;status=available;sellable_quantity=0,not_recorded,0,synced,,website_projection_missing;kiosk_projection_not_recorded
1,connected,local-inventory-cc06d0ad-083c-4847-880f-11f645d469f6,9815e977-ff0d-ca20-ddc2-183a523147d0,Dance of the Dead,PUG-82832B73-02,available,1,,not_recorded,,,,not_recorded,visibility=staff_only;status=available;sellable_quantity=0,not_recorded,0,synced,,website_projection_missing;kiosk_projection_not_recorded
1,connected,local-inventory-8885b43c-bf3c-4ae2-b750-f78266310338,0c066989-c44a-9005-5d7e-d59970e5e8cb,Dance of the Dead,PUG-82832B73-03,available,1,,not_recorded,,,,not_recorded,visibility=staff_only;status=available;sellable_quantity=0,not_recorded,0,synced,,website_projection_missing;kiosk_projection_not_recorded
1,connected,local-inventory-2e44a5a0-56f3-42a0-a200-1cf92a530405,0a9f91d2-1ec9-5fd7-2de5-ffe808d9316d,Dance of the Dead,PUG-C02E2C37-01,available,1,,not_recorded,,,,not_recorded,visibility=staff_only;status=available;sellable_quantity=0,not_recorded,0,synced,,website_projection_missing;kiosk_projection_not_recorded
1,connected,local-inventory-9605692d-bdb3-4f7d-aa25-8d3a1bf83ced,e8332b64-0f15-4213-bf4a-0419e8ea6124,Dance of the Dead,PUG-C02E2C37-02,available,1,,not_recorded,,,,not_recorded,visibility=staff_only;status=available;sellable_quantity=0,not_recorded,0,synced,,website_projection_missing;kiosk_projection_not_recorded
1,connected,local-inventory-6e8cabe3-5e11-4149-a86b-2cab0936b3b0,89676cdf-25ef-2357-83f6-b46e84d7a32a,"Multani, Maro-Sorcerer",PUG-13315FB9,available,1,,not_recorded,TZEX5IHGBL7X3TUZADXGRPWT,1,1,not_recorded,visibility=visible;status=available;sellable_quantity=1,not_recorded,0,synced,,website_projection_missing;kiosk_projection_not_recorded
1,connected,local-inventory-12116e75-e1f8-4aaa-96d2-37d75c7bf25f,10f28a12-d756-0b91-417d-a93cfb1e5c72,Concordant Crossroads,PUG-DAFD08D0,available,1,,not_recorded,VDJR2N4DQ7KB7HUTYMUAKWMF,1,1,not_recorded,visibility=visible;status=available;sellable_quantity=1,not_recorded,0,synced,,website_projection_missing;kiosk_projection_not_recorded
1,connected,local-inventory-9aa6587c-499f-490e-91b8-e78dc62743d2,729989b8-8625-eadc-c914-b06bb41399d6,Psychic Corrosion,PUG-5F00AFF8,available,1,,not_recorded,557EFVLPDMI5OGO26OAUO6GB,1,1,not_recorded,visibility=visible;status=available;sellable_quantity=1,not_recorded,0,synced,,website_projection_missing;kiosk_projection_not_recorded
1,connected,local-inventory-1bc68955-0b59-43a2-8d53-4ddfb5036cbe,93ad6e78-1224-9239-7af9-95baf4b3808e,Hermit Druid,PUG-A0821001,available,1,,not_recorded,2MIC2Y77STRGCNYKZQEOBDQZ,1,1,not_recorded,visibility=visible;status=available;sellable_quantity=1,not_recorded,0,synced,,website_projection_missing;kiosk_projection_not_recorded
1,connected,local-inventory-d9ee8c5b-262a-4834-9b4e-6e4588a04a2f,fb1df44d-a841-3281-7545-8466a34ede92,Enlightened Tutor,PUG-A8A7F6CB,available,1,,not_recorded,SMU5VRDK6TRHALL7DL3QHZZ6,1,0,not_recorded,visibility=visible;status=available;sellable_quantity=1,not_recorded,0,synced,,website_projection_missing;square_count_mismatch;kiosk_projection_not_recorded
1,connected,local-inventory-0a493037-35ce-42c9-bdab-0b2750b105a8,8bc1fd99-9014-b6dc-7e48-e982829491e8,Ruin Grinder,PUG-1AC0E159,available,1,,not_recorded,QTTMVGXYUYAAA63DSZZUJBZM,1,1,not_recorded,visibility=visible;status=available;sellable_quantity=1,not_recorded,0,no_sync_record,,website_projection_missing;kiosk_projection_not_recorded
1,connected,local-inventory-fbca4567-21cb-4754-a201-4805271d63f3,4fdf1400-537c-4b29-3ccf-1dc846c20663,Constant Mists,PUG-1770732A-01,available,1,,not_recorded,,,,not_recorded,visibility=staff_only;status=available;sellable_quantity=0,not_recorded,0,synced,,website_projection_missing;kiosk_projection_not_recorded
1,connected,local-inventory-456ca99e-b0df-43b0-9389-caf89b62ca90,ad6d1301-6eb2-994b-8457-c2b83142dca9,Constant Mists,PUG-1770732A-02,available,1,,not_recorded,,,,not_recorded,visibility=staff_only;status=available;sellable_quantity=0,not_recorded,0,synced,,website_projection_missing;kiosk_projection_not_recorded
1,connected,local-inventory-d3b94e49-d5b6-4ced-8364-be08378e51d8,6547f1e6-bcd9-12a7-5e48-b8595e630a21,Land Tax,PUG-F63C90F5,available,1,,not_recorded,IVRMYKXDRTZRCPUVFRYB7O7A,1,0,not_recorded,visibility=visible;status=available;sellable_quantity=1,not_recorded,0,synced,,website_projection_missing;square_count_mismatch;kiosk_projection_not_recorded
1,connected,local-inventory-192ffe1e-4cee-4c7f-b046-5dd9ab7711cc,2ba2db7c-1c81-2b59-372d-005314b44383,Burgeoning,PUG-38BFA9C1-01,available,1,,not_recorded,36EG33MFQS7IGNWQBTGVA65E,1,1,not_recorded,visibility=visible;status=available;sellable_quantity=1,not_recorded,0,no_sync_record,,website_projection_missing;kiosk_projection_not_recorded
1,connected,local-inventory-b0d65fa7-f7e8-4629-8ec9-59f42dad315b,6e8f5ca4-6e61-398c-561b-31d03cbf0075,Burgeoning,PUG-38BFA9C1-02,available,1,,not_recorded,HGXMRQ3KBAQBOH6AGCCFHXKL,1,1,not_recorded,visibility=visible;status=available;sellable_quantity=1,not_recorded,0,no_sync_record,,website_projection_missing;kiosk_projection_not_recorded
1,connected,local-inventory-ba513e63-0f16-417d-96d2-dacac10363b8,819ae207-b3d3-8e60-c83a-528459be7b4b,Burgeoning,PUG-38BFA9C1-03,available,1,,not_recorded,IL3MOUX4FWDNRIQBIYQTDORF,1,1,not_recorded,visibility=visible;status=available;sellable_quantity=1,not_recorded,0,no_sync_record,,website_projection_missing;kiosk_projection_not_recorded
1,connected,local-inventory-ed10ec6e-233f-4a6f-851e-6a3c67469a05,acbd9fd2-adf8-b177-65ce-f69cd7dccb54,Burgeoning,PUG-38BFA9C1-04,available,1,,not_recorded,CICLZUOODHX7JQQQRKWPHGSA,1,1,not_recorded,visibility=visible;status=available;sellable_quantity=1,not_recorded,0,no_sync_record,,website_projection_missing;kiosk_projection_not_recorded
1,connected,local-inventory-9136f3f9-5428-43e1-84ba-935c6aea77bc,6a5334d4-f9f3-2a9f-68b4-9fd808941bf4,Earthcraft,PUG-9DF53EED,available,1,,not_recorded,,,,not_recorded,visibility=staff_only;status=available;sellable_quantity=0,not_recorded,0,synced,,website_projection_missing;kiosk_projection_not_recorded
1,connected,local-inventory-4035fd78-b922-483e-8220-238ecefdc20b,ee7331e1-e8fd-1941-7c12-767ac50facfb,Fyndhorn Elves,PUG-3A134573-01,available,1,,not_recorded,,,,not_recorded,visibility=staff_only;status=available;sellable_quantity=0,not_recorded,0,synced,,website_projection_missing;kiosk_projection_not_recorded
1,connected,local-inventory-1ade34ca-188a-4c04-a1fb-c6aba6cc0b31,93873d74-5988-867d-17e3-4b4051fb974b,Fyndhorn Elves,PUG-3A134573-02,available,1,,not_recorded,,,,not_recorded,visibility=staff_only;status=available;sellable_quantity=0,not_recorded,0,synced,,website_projection_missing;kiosk_projection_not_recorded
1,connected,local-inventory-ca61c5e9-547d-4f24-84c7-dcb011d05bfa,8daca104-5e56-e76b-9655-f4149042dd27,Fyndhorn Elves,PUG-3A134573-03,available,1,,not_recorded,,,,not_recorded,visibility=staff_only;status=available;sellable_quantity=0,not_recorded,0,synced,,website_projection_missing;kiosk_projection_not_recorded
1,connected,local-inventory-b2c4fa57-bf3b-4656-b69e-636c3f60708b,815cdf16-4b4b-c552-f7b9-d31d69be907f,Fyndhorn Elves,PUG-3A134573-04,available,1,,not_recorded,,,,not_recorded,visibility=staff_only;status=available;sellable_quantity=0,not_recorded,0,synced,,website_projection_missing;kiosk_projection_not_recorded
1,connected,local-inventory-ae71d633-c4c4-4608-aa12-4d4cb03e761f,29a62c7b-00db-224d-75ec-38acf0467488,Metalworker,PUG-E6096C62,available,1,,not_recorded,,,,not_recorded,visibility=staff_only;status=available;sellable_quantity=0,not_recorded,0,synced,,website_projection_missing;kiosk_projection_not_recorded
1,connected,local-inventory-a3e3173f-a3fd-4b44-a13f-6ea1595c19af,807da90c-8ece-d138-58ca-3b33a4111552,Mega Zygarde ex,PUG-693B7DF8-01,available,1,,not_recorded,MGSAR2XRKJOED4PLJBTGRUSX,1,0,not_recorded,visibility=visible;status=available;sellable_quantity=1,not_recorded,0,no_sync_record,,website_projection_missing;square_count_mismatch;kiosk_projection_not_recorded
1,connected,local-inventory-75cf0a52-3298-4cf6-bb86-dff440a9f548,130d2b24-f9ff-f264-92b2-aabe500e7c9b,Mega Zygarde ex,PUG-693B7DF8-02,available,1,,not_recorded,3PBVLHTIQ2TDUCRQ5FP4YZOT,1,1,not_recorded,visibility=visible;status=available;sellable_quantity=1,not_recorded,0,no_sync_record,,website_projection_missing;kiosk_projection_not_recorded
1,connected,local-inventory-e319b17f-e6e4-41f5-ba46-1c3c260240e0,04dcacbf-483b-21bc-2f7d-eee34ae385dc,Mega Zygarde ex,PUG-693B7DF8-03,available,1,,not_recorded,DDR4BDZQDZCKE4NRSIZRYRX3,1,1,not_recorded,visibility=visible;status=available;sellable_quantity=1,not_recorded,0,no_sync_record,,website_projection_missing;kiosk_projection_not_recorded
1,connected,local-inventory-fc84f992-9ecc-4ed1-8245-baf7463914bb,59c69f09-211a-9c1e-dea8-b7c421a56c57,Mega Zygarde ex,PUG-693B7DF8-04,available,1,,not_recorded,5TW6QERYWIYWLZGJE6GFXZ32,1,1,not_recorded,visibility=visible;status=available;sellable_quantity=1,not_recorded,0,no_sync_record,,website_projection_missing;kiosk_projection_not_recorded
1,connected,local-inventory-26fd2012-8097-45b2-8927-af556eeca8b1,3453b6fc-8dd9-2066-095a-03e1b413d1e8,Mega Zygarde ex,PUG-693B7DF8-05,available,1,,not_recorded,FCSPONNCRPSML5PZRXS77I7T,1,1,not_recorded,visibility=visible;status=available;sellable_quantity=1,not_recorded,0,no_sync_record,,website_projection_missing;kiosk_projection_not_recorded
1,connected,local-inventory-294f5ee6-4b2c-4ff0-b0e1-fe89c11b776f,297f6473-03b0-d911-cb2f-f0fc39017246,Mega Zygarde ex,PUG-693B7DF8-06,sold,0,,not_recorded,ID25ZZWFY6Q3NWQ7BJ2UC3LY,0,0,not_recorded,visibility=visible;status=sold;sellable_quantity=0,not_recorded,0,no_sync_record,,website_projection_missing;kiosk_projection_not_recorded
1,connected,local-inventory-080fb566-c004-496e-81bb-494668c55b9b,601c4d76-9754-5f72-a708-f3d573a69001,Mega Meganium ex,PUG-78BC7875-01,available,1,,not_recorded,RR4XSRJNXZIDUKB4QUFG2AR2,1,0,not_recorded,visibility=visible;status=available;sellable_quantity=1,not_recorded,0,synced,,website_projection_missing;square_count_mismatch;kiosk_projection_not_recorded
1,connected,local-inventory-7b4cfb65-5628-4d97-bfeb-369f9afa11e3,0d22b666-67ea-f0c8-f15f-84dc90889965,Mega Meganium ex,PUG-78BC7875-02,available,1,,not_recorded,3OUFSL4C7SJMTWIFXLUFWBD4,1,1,not_recorded,visibility=visible;status=available;sellable_quantity=1,not_recorded,0,synced,,website_projection_missing;kiosk_projection_not_recorded
1,connected,local-inventory-76242275-e8f4-40c0-8c77-6602efdc3f03,c1dcd684-3358-2262-7b19-fc1cce10cb8c,Mega Feraligatr ex,PUG-45EA4C34-01,available,1,,not_recorded,DFELXPI7G7ZKIDFO2SPAAY4S,1,1,not_recorded,visibility=visible;status=available;sellable_quantity=1,not_recorded,0,synced,,website_projection_missing;kiosk_projection_not_recorded
1,connected,local-inventory-27118894-4c0d-4101-8b99-3d1d1ca39a9d,cc396bdf-f73d-932c-5afb-f6072bd7eacf,Mega Feraligatr ex,PUG-45EA4C34-02,sold,0,,not_recorded,5LDQJ5OCHJ2J5YLCJR3S5XMU,0,0,not_recorded,visibility=visible;status=sold;sellable_quantity=0,not_recorded,0,synced,,website_projection_missing;kiosk_projection_not_recorded
1,connected,local-inventory-1ac486da-2798-44e9-85ff-da80ef107000,760323a2-9f8e-6508-c2d9-136d5a26c3a4,Mega Emboar ex,PUG-759D6A4F-01,available,1,,not_recorded,YZBVDJFCDFPKFX7IBNHHRI63,1,1,not_recorded,visibility=visible;status=available;sellable_quantity=1,not_recorded,0,no_sync_record,,website_projection_missing;kiosk_projection_not_recorded
1,connected,local-inventory-ec06da26-b508-40a5-8cca-711077f8a34b,b69b1442-40db-991a-7a7e-5cf06fcd6d6b,Mega Emboar ex,PUG-759D6A4F-02,available,1,,not_recorded,Q5CUCVKZKBUQQZIYZSTLS526,1,1,not_recorded,visibility=visible;status=available;sellable_quantity=1,not_recorded,0,no_sync_record,,website_projection_missing;kiosk_projection_not_recorded
1,connected,local-inventory-dd7b46b0-5d92-4364-a2ee-56e9941df19d,6aa12e71-bb49-afa5-9adf-0db13336e860,Erika's Dragonair,PUG-689B9DEE,removed,1,,not_recorded,IRNSS6U336YQHHKRCUYMK3OY,0,0,not_recorded,visibility=hidden;status=removed;sellable_quantity=0,not_recorded,0,synced,,website_projection_missing;kiosk_projection_not_recorded
1,connected,local-inventory-90da2bfd-a768-426e-8271-fa8d54ddac61,7734f418-71f0-0a8e-4803-7dfa692f343a,Mega Zygarde ex,PUG-D45B477E,removed,1,,not_recorded,XCOWKYKZDFKRTXC6K23ZY3D6,0,0,not_recorded,visibility=hidden;status=removed;sellable_quantity=0,not_recorded,0,synced,,website_projection_missing;kiosk_projection_not_recorded
1,connected,local-inventory-538ab60e-29ca-42e2-b985-13ae9e526720,7f6eefdf-e96a-613e-e914-d1c0124b1a55,Yanmega ex,PUG-BC974D32,available,1,,not_recorded,65N44WRNXHKGG2F475D6HGRH,1,1,not_recorded,visibility=visible;status=available;sellable_quantity=1,not_recorded,0,synced,,website_projection_missing;kiosk_projection_not_recorded
1,connected,local-inventory-5d4963d0-650b-4275-be90-dca2f5319e9f,c658361a-687a-729f-7c30-7400fb77556e,Budew,PUG-86180E83,sold,0,,not_recorded,WZDBCAS5CEDJEOIQXHOAKGA6,0,0,not_recorded,visibility=visible;status=sold;sellable_quantity=0,not_recorded,0,no_sync_record,,website_projection_missing;kiosk_projection_not_recorded
1,connected,local-inventory-6261d98f-08ea-42e4-9dfe-fca7af8ef58c,4c8cf46a-541e-dc80-d267-816d18ab2984,Dedenne,PUG-5BA66FEB,sold,0,,not_recorded,SLXQCM2QJSHD63QKQNN7U3HS,0,0,not_recorded,visibility=visible;status=sold;sellable_quantity=0,not_recorded,0,synced,,website_projection_missing;kiosk_projection_not_recorded
1,connected,local-inventory-c3b129cd-1dbd-4cc1-958e-a23da940ea8d,67fec5e2-f5b3-7128-eda7-4c0f74f13af8,Aurorus,PUG-DF539E26,sold,0,,not_recorded,CFRFZUAMSA6L7JS5DA6TEY2C,0,0,not_recorded,visibility=visible;status=sold;sellable_quantity=0,not_recorded,0,no_sync_record,,website_projection_missing;kiosk_projection_not_recorded
1,connected,local-inventory-00de7de4-b96b-4db5-9e28-20c324152550,acf45060-35cf-95e2-0910-ca48ed347afe,Mega Zygarde ex,PUG-BAF36826,sold,0,,not_recorded,GNYXYWS7GDPJS2NQP27GWXIA,0,0,not_recorded,visibility=visible;status=sold;sellable_quantity=0,not_recorded,0,no_sync_record,,website_projection_missing;kiosk_projection_not_recorded
1,connected,local-inventory-6bd305c2-389e-40a9-90a4-edc9177aa5da,82a18118-46f2-4447-1e37-880db2cc306a,"Urborg, Tomb of Yawgmoth",PUG-68CF5EC8,removed,1,,not_recorded,2A47CWIFLJYHRCVP2XSJTVJ7,0,0,not_recorded,visibility=hidden;status=removed;sellable_quantity=0,not_recorded,0,synced,,website_projection_missing;kiosk_projection_not_recorded
1,connected,local-inventory-c5aaab38-dcdb-467a-a740-bd76ab710c58,3d67bad2-2761-3caf-4abb-e6a23e418475,ジジーロンGX,PUG-3FDFABEA,removed,1,,not_recorded,ZNQSMDWYHXNEL6XMEUJ2QGAQ,0,0,not_recorded,visibility=hidden;status=removed;sellable_quantity=0,not_recorded,0,synced,,website_projection_missing;kiosk_projection_not_recorded
1,connected,local-inventory-3ae9f975-d12c-47f6-a501-19eada4dec09,9556f144-f8cf-5ed0-393f-134b7c738d24,アローラ ナッシーGX,PUG-431E6FE2,removed,1,,not_recorded,5AQTJFLODQW6HFQ4WQT4KQJP,0,0,not_recorded,visibility=hidden;status=removed;sellable_quantity=0,not_recorded,0,synced,,website_projection_missing;kiosk_projection_not_recorded
1,connected,local-inventory-19cfc529-245e-4705-9ab2-bd40ceb6e2bc,c9955b2f-19cf-6c20-1fbd-29dbe0f49f62,ジジーロンGX,PUG-FD720F06,available,1,,not_recorded,DQA7DLJQZOK3YVDA2AUDN632,1,0,not_recorded,visibility=visible;status=available;sellable_quantity=1,not_recorded,0,synced,,website_projection_missing;square_count_mismatch;kiosk_projection_not_recorded
1,connected,local-inventory-4effd5cb-8ee3-454a-b998-e339dd69d1cd,60f45806-59db-ea91-3db0-a3504caf1ede,アローラ ナッシーGX,PUG-C19315D0,available,1,,not_recorded,TG2ZDH7T3B5FG5LIQ2ZAVK2B,1,0,not_recorded,visibility=visible;status=available;sellable_quantity=1,not_recorded,0,synced,,website_projection_missing;square_count_mismatch;kiosk_projection_not_recorded
1,connected,local-inventory-16e37563-2d49-4c9d-92fe-37655f06f84b,da2d71c6-1c09-619c-cd55-d5b7223dd7f8,マッシブーンGX,PUG-2DCA39FF,available,1,,not_recorded,UWFV3FRO6VHPHZG3A545GQ7A,1,1,not_recorded,visibility=visible;status=available;sellable_quantity=1,not_recorded,0,synced,,website_projection_missing;kiosk_projection_not_recorded
1,connected,local-inventory-5d648b41-946a-4c2d-9f28-c086504e1798,cd4160db-de17-28c2-5317-c6ffd1c6c2c7,マッシブーンGX,PUG-58F0867C,available,1,,not_recorded,7KIEOQLKECWYZMUU2SOKRCWT,1,0,not_recorded,visibility=visible;status=available;sellable_quantity=1,not_recorded,0,synced,,website_projection_missing;square_count_mismatch;kiosk_projection_not_recorded
1,connected,local-inventory-73beb8b0-e672-46e1-b21d-458ba037bc4e,13de748a-08c1-2804-102b-b32234f3f71b,ツンデツンデGX,PUG-CF6E18F0-01,available,1,,not_recorded,7FJPRHHRI6I7E5GIFNJ2V6GN,1,0,not_recorded,visibility=visible;status=available;sellable_quantity=1,not_recorded,0,synced,,website_projection_missing;square_count_mismatch;kiosk_projection_not_recorded
1,connected,local-inventory-576e2d00-b109-4fbe-b09c-ba1fd6738710,1cfdc160-1304-7342-897d-97614747ad3c,ツンデツンデGX,PUG-CF6E18F0-02,available,1,,not_recorded,27FLXJWJUOSUWY4GPOFTFLWK,1,1,not_recorded,visibility=visible;status=available;sellable_quantity=1,not_recorded,0,synced,,website_projection_missing;kiosk_projection_not_recorded
1,connected,local-inventory-b0d1858f-43d9-4281-9150-a734e027a50a,302128b9-ad0e-ea15-df85-d2807aec09ac,ツンデツンデGX,PUG-CF6E18F0-03,available,1,,not_recorded,MPXBTUCD4ZBWVHPAA45NXYKM,1,1,not_recorded,visibility=visible;status=available;sellable_quantity=1,not_recorded,0,synced,,website_projection_missing;kiosk_projection_not_recorded
1,connected,local-inventory-c8c7c1e0-0c0b-49aa-ba91-a1ae0f4e923c,07b1ddb0-a24d-87cc-aeae-c3860868770f,ヨワシGX,PUG-3ACD5FA3-01,sold,1,,not_recorded,ON2ZYQEPJ4K3HQDTWPWNHZYU,0,0,not_recorded,visibility=visible;status=sold;sellable_quantity=0,not_recorded,0,synced,,website_projection_missing;kiosk_projection_not_recorded
1,connected,local-inventory-d1d419e3-4f4a-469b-b156-39a5bee4a96f,d51c211b-b130-ad08-ff3d-5d55bb487a80,ヨワシGX,PUG-3ACD5FA3-02,available,1,,not_recorded,THXUDXDC4ULG7Y5LXEVBRGEZ,1,1,not_recorded,visibility=visible;status=available;sellable_quantity=1,not_recorded,0,synced,,website_projection_missing;kiosk_projection_not_recorded
1,connected,local-inventory-98b71b47-e85f-42eb-b9e0-2487e07953b0,466973db-ccac-c7ee-91e2-44d33c37be36,ヨワシGX,PUG-3ACD5FA3-03,sold,0,,not_recorded,IKURKKVMF7TT6UAXGBQIPQUC,0,0,not_recorded,visibility=visible;status=sold;sellable_quantity=0,not_recorded,0,no_sync_record,,website_projection_missing;kiosk_projection_not_recorded
1,connected,local-inventory-ce66dda6-6e55-4f85-b89f-6bac82059f46,f6e354d5-38c9-ab2a-f148-bcdabbd789d6,ヨワシGX,PUG-3ACD5FA3-04,available,1,,not_recorded,YVG6UATLIXCYMDDJF5RZFJ5O,1,1,not_recorded,visibility=visible;status=available;sellable_quantity=1,not_recorded,0,synced,,website_projection_missing;kiosk_projection_not_recorded
1,connected,local-inventory-e445a1cc-d779-4a35-aad0-605a9487e87c,822a9a9c-0ec5-f630-bbac-541f83448428,ヨワシGX,PUG-3ACD5FA3-05,available,1,,not_recorded,VS7KXCZZKEBMXOANYESVD5YY,1,1,not_recorded,visibility=visible;status=available;sellable_quantity=1,not_recorded,0,synced,,website_projection_missing;kiosk_projection_not_recorded
1,connected,local-inventory-a46726c8-4b4a-43b0-a3b8-dc5725624614,752e1d3c-5468-9491-9905-1d2cd9701d8a,ヨワシGX,PUG-3ACD5FA3-06,available,1,,not_recorded,KIQ2XLJ3XFFYAVOHD3GPUNL6,1,1,not_recorded,visibility=visible;status=available;sellable_quantity=1,not_recorded,0,synced,,website_projection_missing;kiosk_projection_not_recorded
1,connected,local-inventory-17c2a9d9-ca26-48f0-b9b5-5c69cb022f53,210f8be8-02fd-8d2f-3f88-50ebf45e03e2,フライゴンGX,PUG-15C38020-01,available,1,,not_recorded,CD4QULWH37BKK44FM373PV63,1,1,not_recorded,visibility=visible;status=available;sellable_quantity=1,not_recorded,0,synced,,website_projection_missing;kiosk_projection_not_recorded
1,connected,local-inventory-8ccd174d-0b7c-4a2c-9d38-78d3cb2f4414,ff46d21d-f6b8-2211-ef07-ac8920ee5dbf,フライゴンGX,PUG-15C38020-02,available,1,,not_recorded,SCIPEABKW5PH4ZE4HFKMHFCO,1,1,not_recorded,visibility=visible;status=available;sellable_quantity=1,not_recorded,0,synced,,website_projection_missing;kiosk_projection_not_recorded
1,connected,local-inventory-7261dfd4-1a12-4cc5-8c21-0b1d5ba90851,1d8682ca-ef53-fb29-8e4c-afa359284496,グソクムシャGX,PUG-3C19B372-01,available,1,,not_recorded,DDTR535YUUT3MWSOE4JBA4AX,1,1,not_recorded,visibility=visible;status=available;sellable_quantity=1,not_recorded,0,synced,,website_projection_missing;kiosk_projection_not_recorded
1,connected,local-inventory-ac4b7521-a737-4a5a-8eb3-4ea0d0a6a0a7,48655bc8-38e4-c9b1-c939-27f554755308,グソクムシャGX,PUG-3C19B372-02,available,1,,not_recorded,TWYZPZVGFLENVZIPPTZZHXS2,1,1,not_recorded,visibility=visible;status=available;sellable_quantity=1,not_recorded,0,synced,,website_projection_missing;kiosk_projection_not_recorded
1,connected,local-inventory-e886e57c-9792-4b3c-b912-1d6a789f8e5e,ba7f1ed7-09c8-0555-8930-18aa2e4bfe50,グソクムシャGX,PUG-3C19B372-03,available,1,,not_recorded,65EAQKLMGUESAMSYNFQHANMT,1,1,not_recorded,visibility=visible;status=available;sellable_quantity=1,not_recorded,0,synced,,website_projection_missing;kiosk_projection_not_recorded
1,connected,local-inventory-d6e79f23-4bfa-46f1-89a4-28563f619311,745f617b-249f-8299-c2e2-c422d4b21f69,Jp Lurantis GX,PUG-73C65E16-01,available,1,,not_recorded,YWM5XYPL3SPPE4LDPAZMYZAD,1,1,not_recorded,visibility=visible;status=available;sellable_quantity=1,not_recorded,0,synced,,website_projection_missing;kiosk_projection_not_recorded
1,connected,local-inventory-ee9eb8db-0f12-4191-b9bf-0724fce98696,32dea266-bc38-284f-8636-613a447e1889,Jp Lurantis GX,PUG-73C65E16-02,available,1,,not_recorded,KCEEVL4TPPNRT5H6RIP5FAZN,1,1,not_recorded,visibility=visible;status=available;sellable_quantity=1,not_recorded,0,synced,,website_projection_missing;kiosk_projection_not_recorded
1,connected,local-inventory-91d105bc-ebab-4be0-a08c-9ac0571dac86,1e4b589a-d5cd-e556-13f2-96e664589b51,ルガルガンGX,PUG-212A5823,sold,0,,not_recorded,EHSVMKTG2F26RZJLVMPHJ6F4,0,0,not_recorded,visibility=visible;status=sold;sellable_quantity=0,not_recorded,0,no_sync_record,,website_projection_missing;kiosk_projection_not_recorded
1,connected,local-inventory-7b23f05b-3cc0-408f-977f-b6c946e2f7a5,bc125580-d62f-fb10-857e-abee296cc597,マグカルゴGX,PUG-B19EED25-01,available,1,,not_recorded,3WJEO5N6IVUGOTCQSOWM2VZ2,1,1,not_recorded,visibility=visible;status=available;sellable_quantity=1,not_recorded,0,synced,,website_projection_missing;kiosk_projection_not_recorded
1,connected,local-inventory-fc28f9b1-8e19-43aa-b207-3dfbc58cb4dc,111bd86b-b189-96ed-efef-363a2acd1928,マグカルゴGX,PUG-B19EED25-02,available,1,,not_recorded,AMIL53X3EUXXGKZ3UMB4Z3S2,1,1,not_recorded,visibility=visible;status=available;sellable_quantity=1,not_recorded,0,synced,,website_projection_missing;kiosk_projection_not_recorded
1,connected,local-inventory-22ad7407-fc69-4236-b612-72470662390b,5af3ca3e-ff83-21e7-02d6-feee1e810ef6,クチートGX,PUG-AD10F388,available,1,,not_recorded,3C57TRRSM2V6NB2Q65VW6ZEY,1,0,not_recorded,visibility=visible;status=available;sellable_quantity=1,not_recorded,0,synced,,website_projection_missing;square_count_mismatch;kiosk_projection_not_recorded
1,connected,local-inventory-590a3c72-ff65-4017-90c0-03c83d6bfd44,6c6b3684-a48a-839a-ed5d-db518091f5f9,アーゴヨンGX,PUG-03CC2677,available,1,,not_recorded,YF43FSV5BKMZG4RY2RYZP2RW,1,0,not_recorded,visibility=visible;status=available;sellable_quantity=1,not_recorded,0,synced,,website_projection_missing;square_count_mismatch;kiosk_projection_not_recorded
1,connected,local-inventory-9c72ed46-373a-497f-b9d9-7bcca939c3ae,3ea33055-31e4-7653-148a-7191eeaece78,ネクロズマGX,PUG-145D82B7,available,1,,not_recorded,S3EOS5QALFEUJESPTMJVCDWT,1,1,not_recorded,visibility=visible;status=available;sellable_quantity=1,not_recorded,0,synced,,website_projection_missing;kiosk_projection_not_recorded
1,connected,local-inventory-d7ad59ec-a5fe-48db-a693-0ca73d6d6241,5a4fbfa6-1e38-4b7a-0e1d-1c21c33c7b11,オドリドリGX,PUG-9A3862FF,available,1,,not_recorded,AYFSOWSSXM3DXOS2KMFRSPQB,1,1,not_recorded,visibility=visible;status=available;sellable_quantity=1,not_recorded,0,synced,,website_projection_missing;kiosk_projection_not_recorded
1,connected,local-inventory-90fc7e09-cff9-485e-84bf-d97c96159b1a,d682037f-f359-7a54-4343-f14ba6e6f030,ジュカインGX,PUG-18045754-01,available,1,,not_recorded,H66YTND3Z5D2TX3AYVV5JPIV,1,1,not_recorded,visibility=visible;status=available;sellable_quantity=1,not_recorded,0,synced,,website_projection_missing;kiosk_projection_not_recorded
1,connected,local-inventory-3927dc6a-3e92-4171-87ce-3232403bccfa,5d3398f4-521e-f2c1-2b05-15c4de9196c8,ジュカインGX,PUG-18045754-02,available,1,,not_recorded,66NSIPZGU4PGZHN3FNCNBQVD,1,1,not_recorded,visibility=visible;status=available;sellable_quantity=1,not_recorded,0,synced,,website_projection_missing;kiosk_projection_not_recorded
1,connected,local-inventory-ba3df8d9-7222-4a0e-9231-3a6106954b11,84e626f5-6cc5-373f-7947-2f9ac8e30129,シルヴァディGX,PUG-290CA596-01,available,1,,not_recorded,7N6JBY7665FJWHNIHLID2VTV,1,1,not_recorded,visibility=visible;status=available;sellable_quantity=1,not_recorded,0,synced,,website_projection_missing;kiosk_projection_not_recorded
1,connected,local-inventory-c18f09ea-7879-49f5-8398-e5b792c77428,f601da23-d09c-c844-e5d8-99132fc85c8c,シルヴァディGX,PUG-290CA596-02,available,1,,not_recorded,SM45ANHC6AGDVSYHDYBZASY7,1,1,not_recorded,visibility=visible;status=available;sellable_quantity=1,not_recorded,0,synced,,website_projection_missing;kiosk_projection_not_recorded
1,connected,local-inventory-2720eeb9-cf82-43b0-a6b6-aa9493b5190d,9efee04b-d2df-ec4e-3b21-ce95bdf9eaac,コバルオンGX,PUG-E93A8E48,available,1,,not_recorded,4CDB7J6LBYQ632FAUI4EHNCQ,1,1,not_recorded,visibility=visible;status=available;sellable_quantity=1,not_recorded,0,synced,,website_projection_missing;kiosk_projection_not_recorded
1,connected,local-inventory-80797e1e-a849-418e-ba6b-7ba0f169c79f,73809202-b2d6-72e5-9905-79f00c740e8c,エルフーンGX,PUG-AA7F0E76-01,available,1,,not_recorded,NQVCMHHDFETLCVM7FHOGASAQ,1,1,not_recorded,visibility=visible;status=available;sellable_quantity=1,not_recorded,0,synced,,website_projection_missing;kiosk_projection_not_recorded
1,connected,local-inventory-ae43a2a9-3f1e-47ad-97f6-0a6fa2231df2,5f715da3-c3ae-1dd7-4e7e-d290c5a9e9c4,エルフーンGX,PUG-AA7F0E76-02,available,1,,not_recorded,4F7B3O6DEURH5IPWTIEG32NV,1,1,not_recorded,visibility=visible;status=available;sellable_quantity=1,not_recorded,0,synced,,website_projection_missing;kiosk_projection_not_recorded
1,connected,local-inventory-62cf866a-29f0-46b5-90bb-39872892f555,c419f598-0644-e304-7fdc-40790924d3db,JP Venomoth GX,PUG-994998FD,available,1,,not_recorded,CC3NM2KSGNWW3ARLE6ZRKS7G,1,1,not_recorded,visibility=visible;status=available;sellable_quantity=1,not_recorded,0,synced,,website_projection_missing;kiosk_projection_not_recorded
1,connected,local-inventory-6cde04fd-fbe5-4baf-839c-ef84a682be07,a0e2f30d-8fb2-c31d-c6e4-af25409b0de3,JP Ice Rider Calyrex V,PUG-7BECD806,available,1,,not_recorded,XDHUOTIPMO6PK3PVJ2SNVWFB,1,1,not_recorded,visibility=visible;status=available;sellable_quantity=1,not_recorded,0,synced,,website_projection_missing;kiosk_projection_not_recorded
1,connected,local-inventory-821b5dd5-d720-4099-9047-97788283d20b,1781d95a-2b5c-bc8c-c73e-3315a2e63b56,Cynthia's Garchomp ex,PUG-10456C21,sold,1,,not_recorded,IDNBQILGSGXUIKPUERNIX2UA,0,0,not_recorded,visibility=visible;status=sold;sellable_quantity=0,not_recorded,0,synced,,website_projection_missing;kiosk_projection_not_recorded
1,connected,local-inventory-907282d0-92c3-4910-8272-58b3fca82f10,fab678dd-2290-32b5-88ff-6d83871bdde9,Team Rocket's Weezing,PUG-99477C82,available,1,,not_recorded,Q6UL7LOLXP34BEYGQYWNVDOE,1,1,not_recorded,visibility=visible;status=available;sellable_quantity=1,not_recorded,0,no_sync_record,,website_projection_missing;kiosk_projection_not_recorded
1,connected,local-inventory-8d6080f8-98f8-42c4-bfff-f09793723e05,27482578-92f6-4ac4-5ad0-fb874dd84be8,Team Rocket's Crobat ex,PUG-CA442942,available,1,,not_recorded,H3QZ4B56MWM7T7LXZCKZDE33,1,1,not_recorded,visibility=visible;status=available;sellable_quantity=1,not_recorded,0,synced,,website_projection_missing;kiosk_projection_not_recorded
1,connected,local-inventory-ba54f498-9ac7-491e-a289-4d51a7dfebe4,fa5a4e72-75ab-a0d5-9482-c25f8aca3a36,JP Honchkrow V,PUG-0069DBC0,available,3,,not_recorded,KV3SRWRK4B3J4KYOV3TSRPCJ,3,3,not_recorded,visibility=visible;status=available;sellable_quantity=3,not_recorded,0,synced,,website_projection_missing;kiosk_projection_not_recorded
1,connected,local-inventory-19f1b449-ef25-4655-8d1b-211c6f21c467,b5f29600-a5ce-8ba7-855a-b7913ae291ad,Hisuian Zoroark V,PUG-85451B09,sold,0,,not_recorded,25CHTMTKGOFS45ZKIBVZDI4U,0,0,not_recorded,visibility=visible;status=sold;sellable_quantity=0,not_recorded,0,no_sync_record,,website_projection_missing;kiosk_projection_not_recorded
1,connected,local-inventory-9f046afc-9b78-4f28-b173-c6149347613f,78d06fbd-45e7-b1d6-018b-c3fbd0f46fbd,JP Virizion GX,PUG-790FCDBD,available,1,,not_recorded,N3E4GVXJU6DCPGFTF2FKGZY7,1,1,not_recorded,visibility=visible;status=available;sellable_quantity=1,not_recorded,0,synced,,website_projection_missing;kiosk_projection_not_recorded
1,connected,local-inventory-9b730e6e-db1c-435a-bede-5d07c83a07b6,38715f03-3c17-e047-db79-59bc5988e7f0,Volcarona GX,PUG-58753B6C,available,1,,not_recorded,AYC746XOCXXBC5IVO5E3XXLP,1,1,not_recorded,visibility=visible;status=available;sellable_quantity=1,not_recorded,0,synced,,website_projection_missing;kiosk_projection_not_recorded
1,connected,local-inventory-5feb8374-ad98-4174-9c79-304168d5ad5a,b69bdaa8-eb8c-9e72-53c5-d47085e170d2,JP Zoroark GX,PUG-593BCB53,sold,1,,not_recorded,KQTXY2GGTJK6E2YJOS2LXPCY,0,0,not_recorded,visibility=visible;status=sold;sellable_quantity=0,not_recorded,0,synced,,website_projection_missing;kiosk_projection_not_recorded
1,connected,local-inventory-2a4d56ff-6ed8-4fcd-9ccc-bfde08bfb369,fe9a730f-2a35-d9d5-58ae-c815c540e2a2,JP Wishiwashi GX,PUG-13A8A74E,available,1,,not_recorded,FY7S5Z647VX6DVIZDKXEA3AP,1,1,not_recorded,visibility=visible;status=available;sellable_quantity=1,not_recorded,0,synced,,website_projection_missing;kiosk_projection_not_recorded
1,connected,local-inventory-c51ba021-d457-4559-b66a-503c48f67e51,71c6aadf-76ed-a319-8483-78b95d53a4e5,Suicune GX,PUG-B0139881,available,1,,not_recorded,66POARPXYR5XTVOFQGH56LD3,1,0,not_recorded,visibility=visible;status=available;sellable_quantity=1,not_recorded,0,synced,,website_projection_missing;square_count_mismatch;kiosk_projection_not_recorded
1,connected,local-inventory-05ebfe05-6c67-4d84-b248-847cb4146cb8,3cb87d97-6879-4b58-05ca-2183ae9831c7,JP Tapu Lele GX,PUG-04991C69,sold,0,,not_recorded,RNI6DF7TLNJACTWQKKHM57ZD,0,0,not_recorded,visibility=hidden;status=sold;sellable_quantity=0,not_recorded,0,synced,,website_projection_missing;kiosk_projection_not_recorded
1,connected,local-inventory-81fdb730-9a9e-45fd-9b14-25025f9f17fd,d7b65a24-92de-1d6a-58ca-ea5376a3c53f,JP Tauros GX,PUG-39800ABE,available,1,,not_recorded,JVVXCVZX6AOFKNNIPX7PTDOG,1,1,not_recorded,visibility=visible;status=available;sellable_quantity=1,not_recorded,0,synced,,website_projection_missing;kiosk_projection_not_recorded
1,connected,local-inventory-655ea02f-e733-4ac1-9f0c-b38d215f9dd6,0ece28e9-75fa-8f87-7723-bba02a21cf36,JP Ultra Necrozma GX,PUG-8D16FD2D,sold,1,,not_recorded,CX4ASNETWUD2FLSN66AUOGYP,0,0,not_recorded,visibility=visible;status=sold;sellable_quantity=0,not_recorded,0,synced,,website_projection_missing;kiosk_projection_not_recorded
1,connected,local-inventory-67c54a36-594a-46b7-93c4-dc748a7b4a50,42303112-9ad7-406f-451c-710acce86b35,JP Drapion VSTAR,PUG-91B447C7,available,1,,not_recorded,DZJIUQXZKZZDCTIRVAC4ITJO,1,1,not_recorded,visibility=visible;status=available;sellable_quantity=1,not_recorded,0,synced,,website_projection_missing;kiosk_projection_not_recorded
1,connected,local-inventory-7b7d537a-275e-4156-b7c4-fc30ce24d2cf,68f2cf2e-f3e4-5d8c-8ca7-15ba79a89058,Elvish Reclaimer,PUG-849F8EB6,sold,0,,not_recorded,HS5WYYQCGEFODH7QFWVRCM3K,0,0,not_recorded,visibility=visible;status=sold;sellable_quantity=0,not_recorded,0,no_sync_record,,website_projection_missing;kiosk_projection_not_recorded
1,connected,local-inventory-368e4168-52f2-40df-93d4-7b0a7f86560a,d86a52e5-c1bb-0dc7-fa66-1981e08a1177,Exeggutor,PUG-F241153E,sold,0,,not_recorded,MIL4Y4BO6W3VYYENS6JRKMQW,0,0,not_recorded,visibility=visible;status=sold;sellable_quantity=0,not_recorded,0,no_sync_record,,website_projection_missing;kiosk_projection_not_recorded
1,connected,local-inventory-89a8ff39-a318-462d-b39a-3a9fe388048b,22b95b6b-0e70-573e-2b28-078f615c7113,Arven's Mabosstiff ex,PUG-27EDF908,available,1,,not_recorded,OHDH24VZCH5YGEUFNKHKVJFF,1,1,not_recorded,visibility=visible;status=available;sellable_quantity=1,not_recorded,0,synced,,website_projection_missing;kiosk_projection_not_recorded
1,connected,local-inventory-68aa4f17-b776-4ec5-ba50-23819fe398e1,e5aeb060-1f73-ad4d-6662-f8ebd335480c,Solrock,PUG-9B462CC7,sold,0,,not_recorded,EYSDK54RATQ6LLES3O45UGTY,0,0,not_recorded,visibility=visible;status=sold;sellable_quantity=0,not_recorded,0,no_sync_record,,website_projection_missing;kiosk_projection_not_recorded
1,connected,local-inventory-d8f28109-7cfb-4756-9ac3-21b714848dc3,f333321e-1ed1-9bbb-8d4e-d0a81509284d,Beautifly,PUG-DF9C8C87-01,available,1,,not_recorded,7ARSYAGTHNSQTKA3CYOLLVUC,1,1,not_recorded,visibility=visible;status=available;sellable_quantity=1,not_recorded,0,synced,,website_projection_missing;kiosk_projection_not_recorded
1,connected,local-inventory-30e04ef6-6d70-437d-af05-723fe16ab0f2,69b99bb9-93ac-9626-20ff-bfcc3a34dc35,Beautifly,PUG-DF9C8C87-02,removed,0,,not_recorded,UJNPHGJKISVQ6LCYGQKT4RHN,0,0,not_recorded,visibility=hidden;status=removed;sellable_quantity=0,not_recorded,0,synced,,website_projection_missing;kiosk_projection_not_recorded
1,connected,local-inventory-bc759e62-584c-42ca-a430-abc97bb4d14f,9e8371aa-c51f-ffc5-3d75-c9ad22b9a2c7,Kricketune,PUG-98EC3C8B,sold,0,,not_recorded,2JA77HAJ2U72JX5U6S4OL7DA,0,0,not_recorded,visibility=visible;status=sold;sellable_quantity=0,not_recorded,0,no_sync_record,,website_projection_missing;kiosk_projection_not_recorded
1,connected,local-inventory-4dd15bb9-012d-4c42-b150-483976d36d51,b2f3e579-a3ba-7f12-6c1a-297d1d1e65be,Slurpuff,PUG-17A73A92,sold,0,,not_recorded,V4HJXQAKHSPK2W5LJMECRCZX,0,0,not_recorded,visibility=visible;status=sold;sellable_quantity=0,not_recorded,0,no_sync_record,,website_projection_missing;kiosk_projection_not_recorded
1,connected,local-inventory-fa371ebf-5a05-4251-8b97-68380749fecb,1b28f71f-cf39-e48f-05c8-a2b21eb8e816,Bidoof,PUG-66EBB496,available,1,,not_recorded,KBISNSMWW53MXGBDY6TOWOUQ,1,1,not_recorded,visibility=visible;status=available;sellable_quantity=1,not_recorded,0,synced,,website_projection_missing;kiosk_projection_not_recorded
1,connected,local-inventory-c558d46e-8a83-4ca2-84c8-b1fec6536142,e75b8bc9-7302-b726-b686-fbafe19acbc8,N's Zekrom,PUG-FA22D25D,removed,0,,not_recorded,REKTNQC4YN7SK6INI5K4YM6I,0,0,not_recorded,visibility=hidden;status=removed;sellable_quantity=0,not_recorded,0,synced,,website_projection_missing;kiosk_projection_not_recorded
1,connected,local-inventory-16eba0c3-2cb2-4ba3-b99e-cf0aadb9e9e5,c858911a-2bfb-7ff3-35ff-7e9a113bd20b,Piplup,PUG-7A2DECCB,available,1,,not_recorded,KJSRVEFFNCWBV7KB6EMP4K6F,1,1,not_recorded,visibility=visible;status=available;sellable_quantity=1,not_recorded,0,synced,,website_projection_missing;kiosk_projection_not_recorded
1,connected,local-inventory-1da6d147-5a44-48d2-92f4-09b84899cb16,4a00cd14-3fc4-b9cb-ac17-d0f05971b3ee,Iron Jugulis,PUG-B7130E98,sold,0,,not_recorded,S5NIC4S7OAQFRXCEZWWYXXB5,0,0,not_recorded,visibility=visible;status=sold;sellable_quantity=0,not_recorded,0,no_sync_record,,website_projection_missing;kiosk_projection_not_recorded
1,connected,local-inventory-b628be27-77ac-48d0-9129-877010611ee7,3319d136-0e3d-bde5-7837-31271733cab3,Venusaur,PUG-E38F6A36,available,1,,not_recorded,NWTWUBLIQR253B5TLM7O6V2V,1,1,not_recorded,visibility=visible;status=available;sellable_quantity=1,not_recorded,0,synced,,website_projection_missing;kiosk_projection_not_recorded
1,connected,local-inventory-92daf258-c0a0-413a-8f16-dbc76d911238,3c1311c4-8516-894e-ee57-348a2c4472e8,フェローチェ&マッシブーンGX,PUG-B39FB6DE,sold,0,,not_recorded,5IYYSB45RGZKPIWSYKF3BKSU,0,0,not_recorded,visibility=visible;status=sold;sellable_quantity=0,not_recorded,0,no_sync_record,,website_projection_missing;kiosk_projection_not_recorded
1,connected,local-inventory-28a7e976-f6cc-41ab-b869-112ccb2341f2,ce2fee04-68c7-2722-d72b-25673148f477,Raichu,PUG-219E4AFF,available,1,,not_recorded,3V57B46BYCJC36ZLBJIHHKIW,1,1,not_recorded,visibility=visible;status=available;sellable_quantity=1,not_recorded,0,no_sync_record,,website_projection_missing;kiosk_projection_not_recorded
1,connected,local-inventory-83a01b13-0161-4b6f-b3ec-69d2dc0fa732,182f7ec2-a11b-0e72-5b1a-eec187760e76,Play with Fire,PUG-3CE5C626,available,2,,not_recorded,WY6XOD5OSL4J7RWEDZKB62WG,2,2,not_recorded,visibility=visible;status=available;sellable_quantity=2,not_recorded,0,synced,,website_projection_missing;kiosk_projection_not_recorded
1,connected,local-inventory-e44f7fe0-d605-4455-9a03-3be1116a683d,9620b7c3-24a2-d02e-5179-a4e63a1cff0a,Magmatic Hellkite,PUG-6805B905,available,2,,not_recorded,2GFGWJDNJL2TG22JGQR3SIXG,2,2,not_recorded,visibility=visible;status=available;sellable_quantity=2,not_recorded,0,synced,,website_projection_missing;kiosk_projection_not_recorded
1,connected,local-inventory-8d7e4ac0-9885-47b8-b0a5-434ccdec2912,84be1dbb-65b1-c3b4-2eb2-b043f2024eed,Vexing Devil,PUG-0B952CE5,available,1,,not_recorded,CKTVAIUEIXSZIQTS3ZEWLTIC,1,1,not_recorded,visibility=visible;status=available;sellable_quantity=1,not_recorded,0,no_sync_record,,website_projection_missing;kiosk_projection_not_recorded
1,connected,local-inventory-785cf6a3-7743-4ace-bbe8-b459b453b001,16be9232-c385-a69a-35fc-842f2c6c00ba,Plargg and Nassari,PUG-0378A12E,available,1,,not_recorded,B4B6KWKNLHS3EXC6TAXVFAK4,1,1,not_recorded,visibility=visible;status=available;sellable_quantity=1,not_recorded,0,no_sync_record,,website_projection_missing;kiosk_projection_not_recorded
1,connected,local-inventory-efe5c58e-c582-49c3-8b2b-1e5402af641a,0bddbb08-948f-03f4-c9b7-aafd4d1821cc,Magmatic Hellkite,PUG-BCE497AA,available,2,,not_recorded,HEKZE342SBMEZ7TL3CT3QSKS,2,2,not_recorded,visibility=visible;status=available;sellable_quantity=2,not_recorded,0,synced,,website_projection_missing;kiosk_projection_not_recorded
1,connected,local-inventory-936e16b4-bdfe-44c5-8cf9-2a2a06da4c4c,a03452c5-add1-1e82-a487-7452c1716522,Monastery Swiftspear,PUG-54F204CD,available,2,,not_recorded,TMS73GJGN4K63SEUNB44MNNA,2,2,not_recorded,visibility=visible;status=available;sellable_quantity=2,not_recorded,0,synced,,website_projection_missing;kiosk_projection_not_recorded
1,connected,local-inventory-565910f5-f2e9-4915-b531-717dd4c7c8bb,8597d6cb-5a95-8c74-3881-1e0f44e60892,"Gadrak, the Crown-Scourge",PUG-6CD68090,available,1,,not_recorded,VHEJ7IRHV54FP4BSP6F7I5JK,1,1,not_recorded,visibility=visible;status=available;sellable_quantity=1,not_recorded,0,no_sync_record,,website_projection_missing;kiosk_projection_not_recorded
1,connected,local-inventory-b0618503-bcf7-44d4-8492-7267cd31fa5c,6b63ed17-2aa2-5154-c6b9-c047608315d0,Champion of the Path,PUG-B30F86D9,available,1,,not_recorded,HI4IHKPEXICJ5GSUOMFJNVB6,1,1,not_recorded,visibility=visible;status=available;sellable_quantity=1,not_recorded,0,no_sync_record,,website_projection_missing;kiosk_projection_not_recorded
1,connected,local-inventory-c6d9f8b5-eca7-463f-8725-489619debde6,0644b971-5114-da75-4eca-5b50c24a5dfa,Infantry Shield,PUG-9DAC6FDE,available,1,,not_recorded,X3H6ZEKHU4LNFQV446TDRMX5,1,0,not_recorded,visibility=visible;status=available;sellable_quantity=1,not_recorded,0,synced,,website_projection_missing;square_count_mismatch;kiosk_projection_not_recorded
1,connected,local-inventory-9c17353b-8a91-4853-95b7-a7fe2d669713,3726b0c4-31f1-84c3-e259-424f64a8abb7,Tempt with Vengeance,PUG-87AE63CF,available,1,,not_recorded,N4Z2WSS3IMTIRR5PMMI6VBUF,1,1,not_recorded,visibility=visible;status=available;sellable_quantity=1,not_recorded,0,synced,,website_projection_missing;kiosk_projection_not_recorded
1,connected,local-inventory-2f9eb16d-8609-411d-af72-eecb5a08ab81,6a3c5a5a-8c36-d070-d846-919d7444cf66,Leyline of Resonance,PUG-FABD173B,available,1,,not_recorded,T6Z2NQF65ID4E27ERRZNFM4V,1,1,not_recorded,visibility=visible;status=available;sellable_quantity=1,not_recorded,0,synced,,website_projection_missing;kiosk_projection_not_recorded
1,connected,local-inventory-7f47233d-932c-4ce8-90e4-b01c4488d927,b6db6bad-b0eb-1178-cbc9-c6d4acd412f4,Detective's Phoenix,PUG-73123345,available,1,,not_recorded,DFINHITZSHUXXNZM6XPT73QI,1,1,not_recorded,visibility=visible;status=available;sellable_quantity=1,not_recorded,0,no_sync_record,,website_projection_missing;kiosk_projection_not_recorded
1,connected,local-inventory-97656c10-8ba5-4bd8-b78d-686e482a3697,995c62dd-7dd5-0094-da2d-9bf6f59a51bf,Nova Hellkite,PUG-6F9E7533,available,1,,not_recorded,CYFACHGUOCTJTACVJCC5LNKX,1,1,not_recorded,visibility=visible;status=available;sellable_quantity=1,not_recorded,0,no_sync_record,,website_projection_missing;kiosk_projection_not_recorded
1,connected,local-inventory-abd0aa09-03dd-408f-b3b7-79f9a6945faa,82f8d221-987e-052b-f646-a45dfcad2df0,End the Festivities,PUG-33AF9895,available,1,,not_recorded,VX3NBRNSOUQMUWFXIOAFN2LC,1,1,not_recorded,visibility=visible;status=available;sellable_quantity=1,not_recorded,0,no_sync_record,,website_projection_missing;kiosk_projection_not_recorded
1,connected,local-inventory-8d99fe24-e861-414d-a077-d458d2837bea,ffa818a7-c5c8-74ce-dda8-17321830bef6,Nesting Dragon,PUG-D3502CEB,available,1,,not_recorded,GDJ6HGYUTDZZ5KWS2PNZ3M4Y,1,1,not_recorded,visibility=visible;status=available;sellable_quantity=1,not_recorded,0,no_sync_record,,website_projection_missing;kiosk_projection_not_recorded
1,connected,local-inventory-4781c96a-0eb3-40e6-81a9-06375ca575b4,d62e14d3-b503-4f34-9853-b9c606f0ae9c,Mirage Phalanx,PUG-62ACB37D,available,1,,not_recorded,MRP4LYCL4YCXXUX7MBOWEPIX,1,1,not_recorded,visibility=visible;status=available;sellable_quantity=1,not_recorded,0,no_sync_record,,website_projection_missing;kiosk_projection_not_recorded
1,connected,local-inventory-ea6da4c8-23f6-489c-9650-83ef03ef985f,f5cbe0cd-dc88-f226-a38e-35e113b8309a,Brotherhood's End,PUG-AF74CA5C,available,1,,not_recorded,5HZYIYD5ODQGQUU5DVRUVCN4,1,1,not_recorded,visibility=visible;status=available;sellable_quantity=1,not_recorded,0,no_sync_record,,website_projection_missing;kiosk_projection_not_recorded
1,connected,local-inventory-0f895f5b-c56e-49f3-a947-e7bcae7b5569,77f05368-4498-a66c-d93f-1d6340273202,Team Rocket's Mewtwo ex,PUG-C90170C1,available,1,,not_recorded,OSJXTTFZI6DKGV2WJ77RHNRB,1,1,not_recorded,visibility=visible;status=available;sellable_quantity=1,not_recorded,0,synced,,website_projection_missing;kiosk_projection_not_recorded
1,connected,local-inventory-0c7900fd-5567-43cf-9a9c-19e801d3900b,bbfef5ef-bc3c-f638-3ddd-fa374263eeaf,Ogre Battledriver,PUG-43494A16,available,1,,not_recorded,5RNJWL4MB3GHO37O7RKLW54D,1,1,not_recorded,visibility=visible;status=available;sellable_quantity=1,not_recorded,0,no_sync_record,,website_projection_missing;kiosk_projection_not_recorded
1,connected,local-inventory-b69d8f7a-b3ff-48d3-b933-2165b5cc7e1a,613495dd-7a41-9115-271f-54d080ab2838,Fireblast,PUG-2856207B,available,1,,not_recorded,KJGYJ3GHTW4OSK7FRNOQ6L2M,1,1,not_recorded,visibility=visible;status=available;sellable_quantity=1,not_recorded,0,synced,,website_projection_missing;kiosk_projection_not_recorded
1,connected,local-inventory-d4b8a3cd-e2fb-46e3-87db-8aa7eae9a290,27b974df-0096-fbd4-f6f6-df29acab5542,Breakneck Rider // Neck Breaker,PUG-A6778402,available,1,,not_recorded,T5YDXWV3WDVE2QLNT32OVKUS,1,1,not_recorded,visibility=visible;status=available;sellable_quantity=1,not_recorded,0,synced,,website_projection_missing;kiosk_projection_not_recorded
1,connected,local-inventory-541ac0ce-d259-4013-a60f-1a4b27bfbaeb,cbbf4629-697e-ad2e-41e3-93c94d0934b1,Furyborn Hellkite,PUG-8A7F6964,available,1,,not_recorded,XQ5DWZJXMOXKATDSY3PBMUQP,1,1,not_recorded,visibility=visible;status=available;sellable_quantity=1,not_recorded,0,synced,,website_projection_missing;kiosk_projection_not_recorded
1,connected,local-inventory-852e4ed8-3194-4aa0-a3b3-27c9f3a0689f,73a63923-8848-e993-3e34-1ae962c0a91f,Instigator Gang // Wildblood Pack,PUG-0F434667,available,1,,not_recorded,BYAOGPVYV3LQL2LKYR2WX46C,1,1,not_recorded,visibility=visible;status=available;sellable_quantity=1,not_recorded,0,synced,,website_projection_missing;kiosk_projection_not_recorded
1,connected,local-inventory-e552bf2b-321a-452c-9268-58d45c9a3d01,1af4fdf0-f669-5930-7a96-9538afedc57a,Skullcrack,PUG-F82A9204,available,1,,not_recorded,GB6LHKNTXYP6PSBSKKC6BEGK,1,1,not_recorded,visibility=visible;status=available;sellable_quantity=1,not_recorded,0,no_sync_record,,website_projection_missing;kiosk_projection_not_recorded
1,connected,local-inventory-8ef370e4-c92a-4a30-a2f9-cdf897413996,869a959c-1698-f6d4-67ef-012035c456f6,The Rollercrusher Ride,PUG-0ED1CD6B,available,1,,not_recorded,KTTNONBPCD56PPEOVXJCATRC,1,1,not_recorded,visibility=visible;status=available;sellable_quantity=1,not_recorded,0,no_sync_record,,website_projection_missing;kiosk_projection_not_recorded
1,connected,local-inventory-3efebd06-867a-4047-9570-565c3336c11f,1bfd6554-286e-e2d3-ffcc-7f150773c326,Magmatic Hellkite,PUG-C8DAAA5C,available,1,,not_recorded,HEJLG35E4YA7JVUYWUJTAZPK,1,1,not_recorded,visibility=visible;status=available;sellable_quantity=1,not_recorded,0,no_sync_record,,website_projection_missing;kiosk_projection_not_recorded
1,connected,local-inventory-af65ad16-c014-4e2d-b70b-93c8eadc60d5,6252a2b4-c2e6-dfab-8925-fc5b795c114f,Zapdos (Miscut),PUG-8FC39690,available,1,,not_recorded,XOAHXLCZKGA2PL5VM3ACZ7QV,1,0,not_recorded,visibility=visible;status=available;sellable_quantity=1,not_recorded,0,synced,,website_projection_missing;square_count_mismatch;kiosk_projection_not_recorded
1,connected,local-inventory-486325fa-a66a-431a-8130-6577c34bfb53,6d8b4138-c262-e870-9a9b-483c4b69c917,アーマーガアV,PUG-B66815EC,removed,1,,not_recorded,DALZYYJ26J642GCWPCPDXIV6,0,0,not_recorded,visibility=hidden;status=removed;sellable_quantity=0,not_recorded,0,synced,,website_projection_missing;kiosk_projection_not_recorded
1,connected,local-inventory-56017ac3-3b27-4fc0-9650-e0e528de4a7b,8106d4fe-faad-bff0-ce68-98ed4f363d01,JP Corviknight V,PUG-EE4CF102,available,1,,not_recorded,ACHYJSYADSWKVYFRCMERUMEP,1,0,not_recorded,visibility=visible;status=available;sellable_quantity=1,not_recorded,0,synced,,website_projection_missing;square_count_mismatch;kiosk_projection_not_recorded
1,connected,local-inventory-df7a8e84-141d-4388-a1be-24e25b2f2832,bb4869af-6280-a16b-9c51-6fd86966b2c0,JP Pidgeot V,PUG-A51990A8,available,1,,not_recorded,PRKPHL6WGOCBQXQHEKKBMQDE,1,1,not_recorded,visibility=visible;status=available;sellable_quantity=1,not_recorded,0,synced,,website_projection_missing;kiosk_projection_not_recorded
1,connected,local-inventory-e8a30cdd-c5e0-4101-9d61-01839748c0ed,ae9df438-a5e4-fd08-2c23-e437978c02da,JP Drapion V,PUG-0E9DF7B9,removed,2,,not_recorded,REX7PFMIM2RXYTCCM67LNVFR,0,0,not_recorded,visibility=hidden;status=removed;sellable_quantity=0,not_recorded,0,synced,,website_projection_missing;kiosk_projection_not_recorded
1,connected,local-inventory-a2e28742-38f7-437f-a596-f9a379f7f196,9b46e87f-2e75-40e7-ecf5-089251c27de4,JP Drapion V,PUG-DAE1E9D2,removed,1,,not_recorded,KN3KJR5GXT3RSJOB5X7XRZY4,0,0,not_recorded,visibility=hidden;status=removed;sellable_quantity=0,not_recorded,0,synced,,website_projection_missing;kiosk_projection_not_recorded
1,connected,local-inventory-5b4c7184-df7c-43b6-b52a-563b22ca79e0,65e563c9-703d-9407-28b1-af0212ed7a7d,JP Drapion V,PUG-067B20BD,available,5,,not_recorded,7ZMI57XFHYUKO4XXBW56X66Z,5,5,not_recorded,visibility=visible;status=available;sellable_quantity=5,not_recorded,0,synced,,website_projection_missing;kiosk_projection_not_recorded
1,connected,local-inventory-bea0d4be-2399-4248-b093-95e8f1925b80,f18a0d32-002b-1764-c488-871af9d14ead,Pikachu,PUG-6C663133,available,1,,not_recorded,UFVUQSZJ6KOSPXG6OVVZRFLY,1,1,not_recorded,visibility=visible;status=available;sellable_quantity=1,not_recorded,0,synced,,website_projection_missing;kiosk_projection_not_recorded
1,connected,local-inventory-ae99b202-db4f-4d32-b8e6-c0e924ce31b7,314609c4-2505-4b1e-a624-b1ab5070a43a,Eevee,PUG-07D72CB7-01,removed,0,,not_recorded,EMVOL7M7S7RIQA3DLVKZIUXT,0,0,not_recorded,visibility=hidden;status=removed;sellable_quantity=0,not_recorded,0,synced,,website_projection_missing;kiosk_projection_not_recorded
1,connected,local-inventory-adcc4dfe-de9a-49f0-8302-d09c04c596d0,2f766ff6-c80d-bfbd-198e-93fcb6470af2,Eevee,PUG-07D72CB7-02,removed,0,,not_recorded,PKSTK6GHUEELRCP5AVPJR5SD,0,0,not_recorded,visibility=hidden;status=removed;sellable_quantity=0,not_recorded,0,synced,,website_projection_missing;kiosk_projection_not_recorded
1,connected,local-inventory-2a74af4e-fe40-4b9d-90be-7884bd342b00,4cf30442-d617-a549-3218-d808990f7335,Pikachu,PUG-AA3789E8,available,1,,not_recorded,2RX3DVOTN3TII2C3ILN5RQPK,1,0,not_recorded,visibility=visible;status=available;sellable_quantity=1,not_recorded,0,no_sync_record,,website_projection_missing;square_count_mismatch;kiosk_projection_not_recorded
1,connected,local-inventory-cbecd65e-8fc4-4628-b1d1-275bf3845b73,2519ea0b-a735-a88e-37fa-2e2d1f826e4f,Leafeon,PUG-8EFB3318,available,1,,not_recorded,M74FRAGMH6RZXCFOOQM3N3TE,1,0,not_recorded,visibility=visible;status=available;sellable_quantity=1,not_recorded,0,no_sync_record,,website_projection_missing;square_count_mismatch;kiosk_projection_not_recorded
1,connected,local-inventory-01c87de3-fa64-49b1-9dee-bc76f2066a6f,84219ead-aa49-e1b4-4a81-befaa2637fa2,Charmander,PUG-28477EBB-01,removed,0,,not_recorded,A5Y4DHVYZHGGJWBLWVKONFN3,0,0,not_recorded,visibility=hidden;status=removed;sellable_quantity=0,not_recorded,0,synced,,website_projection_missing;kiosk_projection_not_recorded
1,connected,local-inventory-4e775467-4202-45d8-98af-bb3e6456f289,e82ec7cd-a8f8-d125-bdb0-83c0d1c8527a,Charmander,PUG-28477EBB-02,removed,0,,not_recorded,UGSMXYSPLX53ABZT46JXJHOM,0,0,not_recorded,visibility=hidden;status=removed;sellable_quantity=0,not_recorded,0,synced,,website_projection_missing;kiosk_projection_not_recorded
1,connected,local-inventory-d5d22b3b-4882-414b-bebf-ebf663e6356b,2bd114b8-7ffe-b6e4-2b16-e58454465341,Charmander,PUG-28477EBB-03,removed,0,,not_recorded,BLVYUKQMSTHC46ZVNWHVQAV7,0,0,not_recorded,visibility=hidden;status=removed;sellable_quantity=0,not_recorded,0,synced,,website_projection_missing;kiosk_projection_not_recorded
1,connected,local-inventory-017ae432-b8cd-4f2d-aea9-f9f7ac3c9b0f,f673d185-65be-757f-cc80-70bf01302a5b,Charmander,PUG-28477EBB-04,available,0,,not_recorded,3AIX5G6HE57EFEEM5RUP3RAT,0,0,not_recorded,visibility=visible;status=available;sellable_quantity=0,not_recorded,0,synced,,website_projection_missing;kiosk_projection_not_recorded
1,connected,local-inventory-99733422-56db-451d-a7b4-9567c119701b,6a3beea3-c7de-f235-ab5e-54dd3f6e3fff,Charmander,PUG-BE518B8D,available,5,,not_recorded,M2G4FNXBZW3YX2AUPJA25HAJ,5,5,not_recorded,visibility=visible;status=available;sellable_quantity=5,not_recorded,0,synced,,website_projection_missing;kiosk_projection_not_recorded
1,connected,local-inventory-afaaf4a3-4a7f-4960-ad2b-b2b57fb74e42,6d3e11e9-f14e-a68b-6009-2d5710ae4362,Charmander,PUG-2474FB43,sold,0,,not_recorded,NAXTQDYTXP7LO5AHYPNMESKH,0,0,not_recorded,visibility=hidden;status=sold;sellable_quantity=0,not_recorded,0,synced,,website_projection_missing;kiosk_projection_not_recorded
1,connected,local-inventory-25dea057-19e6-4a53-8634-935d01e87ad3,524140ce-2e8a-34ad-521a-efd9ba81058b,Charmander,PUG-88B792DA,available,1,,not_recorded,KTPZEZXX4MJHZLYU444MYX7P,1,1,not_recorded,visibility=visible;status=available;sellable_quantity=1,not_recorded,0,synced,,website_projection_missing;kiosk_projection_not_recorded
1,connected,local-inventory-5114d346-bfff-428f-94c8-128db5c30271,21efc115-aab7-0c7c-9943-fb235f8577d8,Pikachu,PUG-AE8274ED,available,1,,not_recorded,ZTOKGENJ2BBHZOGINNQOV2CQ,1,1,not_recorded,visibility=visible;status=available;sellable_quantity=1,not_recorded,0,synced,,website_projection_missing;kiosk_projection_not_recorded
1,connected,local-inventory-7ad283f6-384b-4d77-b246-2c33909d2f59,af484f0d-e28a-a21c-4bb0-c08b9e2fd70f,Pikachu,PUG-1DDB7F93,available,1,,not_recorded,DVPY35DGKJOXMNZP34JA6Y6H,1,1,not_recorded,visibility=visible;status=available;sellable_quantity=1,not_recorded,0,synced,,website_projection_missing;kiosk_projection_not_recorded
1,connected,local-inventory-a24bc841-d160-43ec-9de0-d1f9378d2521,13073a97-2632-e9c2-9149-cf16891f2dc8,Pichu,PUG-440F2DE0,available,1,,not_recorded,TVYGIUXMQKWTYGEE34P2RUKI,1,0,not_recorded,visibility=visible;status=available;sellable_quantity=1,not_recorded,0,synced,,website_projection_missing;square_count_mismatch;kiosk_projection_not_recorded
1,connected,local-inventory-c73d1e31-8e81-4638-89ef-5184b2cad20e,db226a9f-bb2c-89fa-5df9-ddb33c70bc8d,Pikachu,PUG-8BB55F37,available,1,,not_recorded,OOXJAF2WKJQ7QC5ILWBVRDAH,1,1,not_recorded,visibility=visible;status=available;sellable_quantity=1,not_recorded,0,synced,,website_projection_missing;kiosk_projection_not_recorded
1,connected,local-inventory-19b4d15d-818b-4820-a770-4d745b142a66,d3cefe32-8361-28b1-863e-d1f7ba8eb16e,Wellspring Mask Ogerpon ex,PUG-56948B1F,available,1,,not_recorded,WKDHZYF6TL5QPCBDGXMI3W6D,1,0,not_recorded,visibility=visible;status=available;sellable_quantity=1,not_recorded,0,synced,,website_projection_missing;square_count_mismatch;kiosk_projection_not_recorded
1,connected,local-inventory-d83fd755-db19-42da-aee1-cdddae494620,f38d9b0a-8481-8d01-37ce-e9fea93a7856,N's Zekrom,PUG-9BA95947,removed,0,,not_recorded,KSPSKCI4ZV7IKUXWAQHJ2HB3,0,0,not_recorded,visibility=hidden;status=removed;sellable_quantity=0,not_recorded,0,synced,,website_projection_missing;kiosk_projection_not_recorded
1,connected,local-inventory-53f74b72-0af4-412c-a63b-6a5430fbe6ef,35fa3d6f-2d35-0acc-f44f-9a1c0232844e,Arven's Greedent,PUG-650C2428,sold,0,,not_recorded,CGGSFAJ6S4LUD2CQKKKL2HCC,0,0,not_recorded,visibility=visible;status=sold;sellable_quantity=0,not_recorded,0,no_sync_record,,website_projection_missing;kiosk_projection_not_recorded
1,connected,local-inventory-a3888ed5-738b-4101-8f03-6945e5319bb5,4a3e1f06-923d-1c8f-d2c2-c782d70b7480,Chimchar,PUG-6F8EE948,available,1,,not_recorded,AXUKQSGU6PDS3UJBH7TALO64,1,1,not_recorded,visibility=visible;status=available;sellable_quantity=1,not_recorded,0,synced,,website_projection_missing;kiosk_projection_not_recorded
1,connected,local-inventory-dbff1438-0b94-48a4-b932-a6daf28df6f3,d346cebd-f1aa-e0da-fd0e-ecda8eae469d,Turtwig,PUG-80608FBA,available,1,,not_recorded,7TH2NBW5KPISCP4IVT35HCXY,1,1,not_recorded,visibility=visible;status=available;sellable_quantity=1,not_recorded,0,synced,,website_projection_missing;kiosk_projection_not_recorded
1,connected,local-inventory-9048f7be-bdcf-4b63-ad7f-9b03551debf2,a8e352ea-818b-1e59-0557-f50a1706899a,Rowlet,PUG-A7DE41F0,available,1,,not_recorded,5NBFWJBIM76DD7DEMF345HS2,1,1,not_recorded,visibility=visible;status=available;sellable_quantity=1,not_recorded,0,synced,,website_projection_missing;kiosk_projection_not_recorded
1,connected,local-inventory-d1927cb1-9fa1-4f17-bc36-b31b06ac5586,2a5a9cfb-744d-862f-fb4a-434f6c940aa3,M Blastoise-EX,PUG-A9FB8717,removed,3,,not_recorded,3HINIQVPTINY54RPDCQYPUTM,0,0,not_recorded,visibility=hidden;status=removed;sellable_quantity=0,not_recorded,0,synced,,website_projection_missing;kiosk_projection_not_recorded
1,connected,local-inventory-14778e77-cfd3-4756-a203-9362e63969b1,e428de97-be72-5e35-229f-69ff7d0be518,M Blastoise-EX,PUG-DF9991AA-01,removed,0,,not_recorded,2E2L53YOTQXAY4OQ2PBNYKO4,0,0,not_recorded,visibility=hidden;status=removed;sellable_quantity=0,not_recorded,0,synced,,website_projection_missing;kiosk_projection_not_recorded
1,connected,local-inventory-c798bcb8-6122-43ab-9ff2-f9f80478401a,5814bb0c-4485-2cdc-e358-9d11c593f97b,M Blastoise-EX,PUG-DF9991AA-02,removed,0,,not_recorded,BYC24LREBMQ43DNTIKRN3KPR,0,0,not_recorded,visibility=hidden;status=removed;sellable_quantity=0,not_recorded,0,synced,,website_projection_missing;kiosk_projection_not_recorded
1,connected,local-inventory-b57bd091-5a0a-4712-9f5a-dfaab8fc6818,1b91a28b-db77-ab1b-c97c-63aff1c147d8,M Blastoise-EX,PUG-DF9991AA-03,removed,0,,not_recorded,MQEWQUXZSY423EUCU4MNRSM5,0,0,not_recorded,visibility=hidden;status=removed;sellable_quantity=0,not_recorded,0,synced,,website_projection_missing;kiosk_projection_not_recorded
1,connected,local-inventory-3ff3b576-9c04-4ff9-a68b-547ece735869,2e9d63b7-9813-aa5b-3dca-d5929d34781d,M Blastoise-EX,PUG-DF9991AA-04,removed,0,,not_recorded,PQQ4OY6ZYZQD64CHHSPGDTAN,0,0,not_recorded,visibility=hidden;status=removed;sellable_quantity=0,not_recorded,0,synced,,website_projection_missing;kiosk_projection_not_recorded
1,connected,local-inventory-69247851-d5f9-4a70-8606-2d96884f1292,58db1b80-13ba-6092-3958-5dbdf42f8d6a,M Blastoise-EX,PUG-DF9991AA-05,removed,0,,not_recorded,RMO4Y6WUTDTZXIQTS42L7Q3Z,0,0,not_recorded,visibility=hidden;status=removed;sellable_quantity=0,not_recorded,0,synced,,website_projection_missing;kiosk_projection_not_recorded
1,connected,local-inventory-36e87969-90e0-4f7d-a407-bddd1da3fff2,86b7484e-ae2d-e729-ea60-a7cd5a95682b,M Blastoise-EX,PUG-B5E430BD,available,2,,not_recorded,ZCRYI3VQUVMT5EMFBVH6MVJP,2,1,not_recorded,visibility=visible;status=available;sellable_quantity=2,not_recorded,0,synced,,website_projection_missing;square_count_mismatch;kiosk_projection_not_recorded
1,connected,local-inventory-713999da-2702-4809-98d4-86369ff1baa5,d7c1ed35-270d-676c-67ac-57ff79922592,M Blastoise-EX,PUG-02673E05-01,removed,0,,not_recorded,2R7EAEKKL3G3CCDXJ5BRYBYA,0,0,not_recorded,visibility=hidden;status=removed;sellable_quantity=0,not_recorded,0,synced,,website_projection_missing;kiosk_projection_not_recorded
1,connected,local-inventory-c90e2c6c-1dc9-4612-b0f3-cb6a48d6a922,737a53d1-fde3-69ee-6afc-af89ce61555d,M Blastoise-EX,PUG-02673E05-02,removed,0,,not_recorded,XUSAPPPANX2GVEFDEX3ZOEH7,0,0,not_recorded,visibility=hidden;status=removed;sellable_quantity=0,not_recorded,0,synced,,website_projection_missing;kiosk_projection_not_recorded
1,connected,local-inventory-8e56dd8e-5bac-4e86-95eb-389303c3a7a1,e72618d5-13b0-a649-9975-c3407597c796,M Glalie-EX,PUG-B01EBBE3-01,available,1,,not_recorded,UR5I4CGI2A7KJLHDBYDUJJD7,1,1,not_recorded,visibility=visible;status=available;sellable_quantity=1,not_recorded,0,synced,,website_projection_missing;kiosk_projection_not_recorded
1,connected,local-inventory-1a9edcb7-a938-4b54-b599-48f89f05be6d,e6d6c452-f6ff-0e90-5a4e-8e806e5949a3,M Glalie-EX,PUG-B01EBBE3-02,removed,0,,not_recorded,EMXMYF65NIGXUEDBUYGGJIWC,0,0,not_recorded,visibility=hidden;status=removed;sellable_quantity=0,not_recorded,0,synced,,website_projection_missing;kiosk_projection_not_recorded
1,connected,local-inventory-a31011e9-6ef1-4f49-96f7-58caa3bb62c2,d149c248-ab3d-b27e-9fa4-d0254fd662ee,M Glalie-EX,PUG-B01EBBE3-03,removed,0,,not_recorded,2G3QLC2QHJFTLFUHA4C3WBD7,0,0,not_recorded,visibility=hidden;status=removed;sellable_quantity=0,not_recorded,0,synced,,website_projection_missing;kiosk_projection_not_recorded
1,connected,local-inventory-d9c0ecad-442a-4078-8947-0f154a02dd1b,a44fe39f-3d52-9aba-e57a-eb55f282548c,M Sceptile-EX,PUG-2193F7C2,available,2,status=available;quantity=1;online=visible;kiosk=visible,not_recorded,KHTBFJUMHYKQBLL4RB2COSCQ,2,1,not_recorded,visibility=visible;status=available;sellable_quantity=2,not_recorded,0,synced,,website_quantity_mismatch;square_count_mismatch;kiosk_projection_not_recorded
1,connected,local-inventory-7204cd2f-dc0a-4935-ace6-fad9b01e482f,af4daec3-6ed2-7742-4ec8-72cacae57e0f,Frost Rotom,PUG-A8F1925F,sold,0,,not_recorded,B3MSYURL3XVTNDAXZWULF3H7,0,0,not_recorded,visibility=visible;status=sold;sellable_quantity=0,not_recorded,0,no_sync_record,,website_projection_missing;kiosk_projection_not_recorded
1,connected,local-inventory-29d96c74-39f1-4a70-b384-1d4bfd928ffc,fbfe6287-ae5b-5fdc-8978-581a8d606b69,バオッキーVSTAR,PUG-EBDFEA6C-01,removed,1,,not_recorded,LG7ZJYJ4KM4GUVJNTBF5B5NN,0,0,not_recorded,visibility=hidden;status=removed;sellable_quantity=0,not_recorded,0,synced,,website_projection_missing;kiosk_projection_not_recorded
1,connected,local-inventory-4d2224a4-41b4-49b0-883a-b3f75023f0fd,be0c2531-9f2c-de85-941e-a9341382af40,バオッキーVSTAR,PUG-EBDFEA6C-02,removed,1,,not_recorded,YDK2HO2C7BF2NUII456B6RU5,0,0,not_recorded,visibility=hidden;status=removed;sellable_quantity=0,not_recorded,0,synced,,website_projection_missing;kiosk_projection_not_recorded
1,connected,local-inventory-ec2bf70f-c137-4438-88e8-3e30aaeb2a81,f73e989f-1258-d7d8-ce24-a1ac69d6229b,バオッキーVSTAR,PUG-EBDFEA6C-03,removed,1,,not_recorded,BDIYQBUEOYMYHVP7GI3T77HA,0,0,not_recorded,visibility=hidden;status=removed;sellable_quantity=0,not_recorded,0,synced,,website_projection_missing;kiosk_projection_not_recorded
1,connected,local-inventory-3bc523a3-46ec-4e81-b243-042edff6a9a2,c11fb0c7-110b-bae4-955e-423fd30540dd,JP Simisear VSTAR,PUG-23022638-01,available,1,,not_recorded,UUB6TAXZPYCRS34U637UEZKW,1,1,not_recorded,visibility=visible;status=available;sellable_quantity=1,not_recorded,0,synced,,website_projection_missing;kiosk_projection_not_recorded
1,connected,local-inventory-bcc17d07-4a74-45c2-a531-4b47b06f4995,b298c782-8d5d-4278-72d0-fa8aae7c8e24,JP Simisear VSTAR,PUG-23022638-02,available,1,,not_recorded,4LMM7UVYXXE5ETHLQOQLI2TO,1,1,not_recorded,visibility=visible;status=available;sellable_quantity=1,not_recorded,0,synced,,website_projection_missing;kiosk_projection_not_recorded
1,connected,local-inventory-d8794724-d33b-4d63-a2a8-7047d68578f7,acde5e1a-7f88-ebda-8992-741e5e2bcb0b,JP Simisear VSTAR,PUG-23022638-03,available,1,,not_recorded,6T7SV6WXVMGRRD3RMRTHWVFC,1,1,not_recorded,visibility=visible;status=available;sellable_quantity=1,not_recorded,0,synced,,website_projection_missing;kiosk_projection_not_recorded
1,connected,local-inventory-36e95372-80d9-41fa-8fdf-34f9071dd05b,2f0f0465-7491-b9e0-1237-bf9206d6ad25,Jp Unown VSTAR,PUG-C95FF2DD,available,1,,not_recorded,52BPOR3E55TKJOOOIMJYWHGU,1,1,not_recorded,visibility=visible;status=available;sellable_quantity=1,not_recorded,0,synced,,website_projection_missing;kiosk_projection_not_recorded
1,connected,local-inventory-5b8d95bc-0fc0-4040-83b5-0a6998602a4e,c239fa8a-d8ae-6489-6ca6-8feaaf612a92,JP Galarian Moltres V,PUG-196FB576,available,3,,not_recorded,L5COX6MIMJPMXY73ZM7X375F,3,2,not_recorded,visibility=visible;status=available;sellable_quantity=3,not_recorded,0,synced,,website_projection_missing;square_count_mismatch;kiosk_projection_not_recorded
1,connected,local-inventory-8cfedc86-a04a-43b5-b351-5195f6c76e72,a926ca0f-0714-e95b-5f1a-9080d4931f71,JP Galarian Moltres V,PUG-33B738D2,available,1,,not_recorded,4OSCF6WIJ5IER7MVHCJ5RBVO,1,1,not_recorded,visibility=visible;status=available;sellable_quantity=1,not_recorded,0,synced,,website_projection_missing;kiosk_projection_not_recorded
1,connected,local-inventory-41b5f156-ca6a-4cca-964d-e919baac547f,44e681d7-6b08-d013-efa3-4bffa83705f5,JP Mawile V,PUG-DE025975,removed,1,,not_recorded,ENIOOFY4IW3ZQ4GA4LB3ZDN7,0,0,not_recorded,visibility=hidden;status=removed;sellable_quantity=0,not_recorded,0,synced,,website_projection_missing;kiosk_projection_not_recorded
1,connected,local-inventory-c1f312e5-2505-486b-a605-f6e58a5efc2e,443e99f4-294b-8df8-94d4-9defa27ccbfc,JP Mawile V,PUG-002FD238,available,3,,not_recorded,ITRGSOMPTRO7GF6HX4LFCY26,3,3,not_recorded,visibility=visible;status=available;sellable_quantity=3,not_recorded,0,synced,,website_projection_missing;kiosk_projection_not_recorded
1,connected,local-inventory-3200fa89-04fc-4203-a795-dece1a3c3baf,d59d3f72-de40-df54-b9c8-e09dbb743607,JP Heatran V,PUG-FF5E7904,available,3,,not_recorded,LIGXNWPXIBVQVQRXL2ODYIGH,3,2,not_recorded,visibility=visible;status=available;sellable_quantity=3,not_recorded,0,synced,,website_projection_missing;square_count_mismatch;kiosk_projection_not_recorded
1,connected,local-inventory-839507fd-02b2-4443-a9c2-0de02db83022,e8899def-09da-f655-19bf-303e46e4c249,JP Melmetal V,PUG-B74E3290,available,1,,not_recorded,OHCTJN4XBE6BNJEBALRFWI7A,1,1,not_recorded,visibility=visible;status=available;sellable_quantity=1,not_recorded,0,synced,,website_projection_missing;kiosk_projection_not_recorded
1,connected,local-inventory-9e2ad143-dd66-4d08-82fb-ab512b4bfc70,18fc9fe9-6847-6f6d-5c97-fb13f9e052cc,JP Crobat V,PUG-9DB1378C,removed,1,,not_recorded,3EOFPUY7PVMEJJSKTP6PKSHW,0,,not_recorded,visibility=hidden;status=removed;sellable_quantity=0,not_recorded,0,synced,,website_projection_missing;square_count_missing;kiosk_projection_not_recorded
1,connected,local-inventory-23b5f44e-9643-4724-a908-aa3a5cee7aa2,c094ad94-7ecd-d696-9a10-ffbb878ff550,JP Blastoise ex,PUG-4057E251,available,1,,not_recorded,W4RQE44LHPTUMYKX5RNMQSQV,1,1,not_recorded,visibility=visible;status=available;sellable_quantity=1,not_recorded,0,no_sync_record,,website_projection_missing;kiosk_projection_not_recorded
1,connected,local-inventory-fc40fbc4-7734-4740-a76b-4feef102d028,3610ec0a-f117-ddd5-d210-b70de8c1c934,JP Crobat V,PUG-9B08B02F,removed,1,,not_recorded,GGKQPMFRLMI5NSQIIDSOFMC6,0,,not_recorded,visibility=hidden;status=removed;sellable_quantity=0,not_recorded,0,synced,,website_projection_missing;square_count_missing;kiosk_projection_not_recorded
1,connected,local-inventory-e1b183ec-494c-4d9c-a946-0aae63da619a,a26f401e-97da-afbf-8ca7-d8b206e6018a,JP Crobat V,PUG-9059CAFF,removed,1,,not_recorded,2JS25P35P3EPZEEPIPIYCKHU,0,,not_recorded,visibility=hidden;status=removed;sellable_quantity=0,not_recorded,0,synced,,website_projection_missing;square_count_missing;kiosk_projection_not_recorded
1,connected,local-inventory-9c062ef8-66f3-4292-b734-4abc9cd6969f,642a23c7-9c4b-dc43-4ce9-d9e581c2b996,JP Crobat V,PUG-DFCB4C7C,removed,1,,not_recorded,CBPY6G24UMOJEHYWGSPNSB5O,0,,not_recorded,visibility=hidden;status=removed;sellable_quantity=0,not_recorded,0,synced,,website_projection_missing;square_count_missing;kiosk_projection_not_recorded
1,connected,local-inventory-89877ad4-b4d3-4102-8492-3c014bed4587,0d027de8-c3e0-4016-06bb-c97e2a4220c7,JP Crobat V,PUG-E1F6E910,removed,1,,not_recorded,A4J6UOL3FL3WSEXTL5TWLG5J,0,,not_recorded,visibility=hidden;status=removed;sellable_quantity=0,not_recorded,0,synced,,website_projection_missing;square_count_missing;kiosk_projection_not_recorded
1,connected,local-inventory-9744b005-4418-4d83-a7f2-f1800cb3ec38,e918d2ce-41fb-e919-8c00-409925821795,JP Crobat V,PUG-F108CEAD,removed,1,,not_recorded,PLBPWTLAYXYQMJBABPVASCYQ,0,,not_recorded,visibility=hidden;status=removed;sellable_quantity=0,not_recorded,0,synced,,website_projection_missing;square_count_missing;kiosk_projection_not_recorded
1,connected,local-inventory-a19b550a-786b-4c56-b891-da2bfd711f1f,f57c2e8b-58a6-a8b8-64ac-69e6b5e11ecb,JP Crobat V,PUG-7A6AB561,removed,1,,not_recorded,HOPZVDSZ27L7EOFHBRAX26A3,0,,not_recorded,visibility=hidden;status=removed;sellable_quantity=0,not_recorded,0,synced,,website_projection_missing;square_count_missing;kiosk_projection_not_recorded
1,connected,local-inventory-64394ab8-12fb-4e4a-97c8-8718ed0b5b4f,37614e82-b6db-b991-0cc4-8ecb2244f950,Roaring Moon ex,PUG-9CE4CF73,available,1,,not_recorded,S2HY2BUY7J4FELZNJTC43WBU,1,0,not_recorded,visibility=visible;status=available;sellable_quantity=1,not_recorded,0,no_sync_record,,website_projection_missing;square_count_mismatch;kiosk_projection_not_recorded
1,connected,local-inventory-28be6fbb-ecc9-447c-8089-2e00418ce05d,d8de5d37-b656-7e2f-b0eb-ef10d647652a,Dubwool V,PUG-859D2614,available,1,,not_recorded,XAKI56RBW6MDS3O5L5OUURTI,1,1,not_recorded,visibility=visible;status=available;sellable_quantity=1,not_recorded,0,synced,,website_projection_missing;kiosk_projection_not_recorded
1,connected,local-inventory-9927d731-1f0b-4483-bfc1-cbae526c789e,70463f3f-472f-b674-2562-3de2d69699f9,JP Crobat V,PUG-26926A6E,sold,0,,not_recorded,HH3IARQGED4TBSPH6YWLXTUA,0,0,not_recorded,visibility=visible;status=sold;sellable_quantity=0,not_recorded,0,pending:external_sync_state,,website_projection_missing;kiosk_projection_not_recorded
1,connected,local-inventory-2abd19dc-4f84-45ef-bd2c-4d214cc7deaa,91a97ebb-d9a2-f999-6a73-8efda25ff48e,JP Crobat V,PUG-ADBCD0E2,available,1,,not_recorded,XIBY6QDBDIMIVMDMET5K6NU3,1,1,not_recorded,visibility=visible;status=available;sellable_quantity=1,not_recorded,0,synced,,website_projection_missing;kiosk_projection_not_recorded
1,connected,local-inventory-69336574-3743-4c55-81f8-0a1f6eaf0ab1,276dd97f-e695-d3e5-717d-819a42ef8f1e,JP Arceus V,PUG-771CAA46,available,1,,not_recorded,5DZ2Y2DDKEHQE4EGLQ5DFWO2,1,0,not_recorded,visibility=visible;status=available;sellable_quantity=1,not_recorded,0,synced,,website_projection_missing;square_count_mismatch;kiosk_projection_not_recorded
1,connected,local-inventory-d3bec1dd-69f2-4368-b7d9-826ad9b12f10,244b5e84-6e5e-abd6-130e-38f00e770728,JP Arceus V,PUG-88EA70FB,available,1,,not_recorded,BNWINO3XIQHMYOHBZBWSBVKC,1,0,not_recorded,visibility=visible;status=available;sellable_quantity=1,not_recorded,0,synced,,website_projection_missing;square_count_mismatch;kiosk_projection_not_recorded
1,connected,local-inventory-efbff3fc-b47a-4312-972d-efc3226dc400,fc480f56-ce19-34d0-37f1-18f8b066b89a,JP Serperior VSTAR,PUG-8C8EC6CB,available,3,,not_recorded,DLKKRVEZG5YCMWYRMAVSWML7,3,3,not_recorded,visibility=visible;status=available;sellable_quantity=3,not_recorded,0,synced,,website_projection_missing;kiosk_projection_not_recorded
1,connected,local-inventory-2e8b6360-03ba-40a1-8e18-6b078016e7bc,a9f5f065-6bc6-6cca-6302-835e47b6421a,JP Shaymin VSTAR,PUG-93EDF346,available,1,,not_recorded,GGR2J2NMSPD3YZC3BNNQF7HH,1,0,not_recorded,visibility=visible;status=available;sellable_quantity=1,not_recorded,0,synced,,website_projection_missing;square_count_mismatch;kiosk_projection_not_recorded
1,connected,local-inventory-4c161d41-346f-42ab-b7cf-bc3102ab256b,740c2548-884f-e782-67b1-1070e798efaf,JP Regigigas VSTAR,PUG-8EF65FCA,available,1,,not_recorded,IZWAOXCH3C3KCPTWEJ4XEKTN,1,1,not_recorded,visibility=visible;status=available;sellable_quantity=1,not_recorded,0,synced,,website_projection_missing;kiosk_projection_not_recorded
1,connected,local-inventory-f0ab88a8-4118-4678-9c40-2c47a930502f,8e669396-d18a-f25f-3642-16fa89fb4f32,Sabrina's Gaze,PUG-5E0DFC48,available,1,,not_recorded,VHRBEIC7QGBRITAXXLDXF5SG,1,1,not_recorded,visibility=visible;status=available;sellable_quantity=1,not_recorded,0,no_sync_record,,website_projection_missing;kiosk_projection_not_recorded
1,connected,local-inventory-8f4d2d61-1a1a-416a-bfe1-9a3c35c47e6d,c90cd402-e064-c464-2dd6-addf97dca75b,ルージュラex,PUG-E64BD628,available,1,,not_recorded,DZZKXPZVNZAUQBHXC6J7VFTO,1,1,not_recorded,visibility=visible;status=available;sellable_quantity=1,not_recorded,0,no_sync_record,,website_projection_missing;kiosk_projection_not_recorded
1,connected,local-inventory-dcdd3a0a-6ca9-4301-b626-cdb5cbe35cb9,21271e31-31fc-b256-3924-70d0835c4c35,Miraidon ex,PUG-238E35D0,available,1,,not_recorded,JLBJ2TRH63WUGFJO4WF346JC,1,1,not_recorded,visibility=visible;status=available;sellable_quantity=1,not_recorded,0,no_sync_record,,website_projection_missing;kiosk_projection_not_recorded
1,connected,local-inventory-45089fb8-303a-4745-868f-a2bed291dcae,78af5800-b764-d807-875d-faf8ab4f154e,Magneton,PUG-AE2376BB,available,1,,not_recorded,XODMFP6S52FO23CMFIJOL3RS,1,1,not_recorded,visibility=visible;status=available;sellable_quantity=1,not_recorded,0,synced,,website_projection_missing;kiosk_projection_not_recorded
1,connected,local-inventory-9accacc0-d37d-4aba-9f17-a30f0a295be2,41fb39f6-5e0c-a4a7-f30f-87e3b159e2ba,Squirtle,PUG-AAC17A74,available,1,,not_recorded,IIPJNSB7WHVTR6WJP52H22FJ,1,0,not_recorded,visibility=visible;status=available;sellable_quantity=1,not_recorded,0,synced,,website_projection_missing;square_count_mismatch;kiosk_projection_not_recorded
1,connected,local-inventory-589bd7c4-70d1-4a3d-b2c1-77974654bfe8,0c504b7e-d360-1cb8-cf89-decc73855474,Excadrill,PUG-66186AF0,available,1,,not_recorded,7KOSANBVBS2ZXVMHIJFXGFQZ,1,0,not_recorded,visibility=visible;status=available;sellable_quantity=1,not_recorded,0,synced,,website_projection_missing;square_count_mismatch;kiosk_projection_not_recorded
1,connected,local-inventory-e63ace55-9961-4397-8b1f-1b726f54cf16,c8ea33e8-5b6e-6965-c594-d69ec4fdb798,Torkoal,PUG-784C0F79,available,2,status=available;quantity=1;online=visible;kiosk=visible,not_recorded,F4RW5PL37JTOZWRUTFEXWEYY,2,2,not_recorded,visibility=visible;status=available;sellable_quantity=2,not_recorded,0,synced,,website_quantity_mismatch;kiosk_projection_not_recorded
1,connected,local-inventory-7da18d08-26b1-43a2-891b-856ab661487a,a733abb9-199a-fdd7-12ea-5738714650bf,Clobbopus,PUG-6FE9A807,available,2,,not_recorded,PIT3YOVNUCUBLLFTIOCH4NIW,2,1,not_recorded,visibility=visible;status=available;sellable_quantity=2,not_recorded,0,synced,,website_projection_missing;square_count_mismatch;kiosk_projection_not_recorded
1,connected,local-inventory-6a22078c-f2a2-4964-8637-72f0c79ad296,0cb2f3c4-5d66-8c45-da98-108892fddb75,Phione,PUG-87442208,available,2,,not_recorded,ONASVIWHWHDO66VXURXVPXPJ,2,2,not_recorded,visibility=visible;status=available;sellable_quantity=2,not_recorded,0,synced,,website_projection_missing;kiosk_projection_not_recorded
1,connected,local-inventory-a3e02a8f-72e0-4fb9-ac41-f2ff2e0d0012,8b334590-12e5-41a5-e220-ff67a497afd9,Turtonator,PUG-C93E6CAB,available,2,,not_recorded,OGXVYE336NVAGU3SRPXRSPW3,2,2,not_recorded,visibility=visible;status=available;sellable_quantity=2,not_recorded,0,synced,,website_projection_missing;kiosk_projection_not_recorded
1,connected,local-inventory-5e2ec6c5-67a3-4ae5-b13d-7ae9cc1787ad,8edcefa3-8d2d-03c1-c737-71a7f6180214,Sandygast,PUG-9BFFCE0B,available,2,,not_recorded,ZVX5VIOFZRZWYATQ22AB4OIR,2,1,not_recorded,visibility=visible;status=available;sellable_quantity=2,not_recorded,0,synced,,website_projection_missing;square_count_mismatch;kiosk_projection_not_recorded
1,connected,local-inventory-2f6d6909-851d-42fc-8fdf-bd00c391d547,4be4d5c0-b66c-7d1a-8e49-efdac1a7e2cb,Appletun,PUG-99411EC8,available,2,,not_recorded,ADJYICBAMNJR6LP2ZLOHHFON,2,2,not_recorded,visibility=visible;status=available;sellable_quantity=2,not_recorded,0,synced,,website_projection_missing;kiosk_projection_not_recorded
1,connected,local-inventory-fe9c0f79-4e84-4a53-a4e7-0855a6e85e35,25b17a36-ec45-6fe9-fc83-4bdf96410a45,N's Reshiram,PUG-4E7AF7DF,available,2,status=available;quantity=1;online=visible;kiosk=visible,not_recorded,SUPVUDASIYN2I6XHCODBNQ53,2,2,not_recorded,visibility=visible;status=available;sellable_quantity=2,not_recorded,0,synced,,website_quantity_mismatch;kiosk_projection_not_recorded
1,connected,local-inventory-e23fa801-fe4e-472b-8d1d-405d5fb293a5,73a4a040-0728-84e1-aa6d-14eede0e0bfa,N's Zekrom,PUG-28FBDB22,available,6,status=available;quantity=1;online=visible;kiosk=visible,not_recorded,YAXC6PKBLHQS3VR5DMDTSPZF,6,6,not_recorded,visibility=visible;status=available;sellable_quantity=6,not_recorded,0,synced,,website_quantity_mismatch;kiosk_projection_not_recorded
1,connected,local-inventory-e31799f0-337f-470d-97bb-ce84c3b1a1e4,bc600158-d4e5-6a97-a328-6ddcb4a4102d,Dreepy,PUG-61FA28F6,available,3,,not_recorded,2VDCMJAYFMARUJ33BBLALQFH,3,3,not_recorded,visibility=visible;status=available;sellable_quantity=3,not_recorded,0,synced,,website_projection_missing;kiosk_projection_not_recorded
1,connected,local-inventory-2ddad2d8-a0a4-4625-97fd-fdce146f656c,64ab0578-4e25-fea0-5b9b-531fe690a184,Hitmontop,PUG-86741625,available,1,,not_recorded,J6Q45G4KRQLWSM2BM4FQ6AE2,1,1,not_recorded,visibility=visible;status=available;sellable_quantity=1,not_recorded,0,synced,,website_projection_missing;kiosk_projection_not_recorded
1,connected,local-inventory-88d577dd-3e2f-4e8e-8273-d28efe996e2a,2e33b864-6ab4-6af7-f52d-b8258f987d9f,Houndour,PUG-AFA611D4,available,1,,not_recorded,RWLX7AH2H23MQXFARYSPE2TB,1,1,not_recorded,visibility=visible;status=available;sellable_quantity=1,not_recorded,0,synced,,website_projection_missing;kiosk_projection_not_recorded
1,connected,local-inventory-5388051f-f559-43bd-b3c8-60b37e8a1555,3105b18f-b222-c856-cebf-c52deb93c4da,Joltik,PUG-7083AD5F,available,1,,not_recorded,JXSXSJRMBK6EGC3K4RHMIW5V,1,1,not_recorded,visibility=visible;status=available;sellable_quantity=1,not_recorded,0,synced,,website_projection_missing;kiosk_projection_not_recorded
1,connected,local-inventory-f500c2b5-a48e-42f1-b7ab-93ecc744ad2f,0daa54e1-abfb-87dc-d600-88e1641e6c77,Dondozo,PUG-435898DC,available,1,status=available;quantity=1;online=visible;kiosk=visible,not_recorded,H4OVIWSL6NIHYCRPREFOJGQ6,1,1,not_recorded,visibility=visible;status=available;sellable_quantity=1,not_recorded,0,synced,,kiosk_projection_not_recorded
1,connected,local-inventory-8655bca0-d0de-4cca-8397-50c805fbf5c5,494e7d14-adfa-8318-dfb1-18de9e2691db,Bellibolt,PUG-631AEFF7,available,1,,not_recorded,LNM6MXV4DFMEFAGDW2SA2INM,1,0,not_recorded,visibility=visible;status=available;sellable_quantity=1,not_recorded,0,synced,,website_projection_missing;square_count_mismatch;kiosk_projection_not_recorded
1,connected,local-inventory-0596e91c-38a7-49cb-baea-16005c331cfa,f5645a8c-740f-63e0-b596-5903b714d0ff,Kingambit,PUG-7EC7F109,available,1,,not_recorded,GDJEORUD5PF3Y5GCQHV4Y5UX,1,1,not_recorded,visibility=visible;status=available;sellable_quantity=1,not_recorded,0,synced,,website_projection_missing;kiosk_projection_not_recorded
1,connected,local-inventory-25224178-84b8-434f-abd6-af7e61d4bc70,4cedf1ac-6e59-604a-07af-10b0447dd874,Rufflet,PUG-80131E04,available,1,,not_recorded,MCRWNQGFBNREZAZNWZFVHOKE,1,1,not_recorded,visibility=visible;status=available;sellable_quantity=1,not_recorded,0,synced,,website_projection_missing;kiosk_projection_not_recorded
1,connected,local-inventory-d5e6eda3-e225-4bf9-9a9f-c98567501d59,fd049990-1cf0-2aac-b9fe-494443d9537a,Skarmory,PUG-5F8E6563,available,1,status=available;quantity=1;online=visible;kiosk=visible,not_recorded,OMLU3OR6SA42J5LIVHRVJJP4,1,1,not_recorded,visibility=visible;status=available;sellable_quantity=1,not_recorded,0,synced,,kiosk_projection_not_recorded
1,connected,local-inventory-2c4c7be9-8369-4537-9922-a4881a36ab68,1e03c8de-f887-40e7-aef2-bc9cec673aac,Blaziken,PUG-9E6670E8,available,1,,not_recorded,JZ7YDBAMZ2Q6TWSPK7LHT7RX,1,1,not_recorded,visibility=visible;status=available;sellable_quantity=1,not_recorded,0,synced,,website_projection_missing;kiosk_projection_not_recorded
1,connected,local-inventory-dea61db6-4568-41aa-a8f7-2702a15d7b4f,16c295c4-1504-f1f9-3dad-32f483c7ed26,Team Rocket's Raticate,PUG-88BFE4AB,available,2,,not_recorded,NN5BET3NULF2O3CCOOXC5ISF,2,1,not_recorded,visibility=visible;status=available;sellable_quantity=2,not_recorded,0,synced,,website_projection_missing;square_count_mismatch;kiosk_projection_not_recorded
1,connected,local-inventory-81910ec3-9726-4126-a219-ac98a725793c,ebd0c29d-d877-3f43-25fc-dee51b41e5d8,Medicham,PUG-671C51D5,available,2,,not_recorded,XYE4FE54PVCYYD7HGL3MKTA7,2,2,not_recorded,visibility=visible;status=available;sellable_quantity=2,not_recorded,0,synced,,website_projection_missing;kiosk_projection_not_recorded
1,connected,local-inventory-127da390-728e-4326-af28-f64c20d3dbd0,25cde196-8b86-162a-44b3-22020c3b9c24,Magneton,PUG-2CE99EB1,available,1,,not_recorded,IUY6IYN6H454LHXIZPN256KL,1,1,not_recorded,visibility=visible;status=available;sellable_quantity=1,not_recorded,0,no_sync_record,,website_projection_missing;kiosk_projection_not_recorded
1,connected,local-inventory-24ddec8b-b8ca-4c5c-bc1c-64d6af0350d0,ab0d2953-453e-8781-f821-ca21be45bf14,JP Origin Forme Palkia VSTAR,PUG-0AAC95D9,conflict,2,,not_recorded,JJEJQ3OFCMQWT5RKJZEOCFVC,0,0,not_recorded,visibility=visible;status=conflict;sellable_quantity=0,not_recorded,0,failed:external_sync_state:conflict,,website_projection_missing;internal_sync_state_failed;kiosk_projection_not_recorded
1,connected,local-inventory-ad7a2d71-9b11-46c9-8459-e7e2e8359912,c9725424-b686-395b-6eba-395fee9f8d0f,"Tamiyo, Inquisitive Student // Tamiyo, Seasoned Scholar",PUG-3D1EB440,available,1,,not_recorded,32U4XKMBZRWLUGS2YIAETU7H,1,1,not_recorded,visibility=visible;status=available;sellable_quantity=1,not_recorded,0,no_sync_record,,website_projection_missing;kiosk_projection_not_recorded
1,connected,local-inventory-f5dc7cb6-817d-4401-970d-aa1075e49c42,19ad2e02-f912-517f-e7b0-51e6c6aba3ca,JP Hisuian Lilligant VSTAR,PUG-E01339BD,available,1,,not_recorded,3MFIM6LDD6IU2U37CVODVASG,1,1,not_recorded,visibility=visible;status=available;sellable_quantity=1,not_recorded,0,synced,,website_projection_missing;kiosk_projection_not_recorded
1,connected,local-inventory-1f976fca-6e5e-4097-a21d-a9d2520302f4,e6dc4134-9cc7-5848-d8f2-0fc34466a9d0,"Phelia, Exuberant Shepherd",PUG-22E78CF9,available,1,,not_recorded,UIOQOOKXCV3BHWNS4O6U36BH,1,1,not_recorded,visibility=visible;status=available;sellable_quantity=1,not_recorded,0,synced,,website_projection_missing;kiosk_projection_not_recorded
1,connected,local-inventory-dceb0004-56bb-4bb1-8048-1044ff99e038,4510bb63-0adf-3cf6-5f55-c74a1fbf5d0b,JP Hisuian Decidueye VSTAR,PUG-49041B37,available,1,,not_recorded,Z35H46J25QRTK2R33WRH2U7X,1,1,not_recorded,visibility=visible;status=available;sellable_quantity=1,not_recorded,0,synced,,website_projection_missing;kiosk_projection_not_recorded
1,connected,local-inventory-cc43d009-2bd7-4a09-a275-b9a789284efc,86f7fa5d-e23b-1430-96dd-5eef0ef0fab4,Razorkin Needlehead,PUG-D8F530DE,available,1,,not_recorded,DMV7WKQD2CX2EHKMSCEE2ARA,1,1,not_recorded,visibility=visible;status=available;sellable_quantity=1,not_recorded,0,synced,,website_projection_missing;kiosk_projection_not_recorded
1,connected,local-inventory-97d75812-db6c-4da3-abc6-e2ada4e3f401,c34c0e57-ecb6-fe0d-b843-9af6863541a6,JP Origin Forme Dialga VSTAR,PUG-6F59DFB9,available,1,,not_recorded,PY2XZQIYFZT3CJ6TTY2XP6OW,1,1,not_recorded,visibility=visible;status=available;sellable_quantity=1,not_recorded,0,synced,,website_projection_missing;kiosk_projection_not_recorded
1,connected,local-inventory-4f1606d5-87b9-47f8-82c0-0215208a0d5f,af37922f-845f-6392-cebb-566ac380b010,JP Whimsicott VSTAR,PUG-1F14E846,available,1,,not_recorded,AZ4RILJVFFZ5JUR3GDT26CW6,1,1,not_recorded,visibility=visible;status=available;sellable_quantity=1,not_recorded,0,synced,,website_projection_missing;kiosk_projection_not_recorded
1,connected,local-inventory-4f4a06db-f3d5-4cc5-a043-db085763db0e,97e374f5-a483-f47b-1045-83fdcd3fbf2e,JP Hisuian Typhlosion VSTAR,PUG-58528176,sold,0,,not_recorded,PSDNQOULXDBUMLEZKDOE4MO4,0,0,not_recorded,visibility=visible;status=sold;sellable_quantity=0,not_recorded,0,no_sync_record,,website_projection_missing;kiosk_projection_not_recorded
1,connected,local-inventory-fc8beefa-6c56-4827-9f73-a120b7bceb93,120ef36c-bb7e-43a0-fca4-df22a4c1430a,JP Hisuian Samurott VSTAR,PUG-D6C94465,available,2,,not_recorded,WFP6KPGHMYQCSUB3GUPC7TJX,2,2,not_recorded,visibility=visible;status=available;sellable_quantity=2,not_recorded,0,synced,,website_projection_missing;kiosk_projection_not_recorded
1,connected,local-inventory-fe42fd70-fd2c-4944-8501-0b94f1512a15,5c66ea43-e35c-9fed-58c4-6d7f2341b5e9,JP Hisuian Samurott VSTAR,PUG-54F91195,available,2,,not_recorded,BVGMZG5BAEYB2QFYHWHIJE2U,2,2,not_recorded,visibility=visible;status=available;sellable_quantity=2,not_recorded,0,synced,,website_projection_missing;kiosk_projection_not_recorded
1,connected,local-inventory-a5800ac5-385f-4930-bf7f-9b8ba5e54563,4038d83d-3d69-1448-3af5-c9d3dcc8f861,JP Whimsicott V,PUG-7C9F1FCD,available,2,,not_recorded,53GD2EIPELXQ6E47QGZDBJWQ,2,2,not_recorded,visibility=visible;status=available;sellable_quantity=2,not_recorded,0,synced,,website_projection_missing;kiosk_projection_not_recorded
1,connected,local-inventory-08e73319-6f59-466c-a4d7-848e515ff61b,3cb73ea4-c9cc-4780-a242-561346ddcf6f,"Urborg, Tomb of Yawgmoth",PUG-BC612198,available,1,,not_recorded,P7PPHCYQGERW6P6A7TR7Z3B3,1,1,not_recorded,visibility=visible;status=available;sellable_quantity=1,not_recorded,0,synced,,website_projection_missing;kiosk_projection_not_recorded
1,connected,local-inventory-b5242819-bb38-40de-8042-25c110de3a42,05c83fd0-a303-3fe2-23a6-7ab6056a7913,Ornithopter of Paradise,PUG-CDAFC5A0,available,1,,not_recorded,NSVNIVPLV5KZM5LEHGQSNLQE,1,1,not_recorded,visibility=visible;status=available;sellable_quantity=1,not_recorded,0,no_sync_record,,website_projection_missing;kiosk_projection_not_recorded
1,connected,local-inventory-fdebdc54-8be3-4351-b347-675a9f39666b,ba8c4eab-fa67-605f-0218-dc92f07e73f3,Mishra's Bauble,PUG-9CDF2DD5,available,1,,not_recorded,W3MEHQ5YEV4XG3Y6ANEVMAGW,1,0,not_recorded,visibility=visible;status=available;sellable_quantity=1,not_recorded,0,no_sync_record,,website_projection_missing;square_count_mismatch;kiosk_projection_not_recorded
1,connected,local-inventory-8980958a-78bc-4096-b275-c850d30c5027,612157d4-1039-c4a6-cec4-1b63a6cd1d75,Izzet Signet,PUG-B48F7568,available,1,,not_recorded,XZAOEOF3B5YYKUQ5K6YX3J22,1,1,not_recorded,visibility=visible;status=available;sellable_quantity=1,not_recorded,0,synced,,website_projection_missing;kiosk_projection_not_recorded
1,connected,local-inventory-848a8b2d-7488-4336-881f-90d06601fb73,3dc64d57-0508-a0fd-a9c4-48e264f3bbe7,Izzet Signet,PUG-059A0C24,available,1,,not_recorded,TMYL3QA7SDQZOWXQRAYID5CC,1,1,not_recorded,visibility=visible;status=available;sellable_quantity=1,not_recorded,0,synced,,website_projection_missing;kiosk_projection_not_recorded
1,connected,local-inventory-fc61684c-082d-4ab9-937b-a5e65590a608,4fcfe84b-b2a3-7be6-b6c4-64bb775c6d55,Gilded Lotus,PUG-B1CAFA4C,available,1,,not_recorded,W2ESKHOAL7PNEUGEYPGIPN4M,1,1,not_recorded,visibility=visible;status=available;sellable_quantity=1,not_recorded,0,no_sync_record,,website_projection_missing;kiosk_projection_not_recorded
1,connected,local-inventory-97d8c619-cd6b-4631-9756-96796d22ab0b,b02f6624-9260-80e9-1558-e84f3cd3399a,Scourge of the Throne,PUG-CA979CD5,available,1,,not_recorded,AKPRC2EFSKP27MM5JVGEU67Z,1,0,not_recorded,visibility=visible;status=available;sellable_quantity=1,not_recorded,0,no_sync_record,,website_projection_missing;square_count_mismatch;kiosk_projection_not_recorded
1,connected,local-inventory-ad7b8201-ab9d-4b2b-be56-39950feea601,a220103c-bc7f-cd16-eb26-f997e3389c99,Rite of the Dragoncaller,PUG-92AE450F,available,1,,not_recorded,DH5EZ2MIG46K7LEZDJLNGNKM,1,0,not_recorded,visibility=visible;status=available;sellable_quantity=1,not_recorded,0,no_sync_record,,website_projection_missing;square_count_mismatch;kiosk_projection_not_recorded
1,connected,local-inventory-0ed8f0cb-5ca8-428e-a5b0-8dc4bf0281cf,8b06ab33-d79a-ec47-d417-5275bddb0fb7,Electroduplicate,PUG-50730350,available,1,,not_recorded,UXOSF7YGYQTBZD5WOHUOBXKX,1,1,not_recorded,visibility=visible;status=available;sellable_quantity=1,not_recorded,0,synced,,website_projection_missing;kiosk_projection_not_recorded
1,connected,local-inventory-5a4f23d5-3c04-47ac-a001-328bb6a7d65e,ea5e26f5-47e8-95b8-8c53-953717a3ccf6,Electroduplicate,PUG-674A23BB,available,1,,not_recorded,MUNOFUBTROSJAMZK2QKHC6B5,1,1,not_recorded,visibility=visible;status=available;sellable_quantity=1,not_recorded,0,no_sync_record,,website_projection_missing;kiosk_projection_not_recorded
1,connected,local-inventory-68486369-a4ee-4235-b0cd-bc199de4e908,5d552589-d4a7-4509-8408-c60a8f89e53b,"Etali, Primal Storm",PUG-DDAEE361,available,1,,not_recorded,IRQE2ATGZZ2RXAJZE4BIOBZX,1,0,not_recorded,visibility=visible;status=available;sellable_quantity=1,not_recorded,0,no_sync_record,,website_projection_missing;square_count_mismatch;kiosk_projection_not_recorded
1,connected,local-inventory-c9e69899-3f29-41f6-b26c-c78d5c5ccc8b,34f18046-4ec0-b761-ea59-a620f9634769,"Kaito, Cunning Infiltrator",PUG-6661CB97,available,1,,not_recorded,KZGGK2YP3OGTEB3D67C4QXKC,1,1,not_recorded,visibility=visible;status=available;sellable_quantity=1,not_recorded,0,no_sync_record,,website_projection_missing;kiosk_projection_not_recorded
1,connected,local-inventory-cb24297b-c86a-473e-9b81-2cd9589ef8b1,a35e0195-090d-47ce-fee0-380d32cab49f,"Fblthp, the Lost",PUG-E05E345F,available,1,,not_recorded,T6SQR7WJTFN35APP3H433S2C,1,1,not_recorded,visibility=visible;status=available;sellable_quantity=1,not_recorded,0,synced,,website_projection_missing;kiosk_projection_not_recorded
1,connected,local-inventory-236435bd-3afc-49c8-a899-078d6f8c2b6a,24552d6e-dfaf-e976-9702-1397da5189a6,Pip-Boy 3000,PUG-989CAA7D,available,1,,not_recorded,DKKDSNLAE4RP4BKZY32H7XEP,1,1,not_recorded,visibility=visible;status=available;sellable_quantity=1,not_recorded,0,synced,,website_projection_missing;kiosk_projection_not_recorded
1,connected,local-inventory-9166ce7f-e614-4a39-a08d-8a4bb3fb3414,035d453a-3b49-58ae-0cad-32069f82e25f,Orim's Chant,PUG-0B834349,available,1,,not_recorded,TKTKUCI6MGNAZ6WPY7QD5A3J,1,0,not_recorded,visibility=visible;status=available;sellable_quantity=1,not_recorded,0,no_sync_record,,website_projection_missing;square_count_mismatch;kiosk_projection_not_recorded
1,connected,local-inventory-5f538a20-1fd6-4a1e-a9cc-10a8e6618163,78e96d16-2398-2856-37f2-8d8389ea6ad0,Fury,PUG-7E68E306,available,1,,not_recorded,FEGCTSLGJYBX7GK64NDYYBLT,1,1,not_recorded,visibility=visible;status=available;sellable_quantity=1,not_recorded,0,no_sync_record,,website_projection_missing;kiosk_projection_not_recorded
1,connected,local-inventory-e57dc861-9a31-4ae0-8bc5-fc93f4ef0cb0,fc1eecf7-1797-d110-1431-9b50e089edf2,Flare of Fortitude,PUG-41551803,available,1,,not_recorded,SDNNWXWW37T6R2A5Q7WLPZJP,1,1,not_recorded,visibility=visible;status=available;sellable_quantity=1,not_recorded,0,synced,,website_projection_missing;kiosk_projection_not_recorded
1,connected,local-inventory-03e5ad56-6bba-4fdb-abc8-c78d87710ba8,05be0ce2-3fe1-7f13-2584-af87672a8934,Onakke Oathkeeper,PUG-07686C38,available,1,,not_recorded,MF2PLRI6DEE74DKBIFOICMI5,1,1,not_recorded,visibility=visible;status=available;sellable_quantity=1,not_recorded,0,synced,,website_projection_missing;kiosk_projection_not_recorded
1,connected,local-inventory-db3d0d0a-22b3-42c7-9391-4631eecb2bd7,2737d0ad-355b-2047-ba5b-05945390ae38,An Offer You Can't Refuse,PUG-217C6D8B,available,1,,not_recorded,D3QPNZL75R7Z5POPMWZNNMBA,1,0,not_recorded,visibility=visible;status=available;sellable_quantity=1,not_recorded,0,synced,,website_projection_missing;square_count_mismatch;kiosk_projection_not_recorded
1,connected,local-inventory-9a7b3a7b-efac-4838-b5ee-e4e0ee7c0d3f,fea669ed-9ee7-d32f-8ffe-09704fd27807,Spark Double,PUG-156ACFF0,available,1,,not_recorded,GYPKGRV3MABGWZUWJOAXDYDX,1,0,not_recorded,visibility=visible;status=available;sellable_quantity=1,not_recorded,0,synced,,website_projection_missing;square_count_mismatch;kiosk_projection_not_recorded
1,connected,local-inventory-8dc5b341-cc25-4690-900c-2770e04773f3,aa58be94-3a68-51e6-6513-bed96035b661,Blasphemous Edict,PUG-CA48BFD4,available,1,,not_recorded,ILCJVPZZDQWNXPCNCLMJTFGJ,1,0,not_recorded,visibility=visible;status=available;sellable_quantity=1,not_recorded,0,synced,,website_projection_missing;square_count_mismatch;kiosk_projection_not_recorded
1,connected,local-inventory-bdd8d628-be39-47d3-86ba-d413761d249d,b0fdbd7e-1903-37cf-c0b3-44410148e532,"Zul Ashur, Lich Lord",0-92,available,2,,not_recorded,S2QMHQZDAFJRB7NBVQOZI33T,2,2,not_recorded,visibility=visible;status=available;sellable_quantity=2,not_recorded,0,synced,,website_projection_missing;kiosk_projection_not_recorded
1,connected,local-inventory-a1727e23-7f35-475e-b9c5-c5bce58bf6f7,4913db70-0244-7615-17a9-c6110d6ec512,High-Society Hunter,PUG-E336F81E,available,1,,not_recorded,S25FHOQSKRHGCBLZXYI3SEX3,1,1,not_recorded,visibility=visible;status=available;sellable_quantity=1,not_recorded,0,synced,,website_projection_missing;kiosk_projection_not_recorded
1,connected,local-inventory-9fe3f634-f23b-42e8-8134-ff697f104eaa,43f3498d-b753-29c0-a355-431419abfd3e,Abyssal Harvester,PUG-CD5F06DF,available,1,,not_recorded,4NEQAJ4MRE673OUILMH6MWEG,1,1,not_recorded,visibility=visible;status=available;sellable_quantity=1,not_recorded,0,synced,,website_projection_missing;kiosk_projection_not_recorded
1,connected,local-inventory-a8864ac8-2d03-4ed2-a0ff-b9f4a347ceb1,05a86ee8-7242-a1aa-e5e8-24332e6f42bd,Vengeful Bloodwitch,PUG-57C6470C,available,1,,not_recorded,QX7GLIZBE2P5WAXTSBKUUTCO,1,0,not_recorded,visibility=visible;status=available;sellable_quantity=1,not_recorded,0,synced,,website_projection_missing;square_count_mismatch;kiosk_projection_not_recorded
1,connected,local-inventory-dd0bb9a8-40c9-4493-97d2-458e576f90d2,a7a8cfbd-f67a-e630-563e-14a68f4d7c51,Flare of Fortitude,PUG-762CFEBD,available,1,,not_recorded,WZN7FL5YXYRAGNZFMNMWNH3G,1,0,not_recorded,visibility=visible;status=available;sellable_quantity=1,not_recorded,0,synced,,website_projection_missing;square_count_mismatch;kiosk_projection_not_recorded
1,connected,local-inventory-4afa5ef6-feb6-41ec-83bc-432d709864f2,752766fa-3041-b71f-6765-0bdfbc684cdc,Virtue of Knowledge // Vantress Visions,PUG-B65FFC1A,available,1,,not_recorded,ZWSXXLGULBUORDKH7XXUMS75,1,1,not_recorded,visibility=visible;status=available;sellable_quantity=1,not_recorded,0,synced,,website_projection_missing;kiosk_projection_not_recorded
1,connected,local-inventory-2e52a3bc-4e78-4a6e-935d-e5af057886a2,1b387b14-6409-3bc9-c561-618a753f3566,JP Volcanion V,PUG-3EBB1109,available,1,,not_recorded,2QTTR34SHFJ3SHJNAFTQ4O6R,1,1,not_recorded,visibility=visible;status=available;sellable_quantity=1,not_recorded,0,synced,,website_projection_missing;kiosk_projection_not_recorded
1,connected,local-inventory-0b704ab8-84cd-4224-b74b-22758171a59e,ea8dfe56-f24e-af9f-78bd-683f24b22927,"Oko, Thief of Crowns",PUG-958F59A3,available,1,,not_recorded,BMEJ6SKXW7E2MPJZQ5Y5MOI6,1,1,not_recorded,visibility=visible;status=available;sellable_quantity=1,not_recorded,0,no_sync_record,,website_projection_missing;kiosk_projection_not_recorded
1,connected,local-inventory-bad06845-aca6-4e71-8beb-076a9da9b8b8,14c20845-eaa3-21a7-fe32-2e504980b5b7,JP Skuntank V,PUG-63A21A4C,available,1,,not_recorded,J624LNIUJZUCOEEXNLHLHAQO,1,1,not_recorded,visibility=visible;status=available;sellable_quantity=1,not_recorded,0,synced,,website_projection_missing;kiosk_projection_not_recorded
1,connected,local-inventory-89b08ec2-8b57-430c-8204-cec9951a59e3,3fea4de2-92d5-4de7-5906-949c45156d34,Hatterene V,PUG-91FAE900,available,1,,not_recorded,I6COCPU62TQ3SJOLFIVWZQHH,1,1,not_recorded,visibility=visible;status=available;sellable_quantity=1,not_recorded,0,synced,,website_projection_missing;kiosk_projection_not_recorded
1,connected,local-inventory-cc7bafb5-2297-47d9-b777-a3b2b0e606c2,87f01a70-c7fa-c111-6928-38837ec27a04,JP Genesect V,PUG-FA4DE525,available,1,,not_recorded,R6JBOS3WDBBXL2NO3AESNT4M,1,1,not_recorded,visibility=visible;status=available;sellable_quantity=1,not_recorded,0,synced,,website_projection_missing;kiosk_projection_not_recorded
1,connected,local-inventory-af25d3e8-3b96-4097-958a-926a3a24b6ed,9a1945aa-98bb-fc60-1994-880a5f0981fa,JP Genesect V,PUG-2F2FE3BD,available,1,,not_recorded,BDHIMTNNQJQKCM2FI6RJZKRH,1,1,not_recorded,visibility=visible;status=available;sellable_quantity=1,not_recorded,0,synced,,website_projection_missing;kiosk_projection_not_recorded
1,connected,local-inventory-8efa24f2-1e5e-44c5-914d-8cf93dfb2942,2148a70d-3ed7-4407-c745-24e3be2b057f,JP Enamorus V,PUG-FF31835F,available,1,,not_recorded,5XRY4SCFRVIY6HY3B6LY25MF,1,1,not_recorded,visibility=visible;status=available;sellable_quantity=1,not_recorded,0,synced,,website_projection_missing;kiosk_projection_not_recorded
1,connected,local-inventory-8255cab3-d76d-4196-a367-e61aeea4cf0f,a3239b81-cb82-4b92-0ffa-497ea760c140,Enamorus V,PUG-B4FE5FC3,conflict,1,,not_recorded,NITKBMCCX2KDJMJ42LCABWFV,0,0,not_recorded,visibility=visible;status=conflict;sellable_quantity=0,not_recorded,0,failed:external_sync_state:conflict,,website_projection_missing;internal_sync_state_failed;kiosk_projection_not_recorded
1,connected,local-inventory-f2d623c7-b412-42d2-a959-88e4efab0797,5d6803f3-70eb-c2ee-8afc-c2e76515876f,JP Raikou V,PUG-A07A900B,available,3,,not_recorded,3Z63MW75ERFZDLJPHAFSDMAN,3,3,not_recorded,visibility=visible;status=available;sellable_quantity=3,not_recorded,0,synced,,website_projection_missing;kiosk_projection_not_recorded
1,connected,local-inventory-d21da79f-e757-4f15-9501-b1f978aa12a4,49ff8166-1d6e-648a-9861-8ecdf7fe5995,JP Arctovish V,PUG-3BE6B0DB,available,1,,not_recorded,FIR5TM3OWZLO4546EY5HGBNK,1,1,not_recorded,visibility=visible;status=available;sellable_quantity=1,not_recorded,0,synced,,website_projection_missing;kiosk_projection_not_recorded
1,connected,local-inventory-06c157ac-ddcc-435b-90ee-2f0600643ed7,6a46b3c8-62ce-2732-5ffb-01ebbb2c3db3,JP Hisuian Arcanine V,PUG-6D65D996,available,2,,not_recorded,H4QMQKLHLY3L3O2UVKU2GR4U,2,1,not_recorded,visibility=visible;status=available;sellable_quantity=2,not_recorded,0,synced,,website_projection_missing;square_count_mismatch;kiosk_projection_not_recorded
1,connected,local-inventory-ade02fa8-bd32-4b9e-8d9c-9984ff4af092,dc33501a-981d-b002-a5e2-470a28dd5090,JP Cramorant V,PUG-AB14379B,available,1,,not_recorded,RVTR5H4C6CM4KAXY4VULIKIY,1,1,not_recorded,visibility=visible;status=available;sellable_quantity=1,not_recorded,0,synced,,website_projection_missing;kiosk_projection_not_recorded
1,connected,local-inventory-de720b20-ce1b-418f-afc0-325e3a9cd399,b1db3c60-cdcf-8c2b-bb0e-08dcedf2526f,Elesh Norn // The Argent Etchings,PUG-3E4784BA,available,1,,not_recorded,M2KRU33S3HKUWXOCLGJ2M3D6,1,0,not_recorded,visibility=visible;status=available;sellable_quantity=1,not_recorded,0,no_sync_record,,website_projection_missing;square_count_mismatch;kiosk_projection_not_recorded
1,connected,local-inventory-075b5b03-7c54-4d59-918a-074f9c56bc70,86e43aac-f415-5d03-2f0e-6be61e6bad83,JP Single Strike Urshifu V,PUG-F550B9ED,available,2,,not_recorded,QOUIV6Q7FZ6DGSYNTL5FNMK6,2,2,not_recorded,visibility=visible;status=available;sellable_quantity=2,not_recorded,0,synced,,website_projection_missing;kiosk_projection_not_recorded
1,connected,local-inventory-eeaaf9eb-8129-4edb-88c6-03cf93bce69a,a88648ee-93ec-3eff-e50e-ac4628532f9e,JP Oranguru V,PUG-0D91F239,available,1,,not_recorded,SHLP6OB424IQEOAXUB66OF5X,1,1,not_recorded,visibility=visible;status=available;sellable_quantity=1,not_recorded,0,synced,,website_projection_missing;kiosk_projection_not_recorded
1,connected,local-inventory-41327593-3998-410a-90e2-656311c757c6,067abcdc-f221-a5c2-ba3d-f2529b9f063c,JP Oranguru V,PUG-703D1DBD,available,1,,not_recorded,HGYR5OARVBKGVJW7HNOX5O3F,1,1,not_recorded,visibility=visible;status=available;sellable_quantity=1,not_recorded,0,synced,,website_projection_missing;kiosk_projection_not_recorded
1,connected,local-inventory-06b07c46-86a9-4882-bc44-b13580e5a990,ee18ba0a-8482-1ac3-05ce-21b606515b64,JP Alolan ExeggcutorV,PUG-9F3484DC,available,1,,not_recorded,G4P3KH3VT7QIQWA6K5RAAJMG,1,0,not_recorded,visibility=visible;status=available;sellable_quantity=1,not_recorded,0,synced,,website_projection_missing;square_count_mismatch;kiosk_projection_not_recorded
1,connected,local-inventory-d6f98a80-2772-4f3f-b9d2-836c67183f36,8c787a6b-95d4-e2d5-1514-2e8912718c39,Flare of Fortitude,PUG-0CCABF3B,available,1,,not_recorded,DGA3CH4RC6ETJGXLZGXNPE6F,1,0,not_recorded,visibility=visible;status=available;sellable_quantity=1,not_recorded,0,no_sync_record,,website_projection_missing;square_count_mismatch;kiosk_projection_not_recorded
1,connected,local-inventory-cdcc925e-1975-4bf4-bcbf-64681eef7ce0,2f4a7a9e-c54e-5f66-9b5b-d855c17081dc,JP Galarian Perrserker V,PUG-111F1DFA,available,1,,not_recorded,KVJ326WSIUGZL652U2BZEH5H,1,1,not_recorded,visibility=visible;status=available;sellable_quantity=1,not_recorded,0,synced,,website_projection_missing;kiosk_projection_not_recorded
1,connected,local-inventory-2057b247-937b-4f5c-bf70-09dc8ad9760a,09be963e-0953-a8b9-02f8-e656813175da,"Aclazotz, Deepest Betrayal // Temple of the Dead",PUG-36BDC206,available,1,,not_recorded,FEMQXE5Y5VVWFHS4DRRLYZXE,1,1,not_recorded,visibility=visible;status=available;sellable_quantity=1,not_recorded,0,no_sync_record,,website_projection_missing;kiosk_projection_not_recorded
1,connected,local-inventory-963dbfaf-6526-42fb-8b85-70c41deb4407,01ec1725-3f61-5487-fb36-ae204165bcaf,JP Entei V,PUG-AE37FC5B,available,1,,not_recorded,JNRZ67VRJSPVDFMHRWI56PKK,1,1,not_recorded,visibility=visible;status=available;sellable_quantity=1,not_recorded,0,synced,,website_projection_missing;kiosk_projection_not_recorded
1,connected,local-inventory-23db2d6c-1b9d-44bc-9464-03520749cdff,c34ec4c8-92af-41ec-6256-b94ed6f53afc,JP Crabominable V,PUG-28C0E4F5,available,1,,not_recorded,JJCELX7F6NLAUVGZVFN2VZMG,1,1,not_recorded,visibility=visible;status=available;sellable_quantity=1,not_recorded,0,synced,,website_projection_missing;kiosk_projection_not_recorded
1,connected,local-inventory-b161e2a9-c8ee-45e2-a3bc-f7e994b06061,eb0ea9a0-44aa-f4a8-2ac9-aaf69c5d5047,Throne of Geth,PUG-01CA2D0D-01,available,1,,not_recorded,2OE2ORN32WEURIZ3V5JTJLTX,1,1,not_recorded,visibility=visible;status=available;sellable_quantity=1,not_recorded,0,no_sync_record,,website_projection_missing;kiosk_projection_not_recorded
1,connected,local-inventory-8e1393eb-520c-4526-9276-779f4f006738,6253859f-8b96-88f0-dd1c-345419216e1a,Throne of Geth,PUG-01CA2D0D-02,available,1,,not_recorded,47JBKVDOZNTO6B2XF47KUGIK,1,1,not_recorded,visibility=visible;status=available;sellable_quantity=1,not_recorded,0,no_sync_record,,website_projection_missing;kiosk_projection_not_recorded
1,connected,local-inventory-402122c0-2512-490b-8c4e-1f8c0a09a33f,5e31436e-556e-b7ec-acfb-a77a361b5c12,Throne of Geth,PUG-01CA2D0D-03,available,1,,not_recorded,J6YDQ44WQEBHO44JKO35G47J,1,1,not_recorded,visibility=visible;status=available;sellable_quantity=1,not_recorded,0,no_sync_record,,website_projection_missing;kiosk_projection_not_recorded
1,connected,local-inventory-1d84bf59-bf57-45d2-a414-ef00ac66f5ae,8df8d5f7-24fd-672b-7ba6-34ac12949b9b,Throne of Geth,PUG-01CA2D0D-04,available,1,,not_recorded,HXQDPEHTABRG7ORY45FBQMXC,1,1,not_recorded,visibility=visible;status=available;sellable_quantity=1,not_recorded,0,no_sync_record,,website_projection_missing;kiosk_projection_not_recorded
1,connected,local-inventory-9b295f24-c158-431e-80fd-e403aca132cd,b329f5de-5b59-1f35-91b6-1e2d56918069,Throne of Geth,PUG-01CA2D0D-05,available,1,,not_recorded,VOPEQNMJFBJ3HHVZV25BEQS3,1,1,not_recorded,visibility=visible;status=available;sellable_quantity=1,not_recorded,0,no_sync_record,,website_projection_missing;kiosk_projection_not_recorded
1,connected,local-inventory-a14fc897-7d13-431c-99bb-fa17a9cf95f4,1a19c4fa-628d-acd8-d2f1-dd95da93d9dc,Throne of Geth,PUG-01CA2D0D-06,available,1,,not_recorded,QVSRYYBDPIQZYYBCUTB2XACC,1,1,not_recorded,visibility=visible;status=available;sellable_quantity=1,not_recorded,0,no_sync_record,,website_projection_missing;kiosk_projection_not_recorded
1,connected,local-inventory-50d09511-465d-4a22-a9bc-dc99ace8e5e5,32c3eef2-568a-77c9-4975-d3d7a7d9b03a,Throne of Geth,PUG-01CA2D0D-07,available,1,,not_recorded,N3QTLUBDSQ2A2IG3ZF6BDCFA,1,1,not_recorded,visibility=visible;status=available;sellable_quantity=1,not_recorded,0,no_sync_record,,website_projection_missing;kiosk_projection_not_recorded
1,connected,local-inventory-d7945110-d1f3-4e17-b234-3b35874aa16f,c2ab077b-09cf-1201-2c4a-18c7a82ff43b,JP Aegislash V,PUG-CB845699,available,1,,not_recorded,6FEM7I26UXBHJMEVYDKUXGP6,1,1,not_recorded,visibility=visible;status=available;sellable_quantity=1,not_recorded,0,synced,,website_projection_missing;kiosk_projection_not_recorded
1,connected,local-inventory-1554c578-bfef-49d4-9e3c-a34dde20da5f,41e97be0-722d-cdb2-f139-2cda5afa3af0,Flareon V,PUG-6B2E6298,available,1,,not_recorded,ND5G2SC6AGTBBRLOBGPCMSNU,1,1,not_recorded,visibility=visible;status=available;sellable_quantity=1,not_recorded,0,synced,,website_projection_missing;kiosk_projection_not_recorded
1,connected,local-inventory-36639237-2fcd-4bad-ab99-b599c2e462af,22494a95-8126-e02a-9780-98707f4af5eb,Talonflame,PUG-9EEB9637-01,available,2,,not_recorded,HQ5WNCGR7SXNVPFVQLWC4SU5,2,2,not_recorded,visibility=visible;status=available;sellable_quantity=2,not_recorded,0,synced,,website_projection_missing;kiosk_projection_not_recorded
1,connected,local-inventory-cba5a89f-fda4-4b91-a80e-f6646326dbcd,03887550-134b-51a3-0074-af6b67bfa16f,Talonflame,PUG-9EEB9637-02,removed,0,,not_recorded,3JL3CARQ3F6WJRA4IYNTSC7Y,0,0,not_recorded,visibility=hidden;status=removed;sellable_quantity=0,not_recorded,0,synced,,website_projection_missing;kiosk_projection_not_recorded
1,connected,local-inventory-f0a67884-74c2-406a-9127-13c0a46f5e8a,4b9afec5-23d6-5fe5-7e92-9fe7aa19c10d,Ampharos,PUG-5D572983-01,available,1,,not_recorded,KH53HXSUPYAEKVJ7B6W3XIXX,1,1,not_recorded,visibility=visible;status=available;sellable_quantity=1,not_recorded,0,synced,,website_projection_missing;kiosk_projection_not_recorded
1,connected,local-inventory-2a4407a6-08d2-4452-99c0-fe086f393731,0a4a7c17-bca2-80d4-92fe-292d60ec2b02,Ampharos,PUG-5D572983-02,available,1,,not_recorded,G4LBSOQO6H75U54RDFEMRMZI,1,1,not_recorded,visibility=visible;status=available;sellable_quantity=1,not_recorded,0,synced,,website_projection_missing;kiosk_projection_not_recorded
1,connected,local-inventory-6b32d8ae-0682-4a31-a52d-12a94df91f51,bc1e63e7-86c6-ca57-a410-d03ffd3e8148,Octillery,PUG-EA400BA8,available,1,,not_recorded,UJRLD2A25QAJQ7DA3ASOYSBU,1,1,not_recorded,visibility=visible;status=available;sellable_quantity=1,not_recorded,0,synced,,website_projection_missing;kiosk_projection_not_recorded
1,connected,local-inventory-70b3e249-4f2e-4a84-aa3b-4a26bf2adf22,a841f7dd-c746-1676-6727-02002e3b0524,Wooper,PUG-18D2BD6F,available,1,,not_recorded,XZWX6MNFN6OSBWWILOWN67K6,1,0,not_recorded,visibility=visible;status=available;sellable_quantity=1,not_recorded,0,synced,,website_projection_missing;square_count_mismatch;kiosk_projection_not_recorded
1,connected,local-inventory-a5550de7-d349-4b36-8e86-c7ffe32b02c2,0e1f07ac-9a85-bd71-ed1b-380815d2e845,Swinub,PUG-54E8CB89,available,1,,not_recorded,5A4YWF37N2UKAZJJY22WT6F5,1,0,not_recorded,visibility=visible;status=available;sellable_quantity=1,not_recorded,0,synced,,website_projection_missing;square_count_mismatch;kiosk_projection_not_recorded
1,connected,local-inventory-37910cc3-cba0-4c9c-b884-aa024c12395d,fc5b949e-b01c-a472-0829-67970a37ab0c,Roaming Throne,PUG-65374598,available,1,,not_recorded,Y473POTAN7BERXSTZBM34R5D,1,1,not_recorded,visibility=visible;status=available;sellable_quantity=1,not_recorded,0,synced,,website_projection_missing;kiosk_projection_not_recorded
1,connected,local-inventory-e53e9d1a-0143-4924-a015-7bcd2f79109d,46e3402b-dc6d-45af-c7c6-fce4854cbc7c,Ghalta and Mavren,PUG-5B2996B8,available,1,,not_recorded,AMW2BRAGUJ5OHFI4EXVLXZB3,1,0,not_recorded,visibility=visible;status=available;sellable_quantity=1,not_recorded,0,synced,,website_projection_missing;square_count_mismatch;kiosk_projection_not_recorded
1,connected,local-inventory-75bdc026-8817-48b9-9f2a-126f9630a9bf,e31d2707-5dc2-5ea9-4415-cbf84266106d,"Danitha, New Benalia's Light",PUG-6EEBA4EF,available,1,,not_recorded,UMXWVDVSYLCM77GRJ4TPADM5,1,0,not_recorded,visibility=visible;status=available;sellable_quantity=1,not_recorded,0,synced,,website_projection_missing;square_count_mismatch;kiosk_projection_not_recorded
1,connected,local-inventory-75322e74-71b7-4663-8fb3-7fabce9280b3,,M Blastoise-EX,PUG-2A7F82791,pending_intake,1,,not_recorded,VPDHA6SREYP744YB2NPICSFX,0,0,not_recorded,visibility=visible;status=pending_intake;sellable_quantity=0,not_recorded,0,pending:operation_queue,,website_projection_missing;kiosk_projection_not_recorded
1,connected,local-inventory-0d19b0cd-1cd9-4180-908e-59e7f0dabd6f,c1127f52-dee1-c80d-5fc8-ad4b68475222,M Blastoise-EX,PUG-2A7F82792,available,1,,not_recorded,JED3STRGDRQ5NQQW2OYJ4GTO,1,0,not_recorded,visibility=visible;status=available;sellable_quantity=1,not_recorded,0,synced,,website_projection_missing;square_count_mismatch;kiosk_projection_not_recorded
1,connected,local-inventory-94a76f56-dfbd-4b38-abf6-cfc36657bea6,6e08bf98-f170-8384-4a2e-5f74da274f10,"Omnath, Locus of All",PUG-3FC2DD58,available,1,,not_recorded,OUIRDZWTGYWXNLYYBR5EVQ7N,1,1,not_recorded,visibility=visible;status=available;sellable_quantity=1,not_recorded,0,no_sync_record,,website_projection_missing;kiosk_projection_not_recorded
1,connected,local-inventory-9daa0181-40ea-48c1-a060-56b964fc4dfa,6e2ed6ae-8dbb-8f02-b05b-9bbd19de376b,The Ancient One,PUG-869EF251,available,1,,not_recorded,CR7SZIBQOVZWVPXTYJHIM6NK,1,0,not_recorded,visibility=visible;status=available;sellable_quantity=1,not_recorded,0,synced,,website_projection_missing;square_count_mismatch;kiosk_projection_not_recorded
1,connected,local-inventory-ce163433-6f3b-4f83-b6ad-fdf4b9600e39,3134decd-9587-d706-2187-670afdc9f281,"Tamiyo, Collector of Tales",PUG-C531579F,available,1,,not_recorded,MUBHS2MU6JLOSBAF7XKSYWF6,1,1,not_recorded,visibility=visible;status=available;sellable_quantity=1,not_recorded,0,no_sync_record,,website_projection_missing;kiosk_projection_not_recorded
1,connected,local-inventory-3a1a63bc-78d6-4f30-a79f-24ea7c153a0e,b73bafd1-f0d8-273f-9496-1f470ad25057,"Syr Konrad, the Grim",PUG-4DD3DA9A,available,1,,not_recorded,44PSRYSYL7PE2QVI4AAJKRRA,1,0,not_recorded,visibility=visible;status=available;sellable_quantity=1,not_recorded,0,synced,,website_projection_missing;square_count_mismatch;kiosk_projection_not_recorded
1,connected,local-inventory-6450163a-8226-4231-b752-cf2299f07665,3c16ea7a-3dfd-8dab-1d33-da02930dcced,Sign in Blood,PUG-7A3D7B5C,available,1,,not_recorded,FXEWGOP5ZSPKRUZ33QO5OMBO,1,1,not_recorded,visibility=visible;status=available;sellable_quantity=1,not_recorded,0,no_sync_record,,website_projection_missing;kiosk_projection_not_recorded
1,connected,local-inventory-21efce00-584e-452e-84a7-d5f9794b55f6,994f860f-412f-d7af-e07f-9b459d81241b,"Azlask, the Swelling Scourge",PUG-6D900C08,available,1,,not_recorded,IEWU2CN3VCAAV7NQ5VV2MT2R,1,0,not_recorded,visibility=visible;status=available;sellable_quantity=1,not_recorded,0,synced,,website_projection_missing;square_count_mismatch;kiosk_projection_not_recorded
1,connected,local-inventory-ce4c8bf7-9480-4175-9fa7-5fbc7a1ce89d,ae8ac6a7-8385-0d7d-44c9-ff05814f2117,Phyrexian Arena,PUG-8972FAEC,available,1,,not_recorded,4X7QJHEIMTHTBUZMQSAJLF6M,1,0,not_recorded,visibility=visible;status=available;sellable_quantity=1,not_recorded,0,synced,,website_projection_missing;square_count_mismatch;kiosk_projection_not_recorded
1,connected,local-inventory-52192ad6-d8c1-4c99-b08f-754f035b0232,17a64ce0-b448-9a0f-dc90-c98a3004122e,"Olivia, Crimson Bride",PUG-E9F41625,available,1,,not_recorded,WYKZRTQLPPT7ANCN2SZLBSKN,1,1,not_recorded,visibility=visible;status=available;sellable_quantity=1,not_recorded,0,no_sync_record,,website_projection_missing;kiosk_projection_not_recorded
1,connected,local-inventory-631631c8-b3ea-4be7-ac58-860a1a3b0048,c7d2b52b-3b83-42be-b883-cf0e3635f05c,Thornbite Staff,PUG-78DFC1B1,available,1,,not_recorded,UFWXEAUQ7K6AAGL427W2YUYG,1,0,not_recorded,visibility=visible;status=available;sellable_quantity=1,not_recorded,0,synced,,website_projection_missing;square_count_mismatch;kiosk_projection_not_recorded
1,connected,local-inventory-241675df-592e-4edd-90bd-b33f56b884ac,d263f6bf-3fb1-db0c-0776-34e5eafa77d9,The Immortal Sun,PUG-1694E426,available,1,,not_recorded,7D2OGIRSFX4GXDAYLJFDAWKB,1,1,not_recorded,visibility=visible;status=available;sellable_quantity=1,not_recorded,0,synced,,website_projection_missing;kiosk_projection_not_recorded
1,connected,local-inventory-0a1c7644-5749-4bd7-8bbf-b0a2a967bd08,665e0e15-7e0a-2f18-7466-9e9e45af93a2,"Jace, Vryn's Prodigy // Jace, Telepath Unbound",PUG-8A88278E,available,1,,not_recorded,KSTGSIFE5WLWT6SMB7H67NIL,1,0,not_recorded,visibility=visible;status=available;sellable_quantity=1,not_recorded,0,synced,,website_projection_missing;square_count_mismatch;kiosk_projection_not_recorded
1,connected,local-inventory-bfee75a7-68a7-4988-8471-08fa5ceba69c,99b11f4e-e153-ca14-b434-de51d7b49128,Mystical Tutor,PUG-8A95844E,available,1,,not_recorded,QUK5H4FODSRHACOTK5WIUSYG,1,1,not_recorded,visibility=visible;status=available;sellable_quantity=1,not_recorded,0,synced,,website_projection_missing;kiosk_projection_not_recorded
1,connected,local-inventory-4b2af464-dade-48b2-8626-8f0f24fb2f10,6412eade-79ba-d3fc-5bbc-853648cb8ac3,Void Winnower,PUG-5E90D1A9,available,1,,not_recorded,SF57A2H3MYOP4JIZPYUPSBNG,1,1,not_recorded,visibility=visible;status=available;sellable_quantity=1,not_recorded,0,synced,,website_projection_missing;kiosk_projection_not_recorded
1,connected,local-inventory-f52fac94-e501-4c53-80ad-2be9bb41d7a1,75b40ac2-c691-c2f8-a37d-f125fc69fa17,Deathrite Shaman,PUG-BEC8A987,available,1,,not_recorded,Y2OLENG4UMINCETWZRSKIJJP,1,0,not_recorded,visibility=visible;status=available;sellable_quantity=1,not_recorded,0,synced,,website_projection_missing;square_count_mismatch;kiosk_projection_not_recorded
1,connected,local-inventory-0806dead-2398-451a-a70b-244bce5ee5e8,7a2b683d-1efe-7941-8a21-881e3d4d2bc3,Teferi's Puzzle Box,PUG-C3E91641,available,1,,not_recorded,QDWOL3BLJNKUU6RK4WK576DF,1,0,not_recorded,visibility=visible;status=available;sellable_quantity=1,not_recorded,0,synced,,website_projection_missing;square_count_mismatch;kiosk_projection_not_recorded
1,connected,local-inventory-6c90cb80-3536-4cbe-9cd3-081a3817e233,e4bd9741-62c9-cb66-4c5a-b267817ad7b9,An Offer You Can't Refuse,PUG-D9ED3906,available,1,,not_recorded,JKY4TNUG35RBUNQV3U4LFL5A,1,1,not_recorded,visibility=visible;status=available;sellable_quantity=1,not_recorded,0,synced,,website_projection_missing;kiosk_projection_not_recorded
1,connected,local-inventory-9799b154-069f-4c16-ba9f-ee4ee45e523f,3f394645-c748-1879-7c0b-b81dc53f5cc6,"Giada, Font of Hope",PUG-F5626F44,available,1,,not_recorded,XNG3GBJMHGAHZMONLVGRIRU5,1,1,not_recorded,visibility=visible;status=available;sellable_quantity=1,not_recorded,0,synced,,website_projection_missing;kiosk_projection_not_recorded
1,connected,local-inventory-d71fac8d-68a6-41e7-90dc-a231fafa707e,10f41078-e45a-e4e9-1382-3aa0003ae732,"Liliana, Heretical Healer // Liliana, Defiant Necromancer",PUG-4B9E9B12,available,1,,not_recorded,UDA7T7PMBBQOBRBI64TSCW7E,1,0,not_recorded,visibility=visible;status=available;sellable_quantity=1,not_recorded,0,synced,,website_projection_missing;square_count_mismatch;kiosk_projection_not_recorded
1,connected,local-inventory-664bf8aa-2cb9-4ea4-9c83-58687410bfc2,e388a877-98d9-1f9d-a03a-b5e7a03af59a,Joraga Warcaller,PUG-86B8CDE9,available,1,,not_recorded,RDPNFPVBDBOCC5JAVYNW5GUZ,1,0,not_recorded,visibility=visible;status=available;sellable_quantity=1,not_recorded,0,synced,,website_projection_missing;square_count_mismatch;kiosk_projection_not_recorded
1,connected,local-inventory-0443b40d-90f4-447e-a760-cc780c114bc3,09850a91-446b-18a0-dbda-b4eeedfbaed7,High Fae Trickster,PUG-D1996B17,available,1,,not_recorded,VHLULCBV5SIY4D6QEJQNJWBR,1,0,not_recorded,visibility=visible;status=available;sellable_quantity=1,not_recorded,0,synced,,website_projection_missing;square_count_mismatch;kiosk_projection_not_recorded
1,connected,local-inventory-2ed8f9e5-002e-4025-ac0c-99be43d1537a,86eb896e-abaf-235b-313a-7ab43e2a39c4,Tarmogoyf,PUG-5B07E905,available,1,,not_recorded,WOQHUTJ2WEXCBL6QIWBDA6LK,1,0,not_recorded,visibility=visible;status=available;sellable_quantity=1,not_recorded,0,synced,,website_projection_missing;square_count_mismatch;kiosk_projection_not_recorded
1,connected,local-inventory-c1cf4992-2666-4a58-82cd-a6a3e3d67acd,d00ea62b-6f70-6d51-5605-044d95fbec91,"Alesha, Who Laughs at Fate",PUG-E3723204,available,1,,not_recorded,2ABV5QRZXFL74EQ32DK23PQQ,1,1,not_recorded,visibility=visible;status=available;sellable_quantity=1,not_recorded,0,synced,,website_projection_missing;kiosk_projection_not_recorded
1,connected,local-inventory-c25128b0-96f7-49eb-b040-a0c256abe7ff,38ee64c1-e6c6-2ec5-6a77-319d91aa4bc2,Elvish Reclaimer,PUG-FC1332F1,available,1,,not_recorded,D2OOTUS243PKRPD2WA6JOWP3,1,1,not_recorded,visibility=visible;status=available;sellable_quantity=1,not_recorded,0,synced,,website_projection_missing;kiosk_projection_not_recorded
1,connected,local-inventory-aea633af-8ffa-488e-bd94-6a5daca0e9a9,4105f28a-7f1b-35ab-1db7-56162d3473e5,Slickshot Show-Off,PUG-918FC21B,available,1,,not_recorded,RNAKB7NFSME3ILDUAXT64OCC,1,0,not_recorded,visibility=visible;status=available;sellable_quantity=1,not_recorded,0,synced,,website_projection_missing;square_count_mismatch;kiosk_projection_not_recorded
1,connected,local-inventory-d298ace2-d5e2-4c33-b9a8-b4eb7536845a,10bd7035-9848-5226-713f-151f20a6584e,Virtue of Loyalty // Ardenvale Fealty,PUG-FF5EFF77,available,1,,not_recorded,OXNLWB6TNCGXEBGDFCR3ODZV,1,0,not_recorded,visibility=visible;status=available;sellable_quantity=1,not_recorded,0,synced,,website_projection_missing;square_count_mismatch;kiosk_projection_not_recorded
1,connected,local-inventory-34298998-9d73-4e07-8c61-0958002c2398,eb5d561f-6566-5e87-6464-c49cdd5bc96b,Virtue of Knowledge // Vantress Visions,PUG-ADC50CD5,available,1,,not_recorded,UYPGSI53HVQKLRJNVE3WOILO,1,0,not_recorded,visibility=visible;status=available;sellable_quantity=1,not_recorded,0,synced,,website_projection_missing;square_count_mismatch;kiosk_projection_not_recorded
1,connected,local-inventory-c0e75a6f-a13c-4490-89c5-80a05ddba6be,ce331680-f0c4-9955-b331-a545b32c6ee1,Spinner of Souls,PUG-EEA01E46,available,1,,not_recorded,NTWKDIMMAPCFBGW4TRXKL3FN,1,1,not_recorded,visibility=visible;status=available;sellable_quantity=1,not_recorded,0,synced,,website_projection_missing;kiosk_projection_not_recorded
1,connected,local-inventory-01c38034-b078-4d04-b4c8-2160f4ca1321,358ec8b6-ca04-ebef-273d-3d13e54e824e,Slate of Ancestry,PUG-BB3C9B27,available,1,,not_recorded,TP5SXL5ZY3AP2P3WSWLN2YAO,1,1,not_recorded,visibility=visible;status=available;sellable_quantity=1,not_recorded,0,synced,,website_projection_missing;kiosk_projection_not_recorded
1,connected,local-inventory-b152a795-1f5d-419f-b0fc-0fd042a4f169,16da90aa-24e2-467c-e0b3-5eadeec5dd5d,Salvaging Station,PUG-D6A02A22,available,1,,not_recorded,U2XT3G6QFS7SEL37P6PUWIUI,1,1,not_recorded,visibility=visible;status=available;sellable_quantity=1,not_recorded,0,synced,,website_projection_missing;kiosk_projection_not_recorded
1,connected,local-inventory-6ebd27ab-8228-4327-bb7b-4a8b3c50d0dd,4f9a72fd-dc3d-fd54-ad59-47ba3fcdf9ef,Aether Vial,PUG-3BBFC0B6,available,1,,not_recorded,Q6RMV75Z7WHQ6N3EUJO256HM,1,1,not_recorded,visibility=visible;status=available;sellable_quantity=1,not_recorded,0,synced,,website_projection_missing;kiosk_projection_not_recorded
1,connected,local-inventory-3c6178fd-dc9b-4146-8cb9-f9531596609e,73e9e725-c2e4-90f2-fd4a-971dbeb72d29,Gruul Signet,PUG-FA14A0BD,available,1,,not_recorded,NHAOSTYINZY3ITRA2UZTY5JC,1,1,not_recorded,visibility=visible;status=available;sellable_quantity=1,not_recorded,0,no_sync_record,,website_projection_missing;kiosk_projection_not_recorded
1,connected,local-inventory-f691be77-84f1-4385-95e5-ec57beaf4980,baf299ab-1fbc-8ffb-767b-e3840a576886,Terisian Mindbreaker,PUG-C71C77B4,removed,0,,not_recorded,4ATF6T7ISHSKB3BARISO5QKT,0,0,not_recorded,visibility=hidden;status=removed;sellable_quantity=0,not_recorded,0,synced,,website_projection_missing;kiosk_projection_not_recorded
1,connected,local-inventory-25866569-56f0-4b26-832f-2e387ec458da,917bc624-71b2-cba7-6f48-d536a81e5efe,Lodestone Bauble,PUG-F8402E67,available,1,,not_recorded,AYL4WSRB3QTWMMICLIVJRJV4,1,0,not_recorded,visibility=visible;status=available;sellable_quantity=1,not_recorded,0,no_sync_record,,website_projection_missing;square_count_mismatch;kiosk_projection_not_recorded
1,connected,local-inventory-41042618-a6a1-4d72-bb2f-90604d02ac40,29d8f872-8d2d-a812-7d68-0b469196adea,Talisman of Impulse,PUG-584CA7B0,available,1,,not_recorded,XOE5DJD3LREGNF25ZL2CNNN2,1,0,not_recorded,visibility=visible;status=available;sellable_quantity=1,not_recorded,0,synced,,website_projection_missing;square_count_mismatch;kiosk_projection_not_recorded
1,connected,local-inventory-b176a63e-1440-4983-9890-059fd665ebbc,de86baa8-b792-ee5c-a968-e14dec51b0ea,Belbe's Portal,PUG-7784B38E,available,1,,not_recorded,NBY446KTWXKSZ55LW2FXF75W,1,1,not_recorded,visibility=visible;status=available;sellable_quantity=1,not_recorded,0,no_sync_record,,website_projection_missing;kiosk_projection_not_recorded
1,connected,local-inventory-b6983e29-7594-4c70-8561-673aa5f9a056,d5f58367-ef67-5438-a49a-62cfc3b7b266,Devourer of Destiny,PUG-49227916,removed,0,,not_recorded,R27IPB5VJVCQNLSQBZTV4OX7,0,0,not_recorded,visibility=hidden;status=removed;sellable_quantity=0,not_recorded,0,synced,,website_projection_missing;kiosk_projection_not_recorded
1,connected,local-inventory-81f56131-a8d1-453e-bcfc-07ecf4c40b7a,46960b57-9655-93f1-fd2f-e1f9050dc533,Lodestone Bauble,PUG-6230AC1F,removed,0,,not_recorded,ER425NTLH5JZZ7B7BRL4T2UG,0,0,not_recorded,visibility=hidden;status=removed;sellable_quantity=0,not_recorded,0,synced,,website_projection_missing;kiosk_projection_not_recorded
1,connected,local-inventory-eab5e412-0396-4e2b-95fb-93000f8d3258,9766a832-b2ed-4c07-69f9-3fe3e052349d,Blackblade Reforged,PUG-A8140F44,available,2,,not_recorded,PCO7CZD4KWHFOTNGRNLTW6KB,2,2,not_recorded,visibility=visible;status=available;sellable_quantity=2,not_recorded,0,synced,,website_projection_missing;kiosk_projection_not_recorded
1,connected,local-inventory-11b95cd6-2ed4-4d97-93a0-d5bcba9049cf,7c3967a7-5cc4-1bee-d382-aa30f2811bfc,Terisian Mindbreaker,PUG-7323C86D,removed,0,,not_recorded,MS5EY4HOADXHHQFAZRK532R5,0,0,not_recorded,visibility=hidden;status=removed;sellable_quantity=0,not_recorded,0,synced,,website_projection_missing;kiosk_projection_not_recorded
1,connected,local-inventory-c54d079f-fbe7-422e-806c-baf3a8486dd9,0b0aae67-8ce5-f139-6699-9bfa129057f6,Cosmos Elixir,PUG-7FD88F23,available,1,,not_recorded,4GOS6JQWQCC67GO4QVIM53Q3,1,0,not_recorded,visibility=visible;status=available;sellable_quantity=1,not_recorded,0,synced,,website_projection_missing;square_count_mismatch;kiosk_projection_not_recorded
1,connected,local-inventory-aa9dc869-254f-4889-9241-0a412d61a6e5,e88388ec-8897-75ef-d758-18a9c72c0ae0,Well of Lost Dreams,PUG-DD900136,available,1,,not_recorded,IBCQ3VLSYSM54VGGYUFJW6TO,1,1,not_recorded,visibility=visible;status=available;sellable_quantity=1,not_recorded,0,synced,,website_projection_missing;kiosk_projection_not_recorded
1,connected,local-inventory-94180d39-f229-4d87-b359-01938385e48a,3e946be5-2177-4657-449b-6f518e519cf9,Brass Squire,PUG-A1872A42,removed,0,,not_recorded,MNXLWXCQ2GZV6A5LBOXAZY5I,0,0,not_recorded,visibility=hidden;status=removed;sellable_quantity=0,not_recorded,0,synced,,website_projection_missing;kiosk_projection_not_recorded
1,connected,local-inventory-1441602d-5844-40df-8d81-64fb85df7ff5,681a4b72-d767-6a90-5481-21aef9a10388,Scrap Trawler,PUG-5ABCC615,available,1,,not_recorded,BZD7DQBQ4BAQPZFPLJR6DOST,1,0,not_recorded,visibility=visible;status=available;sellable_quantity=1,not_recorded,0,no_sync_record,,website_projection_missing;square_count_mismatch;kiosk_projection_not_recorded
1,connected,local-inventory-19fc88a5-53fa-41c3-9740-fd6ef5e4da10,4dc885bd-ed0c-8536-f993-49d95c7d9ec6,Reckoner Bankbuster,PUG-DF222D49,removed,0,,not_recorded,XGDTZSMYCRD37T2Q3YIP2K4Z,0,0,not_recorded,visibility=hidden;status=removed;sellable_quantity=0,not_recorded,0,synced,,website_projection_missing;kiosk_projection_not_recorded
1,connected,local-inventory-1daa494e-6a4d-4b85-a14e-cb8d6334b497,75f8a8f3-c382-a656-c08b-362b24425e6e,Nihil Spellbomb,PUG-27A35769,removed,0,,not_recorded,SG2QZ4N5EPEOALD2D4X2BOXG,0,0,not_recorded,visibility=hidden;status=removed;sellable_quantity=0,not_recorded,0,synced,,website_projection_missing;kiosk_projection_not_recorded
1,connected,local-inventory-0b62e65d-ea77-4962-9ea9-75bb9c8d77f0,8bb57c9e-3933-7b4b-af52-b9e7b652d3b6,"Tatsumasa, the Dragon's Fang",PUG-CF7B82E1,removed,0,,not_recorded,S3QKOR7HD7ZULE3S6UEXRU3A,0,0,not_recorded,visibility=hidden;status=removed;sellable_quantity=0,not_recorded,0,synced,,website_projection_missing;kiosk_projection_not_recorded
1,connected,local-inventory-96c8ed48-c542-45f8-b9d4-e8c09ad2e8cb,a9e20be5-634c-86c1-10b0-f2e308a3bbb3,All Is Dust,PUG-A7498037,removed,0,,not_recorded,ZU5AC2UQ6QF262MK4I5B2MZ2,0,0,not_recorded,visibility=hidden;status=removed;sellable_quantity=0,not_recorded,0,synced,,website_projection_missing;kiosk_projection_not_recorded
1,connected,local-inventory-94e83d49-b96e-49fa-9269-bb9846d4b873,8080b81b-b7af-7cd3-3242-8c8eabb0d395,Arcbound Ravager,PUG-63C23D15,available,1,,not_recorded,MWXCZR2TQ5PX3XMBF4U3IDND,1,0,not_recorded,visibility=visible;status=available;sellable_quantity=1,not_recorded,0,no_sync_record,,website_projection_missing;square_count_mismatch;kiosk_projection_not_recorded
1,connected,local-inventory-c089f587-76bc-4981-aafb-27dd624808d3,5e556cee-1d13-9b73-c998-7ae30c187b53,Sunforger,PUG-43B274A5,removed,0,,not_recorded,J7ECVKHXMHOHFAGQK5VNVTGT,0,0,not_recorded,visibility=hidden;status=removed;sellable_quantity=0,not_recorded,0,synced,,website_projection_missing;kiosk_projection_not_recorded
1,connected,local-inventory-2e859dba-d4fb-43f2-b7da-987edbd9563c,b8e72309-191b-9f7e-e398-56f2dcc947b6,Talisman of Dominance,PUG-91283EE7,available,1,,not_recorded,WBRWVJJ6VUZJ6GT6ISCCD7KH,1,1,not_recorded,visibility=visible;status=available;sellable_quantity=1,not_recorded,0,no_sync_record,,website_projection_missing;kiosk_projection_not_recorded
1,connected,local-inventory-a71abd95-8b5d-4c9e-a5fb-a80340c064e7,1c825d6b-5580-c699-f0ce-571d2f48d183,Sunforger,PUG-2651FE2A,available,1,,not_recorded,HZBALANAVTTYUQY2T5KDUNFY,1,0,not_recorded,visibility=visible;status=available;sellable_quantity=1,not_recorded,0,synced,,website_projection_missing;square_count_mismatch;kiosk_projection_not_recorded
1,connected,local-inventory-7deb4c2a-8bd3-4590-8187-c64e4d433154,1d7f7ffb-dbef-d50b-d58a-2e5c9a9978bc,Devourer of Destiny,PUG-F79E9E5E,available,1,,not_recorded,INZ4CEQOIMCAUCRDVEJUZIEM,1,1,not_recorded,visibility=visible;status=available;sellable_quantity=1,not_recorded,0,synced,,website_projection_missing;kiosk_projection_not_recorded
1,connected,local-inventory-8432b032-5382-46f6-bcc9-7760d832d86d,d729ae92-78cb-e946-9840-6cc95b862929,Lodestone Bauble,PUG-82A76F661,available,1,,not_recorded,AEUUNQKFTVMDGRO2NUZ3Z4LK,1,0,not_recorded,visibility=visible;status=available;sellable_quantity=1,not_recorded,0,no_sync_record,,website_projection_missing;square_count_mismatch;kiosk_projection_not_recorded
1,connected,local-inventory-c8e1e67d-7a71-4199-96ef-c15b04830ad0,64745829-57df-e91c-b190-56d900e47ba7,Lodestone Bauble,PUG-82A76F662,available,1,,not_recorded,WXNBT5V2WWWDA5EH7A3UBCGX,1,0,not_recorded,visibility=visible;status=available;sellable_quantity=1,not_recorded,0,synced,,website_projection_missing;square_count_mismatch;kiosk_projection_not_recorded
1,connected,local-inventory-2f592a35-f434-4563-9c40-a073ace5ba9a,e39f9dda-0231-c75e-47ea-b2add4864914,Terisian Mindbreaker,PUG-7F0F5F1B,available,1,,not_recorded,274ACKQN6MC3CSF3AFDYJA2U,1,1,not_recorded,visibility=visible;status=available;sellable_quantity=1,not_recorded,0,synced,,website_projection_missing;kiosk_projection_not_recorded
1,connected,local-inventory-6bf744b2-3ec7-4058-acdb-d6375c23b2bd,cb173432-90a4-6718-a9aa-c1b9efe32b2d,Terisian Mindbreaker,PUG-7362414D,available,1,,not_recorded,DAZ3LBJMKDMQ2IX4TNYA4FE2,1,1,not_recorded,visibility=visible;status=available;sellable_quantity=1,not_recorded,0,synced,,website_projection_missing;kiosk_projection_not_recorded
1,connected,local-inventory-403b5f30-0051-4332-a840-190b9a89b132,b0f71e4e-e767-4ab0-e3da-98120cfa2ad7,Brass Squire,PUG-145FFA39,available,1,,not_recorded,4CGNWCU6MHCUFSVA7OVDSH2H,1,0,not_recorded,visibility=visible;status=available;sellable_quantity=1,not_recorded,0,synced,,website_projection_missing;square_count_mismatch;kiosk_projection_not_recorded
1,connected,local-inventory-6673296d-cb33-48b1-84bc-fe910a934d7b,c9c9321c-9d7e-d0f8-4d17-8e5062f27549,All Is Dust,PUG-0EE481E4,available,1,,not_recorded,OY57KIBHBVWAGLTAAPXVGZ5U,1,0,not_recorded,visibility=visible;status=available;sellable_quantity=1,not_recorded,0,synced,,website_projection_missing;square_count_mismatch;kiosk_projection_not_recorded
1,connected,local-inventory-32110878-c0a5-4d5d-9016-16db17ecc0e1,56742079-498c-f2a3-ac89-714771b55b0e,"Tatsumasa, the Dragon's Fang",PUG-91C8398C,available,1,,not_recorded,OIL6GZG7YUWGZKU2THKY5ML4,1,1,not_recorded,visibility=visible;status=available;sellable_quantity=1,not_recorded,0,synced,,website_projection_missing;kiosk_projection_not_recorded
1,connected,local-inventory-b2b3241a-bbe1-4a59-9e87-57ba66d49b32,6f0629ed-3197-e829-1203-aec83660e8e3,Nihil Spellbomb,PUG-9E6C0F75,available,1,,not_recorded,B4RGLXFTGGMKTL5ZD2OBKDET,1,1,not_recorded,visibility=visible;status=available;sellable_quantity=1,not_recorded,0,no_sync_record,,website_projection_missing;kiosk_projection_not_recorded
1,connected,local-inventory-34ffbb73-13c2-41f1-8c15-7a4e236cd67c,0402640a-56e6-e492-6b36-bd9d66a3bcf9,Reckoner Bankbuster,PUG-11526C2F,available,1,,not_recorded,FFJYW4CI2LZK42AOP67SYI6M,1,1,not_recorded,visibility=visible;status=available;sellable_quantity=1,not_recorded,0,no_sync_record,,website_projection_missing;kiosk_projection_not_recorded
1,connected,local-inventory-789513d3-3fb5-47ed-aa79-33e6f88a4e81,e604f701-e424-af4f-8304-0c5ba1fc3317,"Urtet, Remnant of Memnarch",PUG-5E2EE5DA,available,1,,not_recorded,7KDH2RSMMZFQ4JV5EYNGFMXF,1,0,not_recorded,visibility=visible;status=available;sellable_quantity=1,not_recorded,0,synced,,website_projection_missing;square_count_mismatch;kiosk_projection_not_recorded
1,connected,local-inventory-8ba223e7-d1a6-4604-8453-7aed51832d64,63e05de9-0ce5-7077-d3fd-229c787431f1,Elder Deep-Fiend,PUG-2793E4DC,available,1,,not_recorded,7G7AOZR6RLYV6DFHMZNEBHOF,1,1,not_recorded,visibility=visible;status=available;sellable_quantity=1,not_recorded,0,no_sync_record,,website_projection_missing;kiosk_projection_not_recorded
1,connected,local-inventory-4d0ac16a-be17-4bd2-8537-67247b9dbba6,9be50f32-73e5-90c3-a638-4c22c64b2876,Storage Matrix,PUG-AAFAC219,available,1,,not_recorded,DB5TDNVRB44YKLQ2UFLZELAJ,1,0,not_recorded,visibility=visible;status=available;sellable_quantity=1,not_recorded,0,synced,,website_projection_missing;square_count_mismatch;kiosk_projection_not_recorded
1,connected,local-inventory-e52354f4-780c-4805-a579-c54a6ba416ec,b81ff210-6a3a-75ba-ff46-61831795585e,Orzhov Signet,PUG-2809DBB5,available,1,,not_recorded,MPVOBZ7C4O7SHJEHMAFE73HG,1,0,not_recorded,visibility=visible;status=available;sellable_quantity=1,not_recorded,0,synced,,website_projection_missing;square_count_mismatch;kiosk_projection_not_recorded
1,connected,local-inventory-ec69d157-0977-4531-bef4-a9f3166fbbf9,df4c6238-e2f1-04c9-0b82-162525bb7c76,The Stone Brain,PUG-C9609914,available,1,,not_recorded,KMUPH5URBRKBMPV3EA5GMXTG,1,0,not_recorded,visibility=visible;status=available;sellable_quantity=1,not_recorded,0,synced,,website_projection_missing;square_count_mismatch;kiosk_projection_not_recorded
1,connected,local-inventory-72b6c8f1-ecbc-49e9-8b25-ba8d924d669b,5b3a5672-73ed-cc04-8e44-244d83b616d2,Arcbound Worker,PUG-C62E9299,available,1,,not_recorded,3GHQ4QZX5KS2IEQUVGPT3H45,1,0,not_recorded,visibility=visible;status=available;sellable_quantity=1,not_recorded,0,synced,,website_projection_missing;square_count_mismatch;kiosk_projection_not_recorded
1,connected,local-inventory-e41fe9a4-0468-442a-bbc6-65517fd4dd64,177478fc-ce4d-f7ea-f9aa-26cb9f87080f,Canoptek Tomb Sentinel,PUG-8103DBC9,available,1,,not_recorded,ET2PNZG2PCOMAAM55S3VRGPJ,1,0,not_recorded,visibility=visible;status=available;sellable_quantity=1,not_recorded,0,synced,,website_projection_missing;square_count_mismatch;kiosk_projection_not_recorded
1,connected,local-inventory-22f21783-c0e3-42ba-b6c0-539c139f932c,3f1cd27a-a851-acca-1c15-9ea95e7f425d,Animation Module,PUG-0447048F,available,1,,not_recorded,DFC6Y6NXVQY3EQYL3QPREVZF,1,0,not_recorded,visibility=visible;status=available;sellable_quantity=1,not_recorded,0,synced,,website_projection_missing;square_count_mismatch;kiosk_projection_not_recorded
1,connected,local-inventory-e0b67d01-b8b4-407a-9b03-5fe5988295aa,1d0265fa-f8c9-3f13-3db5-b43dc8592290,Phyrexian Fleshgorger,PUG-B3550B4D,available,2,,not_recorded,EXCS4NXBH6BC67EW4JDQSN4Q,2,2,not_recorded,visibility=visible;status=available;sellable_quantity=2,not_recorded,0,synced,,website_projection_missing;kiosk_projection_not_recorded
1,connected,local-inventory-d210e360-fbdb-4168-a04a-1ca10e1a7418,aeceb862-30f2-a943-56c0-1984cb1dc2ba,Get Lost,PUG-8308DCE4,available,1,,not_recorded,OZQSC2O6WEWAPGN4KCYQJRPA,1,1,not_recorded,visibility=visible;status=available;sellable_quantity=1,not_recorded,0,synced,,website_projection_missing;kiosk_projection_not_recorded
1,connected,local-inventory-d64b305e-24ef-46ca-943e-256ec729b5f4,5a093709-3c06-9f92-0cdc-f2026d26caee,"Pearl-Ear, Imperial Advisor",PUG-912878B8,available,1,,not_recorded,KIQDNH3VHWUGYF25KOPW3TQB,1,0,not_recorded,visibility=visible;status=available;sellable_quantity=1,not_recorded,0,synced,,website_projection_missing;square_count_mismatch;kiosk_projection_not_recorded
1,connected,local-inventory-bda2f493-7d2d-4b7a-bb0f-c32bb5ca5ea1,09d7cd9d-709d-1a95-e6c6-ad595ef3ac62,Simic Signet,PUG-ACC69045,available,1,,not_recorded,MBQFL65QCUSOLVB2CG3WWGHO,1,0,not_recorded,visibility=visible;status=available;sellable_quantity=1,not_recorded,0,synced,,website_projection_missing;square_count_mismatch;kiosk_projection_not_recorded
1,connected,local-inventory-b9c9d1cf-37d9-41c1-818c-ef9dad2675f2,066574a4-2d9a-b12d-82ba-20a0085351f3,"Fblthp, the Lost",PUG-BFAB1BDD,available,1,,not_recorded,IRHNEH5BFIPQLHMMGIZXEFSN,1,0,not_recorded,visibility=visible;status=available;sellable_quantity=1,not_recorded,0,synced,,website_projection_missing;square_count_mismatch;kiosk_projection_not_recorded
1,connected,local-inventory-8b13a0e7-538b-48a4-a8ad-e67da56c8055,7c737df5-05e3-5fc7-8943-0615496ee107,Molten Collapse,PUG-092AD3CB,available,1,,not_recorded,2I5HWVXHSO55TGSJO6VW3SJU,1,0,not_recorded,visibility=visible;status=available;sellable_quantity=1,not_recorded,0,no_sync_record,,website_projection_missing;square_count_mismatch;kiosk_projection_not_recorded
1,connected,local-inventory-03c14935-1f14-4f86-b21c-f6d1a06da9ba,2e6a8811-a3b8-bb7b-8044-d594527b98d0,"Muldrotha, the Gravetide",PUG-806D06EA,available,1,,not_recorded,OLWM4OPODWYVF535JFFVXATD,1,0,not_recorded,visibility=visible;status=available;sellable_quantity=1,not_recorded,0,synced,,website_projection_missing;square_count_mismatch;kiosk_projection_not_recorded
1,connected,local-inventory-68cefa8d-f9be-4720-aab2-146f7ca82098,605700b0-b02e-56a9-d893-329cb0c89079,Wayfarer's Bauble,PUG-09A4599A,available,1,,not_recorded,6EQ7RLVT34JN2ARKJ7P6OP7E,1,0,not_recorded,visibility=visible;status=available;sellable_quantity=1,not_recorded,0,no_sync_record,,website_projection_missing;square_count_mismatch;kiosk_projection_not_recorded
1,connected,local-inventory-081c100d-a96c-408b-92a7-31ee3252f57a,9b4323bc-d8ed-f065-9e39-4c4b08d662eb,Vengeful Bloodwitch,PUG-CE693E80,available,1,,not_recorded,LHK2O6NWRADEQCB2FDO3IRJE,1,1,not_recorded,visibility=visible;status=available;sellable_quantity=1,not_recorded,0,synced,,website_projection_missing;kiosk_projection_not_recorded
1,connected,local-inventory-025da02a-a185-4198-9a1b-bea5845fea2c,2cc5720a-e0cc-a16c-c1ac-8423a7d0e862,Canoptek Wraith,PUG-9B811E1D,available,1,,not_recorded,I2OTG53IRBV65KULI2C6PYVN,1,1,not_recorded,visibility=visible;status=available;sellable_quantity=1,not_recorded,0,synced,,website_projection_missing;kiosk_projection_not_recorded
1,connected,local-inventory-24f7ac07-cddb-4a34-b4b3-6bdfef708fa7,062c79ab-879c-dcce-e9bd-40073f905ff7,"Gev, Scaled Scorch",PUG-E4DB75EB,available,1,,not_recorded,S6XGCZYJHDU7IMWPQNOFWEKF,1,0,not_recorded,visibility=visible;status=available;sellable_quantity=1,not_recorded,0,synced,,website_projection_missing;square_count_mismatch;kiosk_projection_not_recorded
1,connected,local-inventory-7bea7799-f993-4f73-824c-d41a7d91bcb6,787a1ce8-384b-64ed-cae1-9209b20b8abc,Vexing Bauble,PUG-7DFA73BC,available,1,,not_recorded,WSTQOVTTA63YE2VBDN3AJHAM,1,0,not_recorded,visibility=visible;status=available;sellable_quantity=1,not_recorded,0,no_sync_record,,website_projection_missing;square_count_mismatch;kiosk_projection_not_recorded
1,connected,local-inventory-bdb1a87f-9a55-4e0e-bc88-ad26fbbae225,15562619-8c33-d7d7-b66e-3e21fd05f0c8,Cleffa,PUG-3A5076EA,available,1,,not_recorded,R6273TU4DM55Z2K6PA5C5AVU,1,1,not_recorded,visibility=visible;status=available;sellable_quantity=1,not_recorded,0,synced,,website_projection_missing;kiosk_projection_not_recorded
1,connected,local-inventory-b8429f33-3e46-4ca7-a7a2-0997e8cf9e22,a6ff397c-88ef-5d85-f91d-f245f20634f1,Citanul Flute,PUG-771A595D,available,1,,not_recorded,7FGSMSLA5NWI4DODALYXFLLW,1,0,not_recorded,visibility=visible;status=available;sellable_quantity=1,not_recorded,0,synced,,website_projection_missing;square_count_mismatch;kiosk_projection_not_recorded
1,connected,local-inventory-60d11f62-9921-4e1d-9267-d9a7ea616ccb,bf45648b-5226-07af-a514-c42dbd0a193a,Black Vise,PUG-98E4E2F9,available,1,,not_recorded,5YJBJSXQZVAJXYIMPLR2BMRW,1,0,not_recorded,visibility=visible;status=available;sellable_quantity=1,not_recorded,0,synced,,website_projection_missing;square_count_mismatch;kiosk_projection_not_recorded
1,connected,local-inventory-c6c3c4f8-74e1-4d4d-a3bc-640c5a2f9adc,286c21df-17c2-cf35-27a9-4c3950cd27e9,Phyrexian Fleshgorger,PUG-EC71F7C8,available,1,,not_recorded,KUP6CBBFWRRI32XLFC6JUYXV,1,0,not_recorded,visibility=visible;status=available;sellable_quantity=1,not_recorded,0,synced,,website_projection_missing;square_count_mismatch;kiosk_projection_not_recorded
1,connected,local-inventory-2c50e162-d6e7-4fd4-a4f1-daf5f4146ddb,c89ad437-e11c-87c1-2a95-508b324660f6,Omniscience,PUG-104F5F0F,available,1,,not_recorded,7TSMGEN65HT7HHKEP5HBSQIW,1,1,not_recorded,visibility=visible;status=available;sellable_quantity=1,not_recorded,0,synced,,website_projection_missing;kiosk_projection_not_recorded
1,connected,local-inventory-aaf131b9-f412-4279-973b-8016cf3f44bc,67e761c5-0886-05cf-deb4-db861e582c6c,Banner of Kinship,PUG-B35E1A5C,available,1,status=available;quantity=1;online=visible;kiosk=visible,not_recorded,UNID6LSW6I4HB7ZVO6BPBGSK,1,1,not_recorded,visibility=visible;status=available;sellable_quantity=1,not_recorded,0,synced,,kiosk_projection_not_recorded
1,connected,local-inventory-ba9a8643-0b9d-456a-b9c4-9c648319d9a3,3627e9bd-c507-1d0e-9ccb-2fac457f28b0,Banner of Kinship,PUG-BC9D30F1,available,1,,not_recorded,K2L5VCRNSPTGUJCL7O7W5GUE,1,1,not_recorded,visibility=visible;status=available;sellable_quantity=1,not_recorded,0,synced,,website_projection_missing;kiosk_projection_not_recorded
1,connected,local-inventory-50e85209-8f52-4476-baa6-476ee7ea01b7,48b28b63-5c26-a344-72a8-1e51ed1fe262,Scrawling Crawler,PUG-7A8C5BF11,available,1,,not_recorded,3KBCLNUKWU26K4ORP4AW5LNU,1,0,not_recorded,visibility=visible;status=available;sellable_quantity=1,not_recorded,0,synced,,website_projection_missing;square_count_mismatch;kiosk_projection_not_recorded
1,connected,local-inventory-b65f6769-9a1a-4fe0-be0c-24bb98d1b54b,ecf9e1f7-1f67-8b96-60c8-dd002e8a7bb2,Scrawling Crawler,PUG-7A8C5BF12,available,1,,not_recorded,VDPBPW75EXVFII6AYEEQKX7H,1,1,not_recorded,visibility=visible;status=available;sellable_quantity=1,not_recorded,0,no_sync_record,,website_projection_missing;kiosk_projection_not_recorded
1,connected,local-inventory-9b871912-5c11-4109-92aa-8240212bc85f,c2c613b5-fb1e-0e24-ba59-ae2fbf7ce632,Scrawling Crawler,PUG-735F1008,available,1,,not_recorded,RXTION453JBWYCV47J5PQ52Q,1,1,not_recorded,visibility=visible;status=available;sellable_quantity=1,not_recorded,0,synced,,website_projection_missing;kiosk_projection_not_recorded
1,connected,local-inventory-850dad4b-8bbc-4275-a330-848673b8dcaa,39fcf9ba-dbf8-c59e-a53c-e2fcccddd114,Exemplar of Light,PUG-0C9F3CAA,available,1,,not_recorded,HQH4U2RV63OFIAJ3MW5Z4443,1,0,not_recorded,visibility=visible;status=available;sellable_quantity=1,not_recorded,0,synced,,website_projection_missing;square_count_mismatch;kiosk_projection_not_recorded
1,connected,local-inventory-6755aedc-ae64-459a-b820-ca5fd119f96a,2ee15cce-e8d3-dfb8-39a6-3c5ba4a6f5a6,Exemplar of Light,PUG-20E2A7231,available,1,,not_recorded,M6WAX3RLLBNKO2MCZIGEWPH3,1,1,not_recorded,visibility=visible;status=available;sellable_quantity=1,not_recorded,0,synced,,website_projection_missing;kiosk_projection_not_recorded
1,connected,local-inventory-e87970d1-753f-415b-8517-e8c3dc9baf88,9ffadf01-7d7d-7210-1920-68c3a42daaba,Exemplar of Light,PUG-20E2A7232,available,1,,not_recorded,FSFICS2JFXQDIACDWVPIQAGD,1,1,not_recorded,visibility=visible;status=available;sellable_quantity=1,not_recorded,0,synced,,website_projection_missing;kiosk_projection_not_recorded
1,connected,local-inventory-058d1f9e-7ab4-4f3a-a290-8f071df5fe09,78eca81b-db0a-6fdd-e5a2-1fccf562c2d6,Celebr-8000,PUG-A914F286,available,1,,not_recorded,3WWVVFY2ZI52SVKKL2CKMCKT,1,1,not_recorded,visibility=visible;status=available;sellable_quantity=1,not_recorded,0,no_sync_record,,website_projection_missing;kiosk_projection_not_recorded
1,connected,local-inventory-0f7b83db-5c29-48ec-888d-e8c4c860c394,03f1b125-d63b-5f2b-1ec2-e43a32accfc5,Lux Cannon,PUG-B3B68544,available,1,,not_recorded,H45ZOCNDW66I44BINBL44KFP,1,0,not_recorded,visibility=visible;status=available;sellable_quantity=1,not_recorded,0,no_sync_record,,website_projection_missing;square_count_mismatch;kiosk_projection_not_recorded
1,connected,local-inventory-148cf8e3-dee4-4580-8dab-4279f9f4b4d6,2cd3cc4e-80f8-5c6b-d812-b922e900bc50,Aegislash,PUG-32D41471,available,1,,not_recorded,F2ZLUCPNXYSZ6ZCA7NV5R2KD,1,0,not_recorded,visibility=visible;status=available;sellable_quantity=1,not_recorded,0,synced,,website_projection_missing;square_count_mismatch;kiosk_projection_not_recorded
1,connected,local-inventory-71abf749-3ce8-4eda-bd64-5bb018f0e66d,f8bb7ee2-d79f-e771-af38-be11b3903b82,Counterspell,PUG-E3867D33,available,1,,not_recorded,ED442SJPAGYNCZ2SQMHASVQ2,1,0,not_recorded,visibility=visible;status=available;sellable_quantity=1,not_recorded,0,synced,,website_projection_missing;square_count_mismatch;kiosk_projection_not_recorded
1,connected,local-inventory-5f685b2d-3eb3-4528-99f3-7195063dd65f,17d0ee37-368d-dd87-8195-3857384ea29d,Quilled Greatwurm,PUG-63D416C4,available,1,,not_recorded,ZDCR2D5L4ASK2UNTZONVWVUI,1,1,not_recorded,visibility=visible;status=available;sellable_quantity=1,not_recorded,0,synced,,website_projection_missing;kiosk_projection_not_recorded
1,connected,local-inventory-dbfd2825-6f3d-461f-96b3-b03ea1858f72,29e84515-7d88-c16f-4606-5279477b9242,Canoptek Wraith,PUG-AB17E1A3,available,1,,not_recorded,JSTRWYDGO5ZCRNQ3KDEFYOQT,1,0,not_recorded,visibility=visible;status=available;sellable_quantity=1,not_recorded,0,no_sync_record,,website_projection_missing;square_count_mismatch;kiosk_projection_not_recorded
1,connected,local-inventory-791a2b16-0f61-44b7-84bd-8cf0d1a52ce7,73dfa600-0839-7a5b-5e57-3c8c48703176,Nature's Will,PUG-DC6CDAAE,available,1,,not_recorded,QQ2WUIXPAVPU55P4ZWTJNG6S,1,1,not_recorded,visibility=visible;status=available;sellable_quantity=1,not_recorded,0,no_sync_record,,website_projection_missing;kiosk_projection_not_recorded
1,connected,local-inventory-d50de981-afed-490a-baa4-47e70894902a,28ded808-faca-3fa6-6f0f-c405672ca82a,Nature's Will,PUG-C3095EC9,available,1,,not_recorded,VMQF6AJRNZNLZ3GTJESK5KJN,1,0,not_recorded,visibility=visible;status=available;sellable_quantity=1,not_recorded,0,no_sync_record,,website_projection_missing;square_count_mismatch;kiosk_projection_not_recorded
1,connected,local-inventory-b4aa8f2e-36b1-4fb1-8bf8-da0bb9aa5846,c2e3f94e-e63a-4613-8070-6d3465f3fad7,Power Matrix,PUG-482BD8CA,available,1,,not_recorded,BF2XIMP2LOEBQKPXIS4Y52C3,1,0,not_recorded,visibility=visible;status=available;sellable_quantity=1,not_recorded,0,no_sync_record,,website_projection_missing;square_count_mismatch;kiosk_projection_not_recorded
1,connected,local-inventory-eb050c99-b52b-4068-abb1-94361d59e8a4,3c4396fd-229a-498a-ddc9-4e6a84c30f4a,Arcbound Worker,PUG-F600F05A,available,1,,not_recorded,MNOCLQRMKTFAHXQGHD3XNPPD,1,0,not_recorded,visibility=visible;status=available;sellable_quantity=1,not_recorded,0,no_sync_record,,website_projection_missing;square_count_mismatch;kiosk_projection_not_recorded
1,connected,local-inventory-d8f592ae-5cd9-4b24-9afc-7f14a8ae7db2,224822bf-c8e0-eed8-1e6d-738540cf0f86,Kami of Whispered Hopes,PUG-F0872624,available,1,,not_recorded,AKINBFHJU2M7I7ALPQDSVBBZ,1,1,not_recorded,visibility=visible;status=available;sellable_quantity=1,not_recorded,0,synced,,website_projection_missing;kiosk_projection_not_recorded
1,connected,local-inventory-54123d8d-d0ef-47d7-a6e7-87e910b370ea,5b79d9a9-19d0-a1f0-2ef8-e7deb9321186,High Fae Trickster,PUG-1AC13B72,removed,0,,not_recorded,754MLTM5NIA2XVYOQ3SH5C3L,0,0,not_recorded,visibility=hidden;status=removed;sellable_quantity=0,not_recorded,0,synced,,website_projection_missing;kiosk_projection_not_recorded
1,connected,local-inventory-0f29ffc4-893e-49a4-8c39-f65e1178f5ab,604d9f75-f756-4416-cc95-0aad7eee3731,High Fae Trickster,PUG-7C6C6D54,removed,0,,not_recorded,XMGZMC53YJBYRNTPOOG7YEES,0,0,not_recorded,visibility=visible;status=removed;sellable_quantity=0,not_recorded,0,synced,,website_projection_missing;kiosk_projection_not_recorded
1,connected,local-inventory-79905ded-4b7f-445f-b364-40431d73ceeb,27fa55c2-10ef-818b-e183-3b7c3b374057,High Fae Trickster,PUG-8A24D809,available,1,,not_recorded,MRDDA5AH24BAUYED7KUUWMNB,1,0,not_recorded,visibility=visible;status=available;sellable_quantity=1,not_recorded,0,synced,,website_projection_missing;square_count_mismatch;kiosk_projection_not_recorded
1,connected,local-inventory-627be2e4-03ee-4a7e-af9d-14b205c664b0,73e4750a-7505-e83d-a813-90782acfdf09,Mossborn Hydra,PUG-79B626FD,available,1,,not_recorded,QNZR2GZUPW3Z4TEHM5DKWYY4,1,1,not_recorded,visibility=visible;status=available;sellable_quantity=1,not_recorded,0,synced,,website_projection_missing;kiosk_projection_not_recorded
1,connected,local-inventory-1e3786b4-fd19-4862-9625-b697c1daf25b,6c9ccc6d-c37f-c496-2930-f431a4129ca0,Rise of the Dark Realms,PUG-B5BD5E52,available,1,,not_recorded,UHKMSYE4RZECNKSKZF2R366I,1,1,not_recorded,visibility=visible;status=available;sellable_quantity=1,not_recorded,0,synced,,website_projection_missing;kiosk_projection_not_recorded
1,connected,local-inventory-0abce515-1df8-4503-ae79-67d993b92a96,1024cb9e-ae82-3e33-53b3-a600c6a3e2ab,Final Showdown,PUG-DE23CB93,available,1,,not_recorded,NLPEAH7TMYJW2SZWQHRR2G56,1,0,not_recorded,visibility=visible;status=available;sellable_quantity=1,not_recorded,0,synced,,website_projection_missing;square_count_mismatch;kiosk_projection_not_recorded
1,connected,local-inventory-a22301d9-14a5-48fc-be8a-0d0834a407b2,1c29e394-4c32-58e6-7ce2-c485bbee46f1,Magewright's Stone,PUG-70628858,available,1,,not_recorded,ZKKF4GKEAJJX66ZSW5JU5L6Z,1,0,not_recorded,visibility=visible;status=available;sellable_quantity=1,not_recorded,0,synced,,website_projection_missing;square_count_mismatch;kiosk_projection_not_recorded
1,connected,local-inventory-1776d4b1-9615-4a03-852b-9053f15de61e,f7b9741d-9828-c191-7d5e-83b06b05cabb,Ledger Shredder,PUG-0748364C,available,1,,not_recorded,MZMELIF7FAJ3OIDP6P5JAE6D,1,0,not_recorded,visibility=visible;status=available;sellable_quantity=1,not_recorded,0,synced,,website_projection_missing;square_count_mismatch;kiosk_projection_not_recorded
1,connected,local-inventory-0bba41df-0c29-4fe9-b8da-a89faa41927a,c1f6777d-e2d5-5041-d5f6-9e43efaa70a5,Defense Grid,PUG-E94C14E4,available,1,,not_recorded,OUUXKXHYAMFVBQOQFQBL3LVA,1,1,not_recorded,visibility=visible;status=available;sellable_quantity=1,not_recorded,0,no_sync_record,,website_projection_missing;kiosk_projection_not_recorded
1,connected,local-inventory-f3fb9b0a-fbb4-44e5-8d4e-43bfe71edc38,bd11dbe3-2602-898b-a5a4-cf995eccfcf7,Defense of the Heart,PUG-7F9B2FCB,available,1,,not_recorded,BQBXD2YYV2I4QUDOBOVEK2LU,1,1,not_recorded,visibility=visible;status=available;sellable_quantity=1,not_recorded,0,synced,,website_projection_missing;kiosk_projection_not_recorded
1,connected,local-inventory-942877f1-4b52-49f0-b334-166990647be3,bc04f142-0632-ac0f-91f0-572c9074d11d,Cultivator Colossus,PUG-C7058258,available,1,,not_recorded,SZ2URS5VXTDKEOQX5MSA43MS,1,0,not_recorded,visibility=visible;status=available;sellable_quantity=1,not_recorded,0,synced,,website_projection_missing;square_count_mismatch;kiosk_projection_not_recorded
1,connected,local-inventory-f9972aca-94f5-400b-92c9-9b851de0cd99,b9b632fd-a867-18a2-e2cd-577077511154,Three Tree City,PUG-7DA09641,removed,0,,not_recorded,M2HUJEX6EH4USIBEDWZXV67X,0,0,not_recorded,visibility=hidden;status=removed;sellable_quantity=0,not_recorded,0,synced,,website_projection_missing;kiosk_projection_not_recorded
1,connected,local-inventory-b6e69ebe-71e8-404b-b588-afb0744907db,6241ae4a-c769-249b-60d5-d70f98d6761e,Three Tree City,PUG-DE35EE09,available,1,,not_recorded,76ZP2HJDLXYVXZZXWXQJXSWQ,1,1,not_recorded,visibility=visible;status=available;sellable_quantity=1,not_recorded,0,synced,,website_projection_missing;kiosk_projection_not_recorded
1,connected,local-inventory-ccc1e07e-15a0-4c0e-a658-05be5c71c6eb,9377b785-e8e5-3523-490e-27b24e70b4c5,Numel,PUG-8009DB93,available,1,,not_recorded,ZBALAGUUXFACB6ESLHSMKJ2P,1,1,not_recorded,visibility=visible;status=available;sellable_quantity=1,not_recorded,0,synced,,website_projection_missing;kiosk_projection_not_recorded
1,connected,local-inventory-89ef68c4-9e4f-4433-bfa4-bead2f320a7c,,Rotom,PUG-71ADB414,pending_intake,1,,not_recorded,VGRWRUJUSB6UEHA7N7NI4YXF,0,0,not_recorded,visibility=visible;status=pending_intake;sellable_quantity=0,not_recorded,0,pending:operation_queue,,website_projection_missing;kiosk_projection_not_recorded
1,connected,local-inventory-506367c8-33aa-4542-bc4d-54ef04af33dc,ae17386e-d617-b39e-4ce6-d413c08b84c4,Rotom,PUG-1DF0FCB3,available,1,,not_recorded,FBFBDFFRKC3OU2RBUELSGCS4,1,1,not_recorded,visibility=visible;status=available;sellable_quantity=1,not_recorded,0,synced,,website_projection_missing;kiosk_projection_not_recorded
1,connected,local-inventory-5fd5e197-2a14-4aa5-8512-ba2082b5f688,16e81076-d8ce-ea4e-89da-b5949644efde,Cornerstone Mask Ogerpon ex,PUG-A0735D25,available,1,,not_recorded,VSQQXMZNDVSNRSXB5M2SR6NO,1,1,not_recorded,visibility=visible;status=available;sellable_quantity=1,not_recorded,0,no_sync_record,,website_projection_missing;kiosk_projection_not_recorded
1,connected,local-inventory-cebc3aa5-9e26-4d75-9631-34751485f399,09eafb72-efbd-1786-b23f-c4f14c337eca,Spiritomb,PUG-CA74BB41,available,1,,not_recorded,DH7HQPLVCWTVF4BSJWZGK4VK,1,0,not_recorded,visibility=visible;status=available;sellable_quantity=1,not_recorded,0,synced,,website_projection_missing;square_count_mismatch;kiosk_projection_not_recorded
1,connected,local-inventory-1b61457b-381f-4c28-92d5-5f88453612f3,03b7b36a-c637-b2d7-50fe-eabf855de8b8,Weavile,PUG-B88984D4,removed,0,,not_recorded,U4QLTAR7GOJLOWW5CFV4JX4V,0,0,not_recorded,visibility=visible;status=removed;sellable_quantity=0,not_recorded,0,synced,,website_projection_missing;kiosk_projection_not_recorded
1,connected,local-inventory-3fabea06-676d-48a9-a344-c706043f7d5c,91270365-0bf7-5554-6bdf-c11586ce4fbe,Weavile,PUG-89F6F28C,available,1,,not_recorded,G75BY4GZQP7TTR2KE5SDAHTV,1,0,not_recorded,visibility=visible;status=available;sellable_quantity=1,not_recorded,0,no_sync_record,,website_projection_missing;square_count_mismatch;kiosk_projection_not_recorded
1,connected,local-inventory-f31e2ebb-5775-4f4a-9871-b12c93f94a4c,9844afcb-f26f-59eb-3d56-6ad5933dd569,Charcadet,PUG-B36E8272,available,1,,not_recorded,EYWBPAKTYLANKDIQSYUG33AI,1,0,not_recorded,visibility=visible;status=available;sellable_quantity=1,not_recorded,0,synced,,website_projection_missing;square_count_mismatch;kiosk_projection_not_recorded
1,connected,local-inventory-12880c79-96a5-4fec-ae5e-a5982ddcf529,b2ad3c77-6ea8-d90e-0f68-94eea7e47613,Marshadow,PUG-71E53544,available,1,,not_recorded,42NAQPGNATGXFJPVYTSY2QA7,1,1,not_recorded,visibility=visible;status=available;sellable_quantity=1,not_recorded,0,synced,,website_projection_missing;kiosk_projection_not_recorded
1,connected,local-inventory-3b85e1ae-1e6e-4681-b331-3579f330a910,78861466-a89e-9fb1-83f2-06dcc2991e9f,Landorus,PUG-87BA85B4,available,1,,not_recorded,W5DDN2PMURZRAATOAFA774G3,1,0,not_recorded,visibility=visible;status=available;sellable_quantity=1,not_recorded,0,synced,,website_projection_missing;square_count_mismatch;kiosk_projection_not_recorded
1,connected,local-inventory-83f7f9b7-cb59-46bd-831b-b3349d60341b,d43f983d-1bef-a314-c0cf-1bd30d2bf7cb,Flygon,PUG-AA2811FF,available,1,,not_recorded,W4XJ4JCXMB66W32QCJ7673T4,1,1,not_recorded,visibility=visible;status=available;sellable_quantity=1,not_recorded,0,synced,,website_projection_missing;kiosk_projection_not_recorded
1,connected,local-inventory-9316504e-1e6b-4602-a183-2dcff7651c42,ab75d80f-d163-0408-b4d8-782f645f68ca,Hydrapple,PUG-FED1DC5F,available,1,,not_recorded,Q7WR6EQH3PWPHHIP3V3AC64R,1,1,not_recorded,visibility=visible;status=available;sellable_quantity=1,not_recorded,0,synced,,website_projection_missing;kiosk_projection_not_recorded
1,connected,local-inventory-d9c43184-09b8-45b7-964b-d2420c62312a,000f6181-f437-fd19-bf5d-f842b052cbe7,Inteleon,PUG-45819414,available,1,,not_recorded,2PIHEXFZVW4OFWQCVJUTRQ2E,1,0,not_recorded,visibility=visible;status=available;sellable_quantity=1,not_recorded,0,synced,,website_projection_missing;square_count_mismatch;kiosk_projection_not_recorded
1,connected,local-inventory-2722ccb9-84d6-4998-9134-3cb18d7eb1bc,fcdf071b-02e6-df91-6182-26f822d5c057,Frogadier,PUG-CC003402,available,1,,not_recorded,KPL7UAK75KRTVMGFPBOLU3J2,1,1,not_recorded,visibility=visible;status=available;sellable_quantity=1,not_recorded,0,synced,,website_projection_missing;kiosk_projection_not_recorded
1,connected,local-inventory-b8a5d5ac-881e-457c-9803-0a12df6ebd0b,017d9e67-f98a-b4ae-e4a2-c51b14bb0766,Shiinotic,PUG-B3A23B04,available,1,,not_recorded,HNF56MHDXSWXFPDGC3OQW3VT,1,0,not_recorded,visibility=visible;status=available;sellable_quantity=1,not_recorded,0,synced,,website_projection_missing;square_count_mismatch;kiosk_projection_not_recorded
1,connected,local-inventory-8f106389-d358-45d7-8f85-d4dab953ba51,9516527b-b07a-d1d2-13e9-87c870827086,"Gisa, the Hellraiser",PUG-9AB175CD,removed,0,,not_recorded,SWOCMPTW2SO3ZTZEFOC3AYZG,0,0,not_recorded,visibility=hidden;status=removed;sellable_quantity=0,not_recorded,0,synced,,website_projection_missing;kiosk_projection_not_recorded
1,connected,local-inventory-49d5e220-ee52-4f1e-8935-b145d6355065,823134a7-ba29-3ed4-fff0-c139098c5fe1,"Gisa, the Hellraiser",PUG-EF41FD8B,available,1,,not_recorded,4R3OJ5LUZBCMBPCLMYKICZDD,1,0,not_recorded,visibility=visible;status=available;sellable_quantity=1,not_recorded,0,synced,,website_projection_missing;square_count_mismatch;kiosk_projection_not_recorded
1,connected,local-inventory-c4056f48-d8ff-459f-b5f5-ed7546e2b6cd,e82a17b5-7ce9-881c-1a10-822a39eae592,"Narset, Enlightened Exile",PUG-8682890B,removed,0,,not_recorded,OTJQOLRM3VBVFWZZ5JKYBRN6,0,0,not_recorded,visibility=hidden;status=removed;sellable_quantity=0,not_recorded,0,synced,,website_projection_missing;kiosk_projection_not_recorded
1,connected,local-inventory-f9c107b2-ee4c-4e1f-9d84-b7ea1b29a2c2,2f57d5c7-b51c-4f46-6756-619782101b95,"Narset, Enlightened Exile",PUG-8EA208C4,removed,0,,not_recorded,YMAH2HJA3S3KLN7OKHVKGZGF,0,0,not_recorded,visibility=hidden;status=removed;sellable_quantity=0,not_recorded,0,synced,,website_projection_missing;kiosk_projection_not_recorded
1,connected,local-inventory-bb40509c-a146-4cb7-9261-d526b3515339,60d3274f-bfa4-e519-ca50-bb1f8e2b2797,"Apple of Eden, Isu Relic",PUG-63528FF9,available,1,,not_recorded,R6WVATTIYVGHIKN3WNNADRVA,1,0,not_recorded,visibility=visible;status=available;sellable_quantity=1,not_recorded,0,synced,,website_projection_missing;square_count_mismatch;kiosk_projection_not_recorded
1,connected,local-inventory-60124601-a242-4c6a-849b-59395afff2ca,0f1cb3c9-5d37-bd38-2e71-08a2c9575bb3,Tendrils of Agony,PUG-9F7E920E,available,1,,not_recorded,WEEZW27GVPKYM4ZL5GQUAUMJ,1,0,not_recorded,visibility=visible;status=available;sellable_quantity=1,not_recorded,0,synced,,website_projection_missing;square_count_mismatch;kiosk_projection_not_recorded
1,connected,local-inventory-560b7925-257e-4f33-961b-cf27e983f95f,50edfc00-9036-da87-ec6e-8c63d56770f6,Lurrus of the Dream-Den,PUG-EE346DEE,available,1,,not_recorded,6RWJBOWXFY5DC5M5C2SSYENE,1,0,not_recorded,visibility=visible;status=available;sellable_quantity=1,not_recorded,0,synced,,website_projection_missing;square_count_mismatch;kiosk_projection_not_recorded
1,connected,local-inventory-7ed2b737-de56-4625-8ca4-6eb1f372357b,70d2728d-7d5d-9700-194e-b0a9d7ef0215,"Optimus Prime, Hero // Optimus Prime, Autobot Leader",PUG-D24C274F,available,1,,not_recorded,T6IFCHNIBWKZGM3GI4UOJYHD,1,1,not_recorded,visibility=visible;status=available;sellable_quantity=1,not_recorded,0,synced,,website_projection_missing;kiosk_projection_not_recorded
1,connected,local-inventory-8a655ed9-02d7-4736-bece-a51fdcfc0914,f3dfc032-f04a-dfb7-cb13-2960134034ba,"Optimus Prime, Hero // Optimus Prime, Autobot Leader",PUG-7445F971,available,1,,not_recorded,7M7B2YAWTNBAZ4VVKZHRJC55,1,1,not_recorded,visibility=visible;status=available;sellable_quantity=1,not_recorded,0,synced,,website_projection_missing;kiosk_projection_not_recorded
1,connected,local-inventory-8c186902-5df7-40c7-95d9-37d2c0634494,16c2f4e0-5a6c-f321-9787-4b1bb81a8514,"Kura, the Boundless Sky",PUG-A468D5F7,available,1,,not_recorded,RCOCSRH3C2SP2ICKPPABN2JH,1,1,not_recorded,visibility=visible;status=available;sellable_quantity=1,not_recorded,0,no_sync_record,,website_projection_missing;kiosk_projection_not_recorded
1,connected,local-inventory-f59cfeff-6cf1-4963-ab6f-3f323a9eae72,a187bd4f-80dc-62f6-7a80-b4dd003b5934,"Kairi, the Swirling Sky",PUG-BA76DD03,available,1,,not_recorded,4RKWYWDKNPXQSGJ6QAOIIFV5,1,0,not_recorded,visibility=visible;status=available;sellable_quantity=1,not_recorded,0,synced,,website_projection_missing;square_count_mismatch;kiosk_projection_not_recorded
1,connected,local-inventory-7693481d-bf7f-45af-8d8c-69e3d7e5f922,9c7208ec-9dd1-ef3b-536d-2ed6ab912348,Gift of Estates,PUG-F476839A,available,1,,not_recorded,IWX6G7DG2N4Z6FLUXHZLC3HI,1,1,not_recorded,visibility=visible;status=available;sellable_quantity=1,not_recorded,0,synced,,website_projection_missing;kiosk_projection_not_recorded
1,connected,local-inventory-d6f5b93f-807d-4c31-80e8-afb1f84cb8b5,9b6e83de-9f3b-5d1e-bcf9-c6eda508d816,Tooth and Nail,PUG-4AB7932F,available,1,,not_recorded,UR562T23CYL73B3IK53JOFFK,1,0,not_recorded,visibility=visible;status=available;sellable_quantity=1,not_recorded,0,synced,,website_projection_missing;square_count_mismatch;kiosk_projection_not_recorded
1,connected,local-inventory-d701fe53-6a4c-4d7e-987a-aba20f9311dd,b87ba2d7-1dee-c3cb-20de-5d064e05c9f1,Mockingbird,PUG-A61CB784,available,1,,not_recorded,SE52WCOV2HCU75XPBHTQMK2Q,1,0,not_recorded,visibility=visible;status=available;sellable_quantity=1,not_recorded,0,synced,,website_projection_missing;square_count_mismatch;kiosk_projection_not_recorded
1,connected,local-inventory-e2e27ef7-4580-434a-8b73-76f655896d04,28806e4e-4f89-e07a-8c97-90ce00cd578a,"Freyalise, Llanowar's Fury",PUG-7C625D7E,available,1,,not_recorded,5GIAPUKLB63ITBPMLNG26GBG,1,1,not_recorded,visibility=visible;status=available;sellable_quantity=1,not_recorded,0,no_sync_record,,website_projection_missing;kiosk_projection_not_recorded
1,connected,local-inventory-7eb15fac-aa0c-4d36-8d4e-65046579369f,cf061cb0-7f69-82cc-d533-c9936d72500e,Archangel Elspeth,PUG-0DCF1B96,available,1,,not_recorded,F457T7COOC3QKYLDDOVGJQCQ,1,0,not_recorded,visibility=visible;status=available;sellable_quantity=1,not_recorded,0,synced,,website_projection_missing;square_count_mismatch;kiosk_projection_not_recorded
1,connected,local-inventory-d00bad7e-caf8-499d-a905-232f5d1ac262,850ad3f4-0d6f-f95c-c200-f11ee3feb635,"Sokenzan, Crucible of Defiance",PUG-E591DE55,available,1,,not_recorded,DEVZRV3RYH526AQQZLAOYXWY,1,0,not_recorded,visibility=visible;status=available;sellable_quantity=1,not_recorded,0,synced,,website_projection_missing;square_count_mismatch;kiosk_projection_not_recorded
1,connected,local-inventory-00bd2892-03b2-4034-bd1d-cc6e6eda320f,5abe691a-d9a6-e5ae-fc8d-ab31ec88ea3d,Opt,PUG-07333B02,removed,0,,not_recorded,BIMRSL24Y44MGFAAGXE7VZJC,0,0,not_recorded,visibility=visible;status=removed;sellable_quantity=0,not_recorded,0,synced,,website_projection_missing;kiosk_projection_not_recorded
1,connected,local-inventory-52506be0-b0ee-4d25-a272-6f4afbfe49d7,06e8a53f-36b1-a677-1853-f63045f08a82,Opt,PUG-E48433A7,available,1,,not_recorded,HMPG6MGRB66PPP3DXW3W4RLD,1,1,not_recorded,visibility=visible;status=available;sellable_quantity=1,not_recorded,0,synced,,website_projection_missing;kiosk_projection_not_recorded
1,connected,local-inventory-1eb4ea70-791c-4aff-9078-0c5c1918eb87,d67c1928-54f1-c10c-c976-befb0a361a12,"Godo, Bandit Warlord",PUG-C884D8A9,removed,0,,not_recorded,6O556C5FDQHQXQTQ5RDXQLWI,0,0,not_recorded,visibility=hidden;status=removed;sellable_quantity=0,not_recorded,0,synced,,website_projection_missing;kiosk_projection_not_recorded
1,connected,local-inventory-7431049f-2dac-4eee-b054-f3a61ea53dd2,8864f027-d44a-f0b8-07eb-2b971edcc823,"Kefka, Court Mage // Kefka, Ruler of Ruin",PUG-BD92810B,available,1,,not_recorded,PO2SSGORDFILHWSHETNGDWH7,1,0,not_recorded,visibility=visible;status=available;sellable_quantity=1,not_recorded,0,synced,,website_projection_missing;square_count_mismatch;kiosk_projection_not_recorded
1,connected,local-inventory-0b416de3-accb-414f-9ad0-0a70e44d6a67,4f3bb901-533f-3397-554b-53c514446b51,"Cloud, Midgar Mercenary",PUG-521E8241,available,1,,not_recorded,J5HKFCMWUXLV7IEF5LJ5626T,1,1,not_recorded,visibility=visible;status=available;sellable_quantity=1,not_recorded,0,synced,,website_projection_missing;kiosk_projection_not_recorded
1,connected,local-inventory-95675cd2-3061-4a62-865f-482f602a9547,a8a32b95-99ef-a19f-349a-9fbfc012568e,Galarian Moltres V,PUG-E48BEE10,available,1,,not_recorded,WM6UCY5WGSOGQITSNUS2UI3C,1,0,not_recorded,visibility=visible;status=available;sellable_quantity=1,not_recorded,0,synced,,website_projection_missing;square_count_mismatch;kiosk_projection_not_recorded
1,connected,local-inventory-3ac16f4e-802d-4188-9e5c-3d2970bb8975,bf599b89-b5b0-6144-ef08-8ca9ec86fbae,Solgaleo & Lunala-GX,PUG-2EB1A0EB,removed,0,,not_recorded,IYUFRGSIDP7JDRS2CTSKR7YY,0,0,not_recorded,visibility=hidden;status=removed;sellable_quantity=0,not_recorded,0,synced,,website_projection_missing;kiosk_projection_not_recorded
1,connected,local-inventory-c92abe2d-6d49-4c49-b355-c148064aecb4,32d9972b-0837-1ba0-e06b-2172698e6f7a,Bolas's Citadel,PUG-3D7C1B87,available,1,,not_recorded,H2WGDM35OYTRTBPPCEKPICM5,1,1,not_recorded,visibility=visible;status=available;sellable_quantity=1,not_recorded,0,no_sync_record,,website_projection_missing;kiosk_projection_not_recorded
1,connected,local-inventory-60244335-30ff-4155-ba51-80e5701a16cd,93228751-9dd4-82a3-7602-8b54117f312a,"Godo, Bandit Warlord",PUG-FCBC6E67,available,1,,not_recorded,CC4553A2VSL3C2XEQ2MPXO3Y,1,1,not_recorded,visibility=visible;status=available;sellable_quantity=1,not_recorded,0,synced,,website_projection_missing;kiosk_projection_not_recorded
1,connected,local-inventory-972e5b0f-ca66-43e2-a488-0d59d259d5d3,90ddc8cb-e7c2-e617-dabd-461a6c89c7d6,Quakebringer,PUG-29E90815,removed,0,,not_recorded,LB43GASP4KTHJGPJGXD7ATKD,0,0,not_recorded,visibility=hidden;status=removed;sellable_quantity=0,not_recorded,0,synced,,website_projection_missing;kiosk_projection_not_recorded
1,connected,local-inventory-0232ab08-8d00-42b2-9314-d1550bb32c2f,c6070808-32d4-3fea-a5c6-007054208619,Malevolent Rumble,PUG-1F0BBA031,available,1,,not_recorded,2KUNY2YOF7QQBKMUVAWXTHDI,1,0,not_recorded,visibility=visible;status=available;sellable_quantity=1,not_recorded,0,no_sync_record,,website_projection_missing;square_count_mismatch;kiosk_projection_not_recorded
1,connected,local-inventory-8308393a-4ce4-4ad4-ac91-61a46ea5a805,58ef6da6-c38a-a772-3654-ff3f7cf406c4,Malevolent Rumble,PUG-1F0BBA032,available,1,,not_recorded,A3ZRU6ECK3ZGBU3IJ7I2O762,1,0,not_recorded,visibility=visible;status=available;sellable_quantity=1,not_recorded,0,synced,,website_projection_missing;square_count_mismatch;kiosk_projection_not_recorded
1,connected,local-inventory-f2c33afb-854e-4450-b202-6fa6ce3ef5ac,98af39d5-8527-7a06-196f-27d6f9151f89,Walk the Aeons,PUG-22854FF3,available,1,,not_recorded,SY2QCE5NQCZBCNG4LVNFM3LW,1,0,not_recorded,visibility=visible;status=available;sellable_quantity=1,not_recorded,0,no_sync_record,,website_projection_missing;square_count_mismatch;kiosk_projection_not_recorded
1,connected,local-inventory-9b44dc7b-6d9b-40f2-a62e-5c2e4dee34ed,7b54f809-27dd-e300-416d-e244ef2cfa5b,Cascading Cataracts,PUG-FDCD4CF5,available,1,,not_recorded,KCLA6Z62AFFVLGO7IL5CFZTT,1,1,not_recorded,visibility=visible;status=available;sellable_quantity=1,not_recorded,0,synced,,website_projection_missing;kiosk_projection_not_recorded
1,connected,local-inventory-ff694fc2-0009-4f5e-a84c-7616471ea5f5,9bfed7f3-641e-6d26-691b-f66defee178a,Time Stop,PUG-E729F3EB,available,1,,not_recorded,NLU3DCEDWCSXEFYV2ATCFYW4,1,0,not_recorded,visibility=visible;status=available;sellable_quantity=1,not_recorded,0,synced,,website_projection_missing;square_count_mismatch;kiosk_projection_not_recorded
1,connected,local-inventory-c4195fd9-fe03-463f-b32c-00a22f65eacd,69e3fbc3-ac94-ef25-530b-ec17c555752e,Restoration Seminar,PUG-C4F92A57,available,1,,not_recorded,3BIDGCXN43AUODX3YJIIXFTB,1,0,not_recorded,visibility=visible;status=available;sellable_quantity=1,not_recorded,0,synced,,website_projection_missing;square_count_mismatch;kiosk_projection_not_recorded
1,connected,local-inventory-c25dd87f-8f17-4cd0-a01d-7de1d0a0a294,ca21d555-773f-3c46-2248-9abfd9efec00,Debtors' Knell,PUG-08CA59E8,available,1,,not_recorded,U7IJTPCEETMKX3IU53245JFK,1,0,not_recorded,visibility=visible;status=available;sellable_quantity=1,not_recorded,0,synced,,website_projection_missing;square_count_mismatch;kiosk_projection_not_recorded
1,connected,local-inventory-e158ed72-588c-450b-8a2c-b5e08205af80,,"Optimus Prime, Hero // Optimus Prime, Autobot Leader",PUG-84426A7E,pending_intake,1,,not_recorded,SRDS2UW4MB5FDHLOFRKFFWB7,0,0,not_recorded,visibility=visible;status=pending_intake;sellable_quantity=0,not_recorded,0,pending:operation_queue,,website_projection_missing;kiosk_projection_not_recorded
1,connected,local-inventory-2e2ecbd7-3d2f-4681-b557-38a82fbbef6b,599924bd-1c0c-a0b1-91b7-0aea1e3e4ca9,Brainstorm,PUG-E5AF3C85,available,1,,not_recorded,EE3RZTHXHM76XCBXMG6Z64RN,1,0,not_recorded,visibility=visible;status=available;sellable_quantity=1,not_recorded,0,synced,,website_projection_missing;square_count_mismatch;kiosk_projection_not_recorded
1,connected,local-inventory-3b3d4de9-98c5-44df-83b7-424116f850c5,3ed3b9b5-d9f9-08c4-da2e-1eb54e011ad5,Mist-Syndicate Naga,PUG-D3D1C63F,available,1,,not_recorded,OOJPJU5VT2F7KC26VVIYFCAK,1,1,not_recorded,visibility=visible;status=available;sellable_quantity=1,not_recorded,0,synced,,website_projection_missing;kiosk_projection_not_recorded
1,connected,local-inventory-b2de1912-b774-4f6d-885a-950a7f03ef0e,aadbac3e-4e84-ce14-c099-368738dc662b,Reliquary Tower,PUG-F4630283,available,1,,not_recorded,4IWG7VCDZTFPW4KHMVWRLXKH,1,0,not_recorded,visibility=visible;status=available;sellable_quantity=1,not_recorded,0,synced,,website_projection_missing;square_count_mismatch;kiosk_projection_not_recorded
1,connected,local-inventory-3956167d-da36-4a27-8525-efa7a17c06ef,dde97c37-a364-7b3f-4516-5ed1ca2030f5,In Garruk's Wake,PUG-761B2815,available,1,,not_recorded,JYH3OG5MVK7BB5NMO4OAMUGD,1,0,not_recorded,visibility=visible;status=available;sellable_quantity=1,not_recorded,0,no_sync_record,,website_projection_missing;square_count_mismatch;kiosk_projection_not_recorded
1,connected,local-inventory-1aab0e06-04f0-4966-b2ef-e079517c538b,53454296-be38-09bd-76a7-bdc94dded51a,Ingenious Infiltrator,PUG-7A9914D8,available,1,,not_recorded,6UH7EYW5GW7EKVVVPYGNCYE4,1,0,not_recorded,visibility=visible;status=available;sellable_quantity=1,not_recorded,0,synced,,website_projection_missing;square_count_mismatch;kiosk_projection_not_recorded
1,connected,local-inventory-c8118b77-c78c-4a76-81a9-a15188466318,75ddc94e-329a-d522-fa76-e6ce13de27c4,Authority of the Consuls,PUG-83F6DC65,available,1,,not_recorded,USGGRWPFTYP6ER3FXNJNRNEJ,1,0,not_recorded,visibility=visible;status=available;sellable_quantity=1,not_recorded,0,no_sync_record,,website_projection_missing;square_count_mismatch;kiosk_projection_not_recorded
1,connected,local-inventory-a1cce0a0-e325-4bc7-a3f0-5845bc6d7f9b,6fa06dde-158b-a0dd-a82f-107ffd6e20f2,Cosmos Elixir,PUG-AB5D123B,available,1,,not_recorded,QGBBBT7FCMGJWHII7NQDCQII,1,0,not_recorded,visibility=visible;status=available;sellable_quantity=1,not_recorded,0,synced,,website_projection_missing;square_count_mismatch;kiosk_projection_not_recorded
1,connected,local-inventory-dc5a7e4b-8145-401f-895a-f0681a82b4e9,9fd12273-611a-a5d1-97bd-3941c898c941,Suture Priest,PUG-5C8E1840,available,1,,not_recorded,G2TAUTZVVN2TGV5FVWQBAOIR,1,0,not_recorded,visibility=visible;status=available;sellable_quantity=1,not_recorded,0,no_sync_record,,website_projection_missing;square_count_mismatch;kiosk_projection_not_recorded
1,connected,local-inventory-b12981d1-3adf-466b-9b40-cac48349fb15,9a160fff-4f35-bb79-9c3e-0477dc3e17a7,Unstoppable Slasher,PUG-F4DA6C9C,available,1,,not_recorded,WGCKPIHJBFWUUII3YT6GHKTT,1,1,not_recorded,visibility=visible;status=available;sellable_quantity=1,not_recorded,0,synced,,website_projection_missing;kiosk_projection_not_recorded
1,connected,local-inventory-e7700e56-cfa0-4208-9137-c13b2cdcbed4,8bc62d27-1feb-e4ac-3829-883203250600,"Vraska, Betrayal's Sting",PUG-B2432D98,available,1,,not_recorded,MPCXEJFZRINDUS3GW2UZFEPS,1,0,not_recorded,visibility=visible;status=available;sellable_quantity=1,not_recorded,0,no_sync_record,,website_projection_missing;square_count_mismatch;kiosk_projection_not_recorded
1,connected,local-inventory-d6a296e1-158a-42f6-8074-24a2e09b389a,7901163f-ef53-e317-4e68-741eccb82153,"Syr Ginger, the Meal Ender",PUG-F806BE10,available,1,status=available;quantity=1;online=visible;kiosk=visible,not_recorded,HT3CZROVUSQNCYUBHNRWJIRI,1,1,not_recorded,visibility=visible;status=available;sellable_quantity=1,not_recorded,0,synced,,kiosk_projection_not_recorded
1,connected,local-inventory-b86d3ca6-52e6-4cd3-8aed-461eeb09abb7,765f21ab-e420-d177-9445-cb2cfbdf5d4e,Solgaleo & Lunala-GX,PUG-3DF80565,available,1,,not_recorded,2ID4X7V6SM2TOSF4WDVGQH76,1,1,not_recorded,visibility=visible;status=available;sellable_quantity=1,not_recorded,0,no_sync_record,,website_projection_missing;kiosk_projection_not_recorded
1,connected,local-inventory-ef01a2ff-ccbf-4ab1-9830-7d238022d789,630de700-9353-0613-e111-98cb8444c481,Galarian Moltres V,PUG-6E0F9A36,available,1,,not_recorded,FHOT6AVU5DBOFOVMYCBXQWXZ,1,1,not_recorded,visibility=visible;status=available;sellable_quantity=1,not_recorded,0,no_sync_record,,website_projection_missing;kiosk_projection_not_recorded
1,connected,local-inventory-1d945cef-ec6f-46d6-ba7e-e4030da36e44,0547c00f-b28e-9e02-efcd-07a1bcc869f9,Stakataka-GX,PUG-DCD064D5,available,1,,not_recorded,ON5FN6KMDSGN2VOOVDAKGTVA,1,0,not_recorded,visibility=visible;status=available;sellable_quantity=1,not_recorded,0,no_sync_record,,website_projection_missing;square_count_mismatch;kiosk_projection_not_recorded
1,connected,local-inventory-52067450-1650-4395-8b8c-292f5cd95c4c,6103091f-9d75-22b4-bab5-7d20bd363728,Carbink,PUG-5CFD29BA1,available,1,status=available;quantity=1;online=visible;kiosk=visible,not_recorded,CSV7YOFEAWWJR5XB5SROGPRL,1,1,not_recorded,visibility=visible;status=available;sellable_quantity=1,not_recorded,0,synced,,kiosk_projection_not_recorded
1,connected,local-inventory-a3f051fa-4f31-4192-a789-9a84d3c3350f,c0e84a91-4953-b7bc-9971-c8f420f80372,Carbink,PUG-5CFD29BA2,available,1,status=available;quantity=1;online=visible;kiosk=visible,not_recorded,LMIHJB35B3JVZXCLQCWTW53U,1,1,not_recorded,visibility=visible;status=available;sellable_quantity=1,not_recorded,0,synced,,kiosk_projection_not_recorded
1,connected,local-inventory-ae3b85c8-0d47-4f4d-ad4d-5cc25991cec9,b157dc4e-3dce-2ebb-3ce3-ed41a8d6305f,Palafin,PUG-3F30DBAD1,available,1,,not_recorded,UXF2AIX7W7JZYFUEGJUVB5AW,1,0,not_recorded,visibility=visible;status=available;sellable_quantity=1,not_recorded,0,synced,,website_projection_missing;square_count_mismatch;kiosk_projection_not_recorded
1,connected,local-inventory-9caf991b-edb8-4b93-a6cd-7340310789c2,d7d76f79-e2e7-1816-00ce-dc511c22096e,Palafin,PUG-3F30DBAD2,available,1,,not_recorded,GHDBQQMICCFVYZSDXXERG4Q4,1,0,not_recorded,visibility=visible;status=available;sellable_quantity=1,not_recorded,0,synced,,website_projection_missing;square_count_mismatch;kiosk_projection_not_recorded
1,connected,local-inventory-fd7f2717-0b6f-4f46-80c7-6ee276ee2d0b,9a9d3fa2-7766-07e1-e75d-7e1a09a91cdf,Doublade,PUG-822870E31,available,1,,not_recorded,APYBSDA7YERYS54GCO2PKUI4,1,0,not_recorded,visibility=visible;status=available;sellable_quantity=1,not_recorded,0,synced,,website_projection_missing;square_count_mismatch;kiosk_projection_not_recorded
1,connected,local-inventory-5c65cf7b-d364-4a38-adf9-7fe046249beb,961ae10a-3045-54b4-a7bd-089db12654ca,Doublade,PUG-822870E32,available,1,,not_recorded,WX5OHBCUHJS6CSMZVWNKAMLA,1,0,not_recorded,visibility=visible;status=available;sellable_quantity=1,not_recorded,0,synced,,website_projection_missing;square_count_mismatch;kiosk_projection_not_recorded
1,connected,local-inventory-f5780023-a538-46aa-97d9-61fd15121f5e,eeed95da-b8d6-bbaf-6e51-e3cfc366fc65,Fennekin,PUG-3CE651E61,available,1,,not_recorded,SA2B7QWCV5JMQXIWXFU2TCUU,1,0,not_recorded,visibility=visible;status=available;sellable_quantity=1,not_recorded,0,synced,,website_projection_missing;square_count_mismatch;kiosk_projection_not_recorded
1,connected,local-inventory-1b61092a-0c50-4b20-a33a-38dfdf0714db,a81aff34-3993-fbe7-3df7-ba9174f6a1c5,Fennekin,PUG-3CE651E62,available,1,,not_recorded,P7YWQNWW2RDX2QNEMB4MXYAY,1,0,not_recorded,visibility=visible;status=available;sellable_quantity=1,not_recorded,0,no_sync_record,,website_projection_missing;square_count_mismatch;kiosk_projection_not_recorded
1,connected,local-inventory-8683be2e-39e3-4dbb-b9a7-d41643df60db,603fa222-c5b7-4a9d-66f0-aabf573c2c57,Psyduck,PUG-BE93DCD0,available,1,,not_recorded,WGCPRK3VPUA6H7NP57PECNEW,1,1,not_recorded,visibility=visible;status=available;sellable_quantity=1,not_recorded,0,synced,,website_projection_missing;kiosk_projection_not_recorded
1,connected,local-inventory-fb69c4e9-b542-4ce4-827a-d9835f7bf1e3,74668469-dbca-8b58-f0d0-22b52e1a585f,Blue's Tactics,PUG-AFFC7CCF,available,1,,not_recorded,436I2Z3DT6MSTPYJFSN2U3QV,1,0,not_recorded,visibility=visible;status=available;sellable_quantity=1,not_recorded,0,synced,,website_projection_missing;square_count_mismatch;kiosk_projection_not_recorded
1,connected,local-inventory-3f889028-05a6-4433-b054-71262e8e83d9,9eefe833-e9c2-601a-0b26-c605283efc00,Gothita,PUG-6E0952EC,available,1,,not_recorded,7LM36UIVDNUKQVRMM2D5U5FN,1,0,not_recorded,visibility=visible;status=available;sellable_quantity=1,not_recorded,0,synced,,website_projection_missing;square_count_mismatch;kiosk_projection_not_recorded
1,connected,local-inventory-8a2741de-76b2-43a1-b2a5-658d38092c9c,fe8dc92a-51df-76f0-4f0a-b3aea2ff62b7,Poké Kid,PUG-A4B2D463,available,1,,not_recorded,NFWJOXRPYBYQ2BAF2YOGEQ2S,1,1,not_recorded,visibility=visible;status=available;sellable_quantity=1,not_recorded,0,no_sync_record,,website_projection_missing;kiosk_projection_not_recorded
1,connected,local-inventory-20429e13-64a9-4fc4-b613-20d65a61c828,1ea731c3-8bc4-dfa3-691b-3e6047a87297,Larvesta,PUG-FC6D88D9,available,1,,not_recorded,DHEPDV75XCX3AXZNSCG2KD67,1,0,not_recorded,visibility=visible;status=available;sellable_quantity=1,not_recorded,0,synced,,website_projection_missing;square_count_mismatch;kiosk_projection_not_recorded
1,connected,local-inventory-5f01d88d-f53b-4f57-ab4b-948c02c09f7e,d0822bf5-ca80-e64f-ed02-853efec5180a,Froakie,PUG-7869BACD,available,1,,not_recorded,PRFXXGPMAVMSQFDN6BSB45EM,1,0,not_recorded,visibility=visible;status=available;sellable_quantity=1,not_recorded,0,synced,,website_projection_missing;square_count_mismatch;kiosk_projection_not_recorded
1,connected,local-inventory-71242b69-96e3-4c67-a592-248f84598008,dd3010de-22cc-c796-0690-2ce45bc603c9,Frogadier,PUG-4D2D477F,available,1,,not_recorded,QL2HTMWK5OARICYKNNN66HWN,1,1,not_recorded,visibility=visible;status=available;sellable_quantity=1,not_recorded,0,no_sync_record,,website_projection_missing;kiosk_projection_not_recorded
1,connected,local-inventory-6b81ba2b-808a-4fa6-bfa7-be2d811a996d,d236e64f-1ecd-6a4a-5935-2f2819968d22,Wattrel,PUG-82B16D78,available,1,,not_recorded,AWS2O6JYD3LQ26DS2OZH25UZ,1,0,not_recorded,visibility=visible;status=available;sellable_quantity=1,not_recorded,0,synced,,website_projection_missing;square_count_mismatch;kiosk_projection_not_recorded
1,connected,local-inventory-e9fc77c9-e3f0-4e12-ae1d-e33ac06c77f1,64de8a53-c882-9c1a-7f46-c5e1f6727b39,Tauros,PUG-6941F05A,available,1,,not_recorded,CSDAKCV27TCKIE3GRC7NPCSM,1,0,not_recorded,visibility=visible;status=available;sellable_quantity=1,not_recorded,0,synced,,website_projection_missing;square_count_mismatch;kiosk_projection_not_recorded
1,connected,local-inventory-5e514797-7557-459e-a5ea-fb682f59cf9d,2f9e7929-4e06-2111-8e91-699cad0147d0,Toedscool,PUG-ECB434B1,available,1,status=available;quantity=1;online=visible;kiosk=visible,not_recorded,KQXT2SM55CDO2WTUDZZOX26G,1,1,not_recorded,visibility=visible;status=available;sellable_quantity=1,not_recorded,0,synced,,kiosk_projection_not_recorded
1,connected,local-inventory-0d792c9f-bf0c-4fe9-9386-ae29356cdc31,6789d77d-54e9-9b17-5c30-b1e1aab1d12b,Victini,PUG-5C6CB3161,available,1,,not_recorded,OYK3TB7CVGBPZ4ASOXBCEQ5H,1,0,not_recorded,visibility=visible;status=available;sellable_quantity=1,not_recorded,0,synced,,website_projection_missing;square_count_mismatch;kiosk_projection_not_recorded
1,connected,local-inventory-6877ecd3-ec70-423b-adc8-6836129cef34,9da5e7ef-39cb-88dd-9af8-111322ec0348,Victini,PUG-5C6CB3162,available,1,,not_recorded,2NSVK44ETL74T4575MA53Q36,1,1,not_recorded,visibility=visible;status=available;sellable_quantity=1,not_recorded,0,no_sync_record,,website_projection_missing;kiosk_projection_not_recorded
1,connected,local-inventory-309ecf21-eb2d-4b1a-b7ea-8907ddbe5aeb,874d2d90-9157-dbcb-2133-d221a0ca14c2,Victini,PUG-5C6CB3163,available,1,,not_recorded,X5NRRY64PZPSNYCENIHIJHVT,1,0,not_recorded,visibility=visible;status=available;sellable_quantity=1,not_recorded,0,no_sync_record,,website_projection_missing;square_count_mismatch;kiosk_projection_not_recorded
1,connected,local-inventory-c735ec80-ef6f-4411-92f6-e40840cdcd69,6a569c7d-7524-deac-e429-7953e187a9e6,Victini,PUG-5C6CB3164,available,1,,not_recorded,TN6TTKJWIFIVYQSJWU5DLFBM,1,0,not_recorded,visibility=visible;status=available;sellable_quantity=1,not_recorded,0,synced,,website_projection_missing;square_count_mismatch;kiosk_projection_not_recorded
1,connected,local-inventory-e610c62f-a2eb-4b30-a9f2-bd63724e62f4,20d25db0-1595-8133-6ea9-af1a732e78ba,Bulbasaur,PUG-043B9E941,available,1,status=available;quantity=1;online=visible;kiosk=visible,not_recorded,LNRTLJVADLNNDJRJ5EDJ4LY3,1,1,not_recorded,visibility=visible;status=available;sellable_quantity=1,not_recorded,0,synced,,kiosk_projection_not_recorded
1,connected,local-inventory-a42fb86e-bca4-4393-9527-2596526ebf05,532d25dd-cf5b-1f68-5b0d-7aa5c3b3d97d,Bulbasaur,PUG-043B9E942,available,1,status=available;quantity=1;online=visible;kiosk=visible,not_recorded,7P44SIH3JAZABZNSINEUCRRT,1,1,not_recorded,visibility=visible;status=available;sellable_quantity=1,not_recorded,0,synced,,kiosk_projection_not_recorded
1,connected,local-inventory-c0ac3d26-a0e3-4049-8093-8eea9eaafbb9,ee6582b3-1503-9099-fba9-627215cc79e1,Bulbasaur,PUG-043B9E943,available,1,status=available;quantity=1;online=visible;kiosk=visible,not_recorded,D77E2I2SPEFIBDWHHSN5JMO7,1,1,not_recorded,visibility=visible;status=available;sellable_quantity=1,not_recorded,0,synced,,kiosk_projection_not_recorded
1,connected,local-inventory-e4e5d6d4-76fd-485e-8001-ee13315ff937,d6a98c6d-21fe-8549-134f-2ecc8b815982,Bulbasaur,PUG-043B9E944,available,1,status=available;quantity=1;online=visible;kiosk=visible,not_recorded,UHZ5SWJ37HFOWNZBUZO2MLM7,1,1,not_recorded,visibility=visible;status=available;sellable_quantity=1,not_recorded,0,synced,,kiosk_projection_not_recorded
1,connected,local-inventory-56790be7-acf5-456c-a223-a264d4304ecf,44aa449a-00dd-84a0-6904-3619124b8b67,Bulbasaur,PUG-043B9E945,available,1,status=available;quantity=1;online=visible;kiosk=visible,not_recorded,ROIW6QIQHUNONWSY6QUT6CFJ,1,1,not_recorded,visibility=visible;status=available;sellable_quantity=1,not_recorded,0,synced,,kiosk_projection_not_recorded
1,connected,local-inventory-22ed0d84-ba99-4743-abe7-d00df26977d8,fdb42898-22e0-69c4-70d1-8c788cc3e312,Bulbasaur,PUG-043B9E946,available,1,status=available;quantity=1;online=visible;kiosk=visible,not_recorded,R4KE46U7VRKEUQJXE7Q2ZBMO,1,1,not_recorded,visibility=visible;status=available;sellable_quantity=1,not_recorded,0,synced,,kiosk_projection_not_recorded
1,connected,local-inventory-3873def7-7b03-4661-b24e-50f9962d9636,dd7cd465-c39a-7419-a885-af1a4720fe6c,Tornadus,PUG-357458F1,available,1,,not_recorded,COAOFSL7CPCIIPPHKRAR7RTY,1,0,not_recorded,visibility=visible;status=available;sellable_quantity=1,not_recorded,0,synced,,website_projection_missing;square_count_mismatch;kiosk_projection_not_recorded
1,connected,local-inventory-2a82df4d-ce0d-4fee-a546-de1991f256f8,b681ed83-c2e5-285b-c54d-3a6efc808f20,Mienshao,PUG-4EFEEBAE,available,1,,not_recorded,XQ7GLMJTNC44QKMWRTML4VOY,1,0,not_recorded,visibility=visible;status=available;sellable_quantity=1,not_recorded,0,synced,,website_projection_missing;square_count_mismatch;kiosk_projection_not_recorded
1,connected,local-inventory-107ed089-4072-4e91-b10d-38e397a7cfd0,51db2134-2e89-02e1-ab5f-1cc28b91192b,Turtonator,PUG-AC06006A,available,1,,not_recorded,UD3D22SROSP4Z4J7CYLBIR3N,1,0,not_recorded,visibility=visible;status=available;sellable_quantity=1,not_recorded,0,synced,,website_projection_missing;square_count_mismatch;kiosk_projection_not_recorded
1,connected,local-inventory-dcb2624d-aa1a-4c9e-9852-efb44ee75938,e28fb4f5-e1d3-0394-b721-660227bb9735,Tyrunt,PUG-C3B2BAEA,available,1,,not_recorded,GIBCM4USBCJU4IYU5JZN6Y2S,1,0,not_recorded,visibility=visible;status=available;sellable_quantity=1,not_recorded,0,synced,,website_projection_missing;square_count_mismatch;kiosk_projection_not_recorded
1,connected,local-inventory-3b608cb0-720e-47c4-9d0f-086354e43416,24401c4d-78f9-2c50-4bf5-4b9b54242d08,Toxtricity,PUG-CFD5AE18,available,1,,not_recorded,IBOADVZJH7SVYQOT4UTSEDZA,1,0,not_recorded,visibility=visible;status=available;sellable_quantity=1,not_recorded,0,synced,,website_projection_missing;square_count_mismatch;kiosk_projection_not_recorded
1,connected,local-inventory-76e044b1-b57c-4aa7-85fc-ccd62f611cba,83358303-da55-7102-f048-0a05774ef45c,Starmie,PUG-A24753E6,available,1,,not_recorded,SNQLH6EIQYIMDFF5DU44RUR6,1,0,not_recorded,visibility=visible;status=available;sellable_quantity=1,not_recorded,0,synced,,website_projection_missing;square_count_mismatch;kiosk_projection_not_recorded
1,connected,local-inventory-1353ca52-1263-476a-8ebc-b3721f031ed9,ddff977d-e40e-f06b-89bc-cdc740f50afc,Galarian Sirfetch'd,PUG-95564039,available,1,,not_recorded,XJPDXOAQPHD6PFBTDYICWRA6,1,0,not_recorded,visibility=visible;status=available;sellable_quantity=1,not_recorded,0,synced,,website_projection_missing;square_count_mismatch;kiosk_projection_not_recorded
1,connected,local-inventory-b4fadb83-ba38-467c-bbd5-142cf71c2c67,3db41718-3a39-9f84-750e-2f5af18ee2f9,Shroodle,PUG-215FD99B,available,1,,not_recorded,RPTVOVM5PJ5GIVEETO7YQT6F,1,0,not_recorded,visibility=visible;status=available;sellable_quantity=1,not_recorded,0,synced,,website_projection_missing;square_count_mismatch;kiosk_projection_not_recorded
1,connected,local-inventory-fb2285d2-40c7-4443-aa45-44215dba3248,5f6e72d1-5a79-2635-445e-f4dca4301416,Shedinja,PUG-6F9F4D46,available,1,,not_recorded,5HPDPODVJRH4NB6WUNYSJVJ5,1,0,not_recorded,visibility=visible;status=available;sellable_quantity=1,not_recorded,0,synced,,website_projection_missing;square_count_mismatch;kiosk_projection_not_recorded
1,connected,local-inventory-052eab28-4f59-4b5e-a903-4f6b3f4f0388,d3eb29e2-c83e-96c9-6e97-43652a955b7c,Delibird,PUG-C5C28FF4,available,1,,not_recorded,ZUBDTLIAMMA4KOUPO3ABXFCS,1,1,not_recorded,visibility=visible;status=available;sellable_quantity=1,not_recorded,0,no_sync_record,,website_projection_missing;kiosk_projection_not_recorded
1,connected,local-inventory-e0850616-3929-4850-9d6e-8d62b4b4378a,c24ac931-e55f-056b-e4de-a40d7cd31e04,Crobat,PUG-6C7A0D3F,available,1,,not_recorded,WFSUOITPBBJAF4OAXBETIFAS,1,0,not_recorded,visibility=visible;status=available;sellable_quantity=1,not_recorded,0,synced,,website_projection_missing;square_count_mismatch;kiosk_projection_not_recorded
1,connected,local-inventory-da6cf39c-ff22-4bc5-b2c9-e8a69c74ecfd,bb41fda2-8305-62a6-8ce1-ac8b1fa0d3f2,Dedenne,PUG-7B389C82,available,1,status=available;quantity=1;online=visible;kiosk=visible,not_recorded,OBS6CGKFLFDK4VVTEQX5XUY3,1,1,not_recorded,visibility=visible;status=available;sellable_quantity=1,not_recorded,0,synced,,kiosk_projection_not_recorded
1,connected,local-inventory-00700382-e532-4128-85d9-0abd18103bdf,cbf8ea9c-a1b6-743f-5133-2f293bbb409d,Espurr,PUG-3C31FBE3,available,1,,not_recorded,3ZOUV6IH3ZYMRRXMJ7J35RBE,1,1,not_recorded,visibility=visible;status=available;sellable_quantity=1,not_recorded,0,no_sync_record,,website_projection_missing;kiosk_projection_not_recorded
1,connected,local-inventory-7e4b3a15-9339-4590-91db-af050f3a18b8,56b35278-d116-48c9-1a24-0d271a075597,Spewpa,PUG-F3337111,available,1,,not_recorded,KCOSAHJXPMW6RCK52XMZTF4Q,1,0,not_recorded,visibility=visible;status=available;sellable_quantity=1,not_recorded,0,synced,,website_projection_missing;square_count_mismatch;kiosk_projection_not_recorded
1,connected,local-inventory-fcc6a87f-479a-4fab-b97a-2bd43a222c3d,540ec417-e5a6-4a02-fd99-8e09ad61a998,Metang,PUG-8D3C8C70,available,1,,not_recorded,HD3GC3FSWNHK2RI6HEMQFTRA,1,0,not_recorded,visibility=visible;status=available;sellable_quantity=1,not_recorded,0,no_sync_record,,website_projection_missing;square_count_mismatch;kiosk_projection_not_recorded
1,connected,local-inventory-c1c36f52-5706-4e68-91e5-8fd38e133d6b,9f34efda-de06-fb5c-a41b-ee3bc97f1c01,Cramorant,PUG-0713C6CD,available,1,,not_recorded,DB43TOOZNJJKR7SWD2WVETJ5,1,0,not_recorded,visibility=visible;status=available;sellable_quantity=1,not_recorded,0,synced,,website_projection_missing;square_count_mismatch;kiosk_projection_not_recorded
1,connected,local-inventory-fa84d186-73d6-4e00-aa52-e2c95e4aecd8,bd3b94b1-ada3-f24f-7ba9-fa2f2691161d,Claydol,PUG-3A9AFFC9,available,1,,not_recorded,AX4YKCANMOLPIKE7NQJHFNKV,1,0,not_recorded,visibility=visible;status=available;sellable_quantity=1,not_recorded,0,synced,,website_projection_missing;square_count_mismatch;kiosk_projection_not_recorded
1,connected,local-inventory-3f0474c6-f8ad-4a9f-a064-fbc9d4f93697,97792595-02d5-26c3-78b4-f2ff1d4872b5,Sliggoo,PUG-9105F6DC,available,1,status=available;quantity=1;online=visible;kiosk=visible,not_recorded,QAKLVJBKOVCOG4BT7JKWI55H,1,1,not_recorded,visibility=visible;status=available;sellable_quantity=1,not_recorded,0,synced,,kiosk_projection_not_recorded
1,connected,local-inventory-1f606933-d5c2-4194-ae65-01f5cd7d8d76,b31218a9-1181-0d22-bbe9-1b00f94e7684,Mega Pyroar ex,PUG-392F94D8,available,1,,not_recorded,PA56MSTR6OBNJGLCD2CCY4WJ,1,0,not_recorded,visibility=visible;status=available;sellable_quantity=1,not_recorded,0,synced,,website_projection_missing;square_count_mismatch;kiosk_projection_not_recorded
1,connected,local-inventory-d7a552ee-7e54-41bf-b225-01ef59c923bf,7353145c-c0c6-17a9-ebbc-8ba490fd73b8,Mega Floette ex,PUG-47B8E16F,available,1,,not_recorded,QNTKB5ZK6ITHH56AOPBU67WK,1,0,not_recorded,visibility=visible;status=available;sellable_quantity=1,not_recorded,0,synced,,website_projection_missing;square_count_mismatch;kiosk_projection_not_recorded
1,connected,local-inventory-4438437a-d5b7-449e-b81f-e915a4d027ec,b5fcac4a-ee1a-4571-8b43-b5cd7925c1da,Skwovet,PUG-7B970D81,available,1,,not_recorded,UOZ46FSF77KNUPI4CRMK2Q7Z,1,0,not_recorded,visibility=visible;status=available;sellable_quantity=1,not_recorded,0,no_sync_record,,website_projection_missing;square_count_mismatch;kiosk_projection_not_recorded
1,connected,local-inventory-a1301a2c-4ce1-49e0-839a-487082981d35,afeead53-6174-c9fd-9852-1ff3a447d3d3,Iron Treads ex,PUG-A2404610,available,1,,not_recorded,IJ42O4Z7DVXI3T2TNN6NMAFG,1,1,not_recorded,visibility=visible;status=available;sellable_quantity=1,not_recorded,0,no_sync_record,,website_projection_missing;kiosk_projection_not_recorded
1,connected,local-inventory-cd0a66e0-c2e1-4bc8-bed8-8a1d9ebbf390,bc7d961d-1d5f-4e5f-0c38-d4dda96cf361,Teal Mask Ogerpon,PUG-11A76FD2,available,1,status=available;quantity=1;online=visible;kiosk=visible,not_recorded,LTJQOFLVDKYRASVXBDFTP5VS,1,1,not_recorded,visibility=visible;status=available;sellable_quantity=1,not_recorded,0,synced,,kiosk_projection_not_recorded
1,connected,local-inventory-2d3fa9dd-b1a2-4eb2-a71d-25dbb63805c7,11675ebe-997b-25e1-18f5-16ee5c98bab5,Meowth ex,PUG-3FD548E8,available,1,status=available;quantity=1;online=visible;kiosk=visible,not_recorded,5CAZR5Q3E6ETSAOPK6IRFT2P,1,1,not_recorded,visibility=visible;status=available;sellable_quantity=1,not_recorded,0,synced,,kiosk_projection_not_recorded
1,connected,,c66dc1c6-cd05-3429-98ee-a5bc4e34e83e,Victini ex,PUG-4536F0E6,,,status=available;quantity=1;online=visible;kiosk=visible,remote_only,DCY33EKB4FTAYXN6UNN7K4J2,,0,not_recorded,,no_internal_item,0,untracked_remote_item,,internal_item_missing
1,connected,,06947c32-5b17-afd5-9796-6939f380cc3c,Gardevoir ex,PUG-D6E26A14,,,status=available;quantity=1;online=visible;kiosk=visible,remote_only,HFOINIQLUOBATZPQOEJY6YUU,,0,not_recorded,,no_internal_item,0,untracked_remote_item,,internal_item_missing
1,connected,,99c721f0-9540-c082-9e12-1db5d67fee15,The Walls of Ba Sing Se,PUG-328CBC57,,,status=available;quantity=1;online=visible;kiosk=visible,remote_only,TK4CJL2SZ3FHGIUKGCNLVA7Q,,0,not_recorded,,no_internal_item,0,untracked_remote_item,,internal_item_missing
1,connected,,0336c869-7610-b3a2-4615-0a37af5c92bf,Return of the Wildspeaker,PUG-5E24B715,,,status=available;quantity=1;online=visible;kiosk=visible,remote_only,5UOVT4JOKK3RW4RO44UXRUFA,,0,not_recorded,,no_internal_item,0,untracked_remote_item,,internal_item_missing
1,connected,,59de1378-f863-f519-1d76-74cd9472394a,Unnatural Growth,PUG-8D9F51E9,,,status=available;quantity=1;online=visible;kiosk=visible,remote_only,MBT5SFQ7HU3R4GSZPT2KOR73,,0,not_recorded,,no_internal_item,0,untracked_remote_item,,internal_item_missing
1,connected,,c889928b-9f83-03e8-dbd1-64380a185bdb,Elemental Bond,PUG-C4D93055,,,status=available;quantity=1;online=visible;kiosk=visible,remote_only,SDNLCXLEPVX5JGKU34EGTU7Z,,0,not_recorded,,no_internal_item,0,untracked_remote_item,,internal_item_missing
1,connected,,76203285-9126-b351-1123-bf67efbcaf83,Ba Sing Se,PUG-B62D76F3,,,status=available;quantity=1;online=visible;kiosk=visible,remote_only,4ERU5SUHOZ7T4IOJ7SL5RM5B,,0,not_recorded,,no_internal_item,0,untracked_remote_item,,internal_item_missing
1,connected,,8309805e-b65e-2216-cd22-2b838946f0f4,Sol Ring,PUG-5666BDB7,,,status=available;quantity=1;online=visible;kiosk=visible,remote_only,EBMUYGNXMOO5XYZEBA52NL4H,,0,not_recorded,,no_internal_item,0,untracked_remote_item,,internal_item_missing
1,connected,,355725fc-149e-8dce-d467-728afba05a94,Tectonic Split,PUG-45CC74D0,,,status=available;quantity=1;online=visible;kiosk=visible,remote_only,RKLBT7P4ODSL7H2FVFCZZ4FR,,0,not_recorded,,no_internal_item,0,untracked_remote_item,,internal_item_missing
1,connected,,bb0cfb68-62f9-5afd-ff65-15c136a19adf,Earthbender Ascension,PUG-73845A1C,,,status=available;quantity=1;online=visible;kiosk=visible,remote_only,ZS2T27FHS2TUHRIQN7B6GR3J,,1,not_recorded,,no_internal_item,0,untracked_remote_item,,internal_item_missing
1,connected,,15e266ed-41ff-fbda-5f81-f0cc13e89a67,Sphere Grid,PUG-1F2D43C9,,,status=available;quantity=1;online=visible;kiosk=visible,remote_only,OKSF7SHNC6BWVKCZZTK7LNHB,,0,not_recorded,,no_internal_item,0,untracked_remote_item,,internal_item_missing
1,connected,,050d00f5-f4b5-c790-4573-902a9ae53d9d,The Earth Crystal,PUG-4C4674BC,,,status=available;quantity=1;online=visible;kiosk=visible,remote_only,X4IGM6HVJ565B7JV3UFTCUSH,,0,not_recorded,,no_internal_item,0,untracked_remote_item,,internal_item_missing
1,connected,,f62c844f-7201-05b2-d9fb-7f340a85ee3c,Boundless Realms,PUG-53555329,,,status=available;quantity=1;online=visible;kiosk=visible,remote_only,VGFUATJ6VM7JKMGTE6SIYEZL,,0,not_recorded,,no_internal_item,0,untracked_remote_item,,internal_item_missing
1,connected,,c5e5e00a-b9c4-ae25-a9c4-000a1ecb2860,Bear Umbra,PUG-78709F62,,,status=available;quantity=1;online=visible;kiosk=visible,remote_only,SZM5F3Q7F7QV5CSWLKLYVGCD,,0,not_recorded,,no_internal_item,0,untracked_remote_item,,internal_item_missing
1,connected,,35a42e00-0ffc-b4b5-f431-4679b9a7fa83,Badgermole Cub,PUG-8A8F110D,,,status=available;quantity=1;online=visible;kiosk=visible,remote_only,IG2P5DHED5B2RLBRLPSE2N3K,,0,not_recorded,,no_internal_item,0,untracked_remote_item,,internal_item_missing
1,connected,,25e303ab-39b6-e956-e094-8227a305765d,Swiftfoot Boots,PUG-ECA927C8,,,status=available;quantity=1;online=visible;kiosk=visible,remote_only,6J3YV5ZCRJZUXD2JGUQZLRMT,,0,not_recorded,,no_internal_item,0,untracked_remote_item,,internal_item_missing
1,connected,,48152ae5-1650-d72f-46cc-6b0951fa5ec2,Nature's Rhythm,PUG-9C16B218,,,status=available;quantity=1;online=visible;kiosk=visible,remote_only,Z2I47SU4IDGFXUN2ZGFWCPNJ,,0,not_recorded,,no_internal_item,0,untracked_remote_item,,internal_item_missing
1,connected,,923bb548-7eeb-70da-d3bb-2dc348b97f01,The Great Henge,PUG-2D43FD1A,,,status=available;quantity=1;online=visible;kiosk=visible,remote_only,G2POH5O5R3KEXFOCQSS5W5V4,,0,not_recorded,,no_internal_item,0,untracked_remote_item,,internal_item_missing
1,connected,,fc7c40b0-d42e-a0a4-a4c2-0187ff99da45,Arcane Signet,PUG-EAF58AF7,,,status=available;quantity=1;online=visible;kiosk=visible,remote_only,4UN36S7HC3Y6QYO67XNXRCTN,,0,not_recorded,,no_internal_item,0,untracked_remote_item,,internal_item_missing
1,connected,,82bd19d8-e883-5032-6ea3-f9cc101eeb69,Beastmaster Ascension,PUG-87486E4C,,,status=available;quantity=1;online=visible;kiosk=visible,remote_only,4A65A3DXBAOMQSBF35MIE3WA,,0,not_recorded,,no_internal_item,0,untracked_remote_item,,internal_item_missing
